#VRML V2.0 utf8
DEF TXFM_1 Transform {
  center 0 0 0
  rotation 0 0 1 0
  scale 1 1 1
  scaleOrientation 0 0 1 0
  translation 0 0 0
 children [
DEF TXFM_2 Transform {
  center 0 0 0
  rotation 0 0 1 0
  scale 1 1 1
  scaleOrientation 0 0 1 0
  translation 0 0 0
 children [
DEF TXFM_3 Transform {
  center 0 0 0
  rotation 0 0 1 0
  scale 1 1 1
  scaleOrientation 0 0 1 0
  translation 0 0 0
 children [
DEF SHAPE_1 Shape {
 appearance DEF APP_1 Appearance {
  material Material {
   ambientIntensity 0.16666666
   diffuseColor 0.60000002 0.60000002 0.60000002
   emissiveColor 0 0 0
   shininess 0.050000001
   specularColor 0.039999999 0.039999999 0.039999999
   transparency 0
} }
 geometry DEF FACE_1 IndexedFaceSet {
  coord DEF COORD_1 Coordinate { point [
  29.812994 0.76118756 1.7598383,29.812992 0.76118756 1.7651246,
  29.813715 0.76118756 1.7651246,29.813074 0.76118756 1.7616198,
  29.813315 0.76118756 1.7633867] }
 coordIndex [
  1,3,0,-1,1,4,3,-1,2,4,1,-1]
  normalPerVertex TRUE
  normal DEF NORM_1 Normal { vector [
  0 0 1,0 0 1,
  0 0 1,0 0 1,
  0 0 1] }
}
}
DEF SHAPE_2 Shape {
 appearance USE APP_1
 geometry DEF FACE_2 IndexedFaceSet {
  coord DEF COORD_2 Coordinate { point [
  29.812994 0.76118756 1.7598383,29.813074 0.76118756 1.7616198,
  29.813315 0.76118756 1.7633867,29.813715 0.76118756 1.7651246,
  29.814852 0.76425716 1.768194,29.816929 0.77260883 1.771653,
  29.816925 0.78740157 1.771651,29.820062 0.78740157 1.7749531,
  29.823872 0.78740157 1.7774474,29.828154 0.78740157 1.7789992,
  29.832677 0.78740157 1.7795261,29.832677 0.84645669 1.7795266,
  29.828154 0.84645669 1.7789992,29.823872 0.84645669 1.7774475,
  29.820062 0.84645669 1.7749532,29.816927 0.84645669 1.7716505,
  29.816928 0.86614175 1.7716524,29.816389 0.87380658 1.7709065,
  29.815018 0.8814845 1.7685185,29.813593 0.88852278 1.7646816,
  29.812993 0.89425725 1.7598419] }
 coordIndex [
  10,11,12,-1,9,12,13,-1,9,10,12,-1,8,13,14,-1,8,9,13,-1,15,16,17,-1,7,14,15,-1,7,8,14,-1,
  18,15,17,-1,6,7,15,-1,4,5,6,-1,4,15,18,-1,4,6,15,-1,3,18,19,-1,3,4,18,-1,2,3,19,-1,
  1,19,20,-1,1,2,19,-1,0,1,20,-1]
  normalPerVertex TRUE
  normal DEF NORM_2 Normal { vector [
  -0.9989916 -1.0667853e-05 0.044897394,-0.99399053 0.00076936403 0.10946339,
  -0.98368408 0.00031352752 0.17990425,-0.94624242 0.00023503912 0.32345822,
  -0.8874828 3.1912053e-05 0.46084085,-0.85715068 -0.00015470238 0.51506572,
  -0.79946989 5.4124066e-06 0.60070617,-0.66999125 7.9034458e-06 0.74236899,
  -0.481608 -1.7808348e-07 0.87638675,-0.26731731 -1.1167588e-07 0.96360856,
  -0.11573733 -4.3287274e-06 0.99327985,-0.11579135 -8.5223101e-06 0.99327356,
  -0.19188069 -2.8577531e-06 0.98141826,-0.41219795 4.5389545e-08 0.91109432,
  -0.6105367 1.1144876e-07 0.79198797,-0.80693822 -0.00027219252 0.5906358,
  -0.80994349 1.7204638e-05 0.58650792,-0.86042387 -0.0030688186 0.50956976,
  -0.91214109 -4.6524923e-05 0.40987636,-0.97702077 0.0006089915 0.21314324,
  -0.99470282 0.0007654304 0.10278965] }
}
}
DEF SHAPE_3 Shape {
 appearance USE APP_1
 geometry DEF FACE_3 IndexedFaceSet {
  coord DEF COORD_3 Coordinate { point [
  29.812994 0.76118756 1.7598383,29.812992 0.76118756 1.7651246,
  29.812992 0.7480315 1.7519685,29.812992 0.79724409 1.7519685,
  29.812992 0.80708661 1.7440945,29.812992 0.84645669 1.7440945,
  29.812992 0.84645669 1.7519685,29.812992 0.90023671 1.7519683,
  29.812992 0.89846615 1.7547571,29.812992 0.89646842 1.7573878,
  29.812993 0.89425725 1.7598419] }
 coordIndex [
  0,2,1,-1,3,2,0,-1,6,4,3,-1,5,4,6,-1,6,8,7,-1,6,9,8,-1,6,10,9,-1,10,3,0,-1,
  10,6,3,-1]
  normalPerVertex TRUE
  normal DEF NORM_3 Normal { vector [
  -0.99999997 1.321698e-05 0.00022446512,-0.99999982 0.00042841148 -0.00042841148,
  -0.99999998 6.5219667e-05 0.00017874606,-0.99999998 -4.4867218e-06 0.00018869438,
  -1 0 0,-1 0 0,
  -1 -3.6055835e-06 6.6016324e-05,-1 0 0,
  -1 0 0,-0.99999998 -1.9674018e-05 0.000181561,
  -0.99999997 -9.7899959e-06 0.00022669167] }
}
}
DEF SHAPE_4 Shape {
 appearance USE APP_1
 geometry DEF FACE_4 IndexedFaceSet {
  coord DEF COORD_4 Coordinate { point [
  29.753214 0.76118756 1.7651246,29.752077 0.76425716 1.768194,
  29.753937 0.76118756 1.7651246,29.753937 0.7480315 1.7519685,
  29.812992 0.7480315 1.7519685,29.812992 0.76118756 1.7651246,
  29.813715 0.76118756 1.7651246,29.814852 0.76425716 1.768194,
  29.874932 0.76425716 1.7681941,29.87272 0.76118764 1.7651246,
  29.856325 0.72842211 1.7323479,29.710606 0.72843745 1.7323528,
  29.694209 0.76118757 1.7651246,29.691997 0.76425717 1.7681941] }
 coordIndex [
  1,13,12,-1,0,1,12,-1,3,2,0,-1,3,12,11,-1,3,0,12,-1,4,6,5,-1,9,7,6,-1,9,8,7,-1,
  9,6,4,-1,10,4,3,-1,10,3,11,-1,10,9,4,-1]
  normalPerVertex TRUE
  normal DEF NORM_4 Normal { vector [
  6.4082694e-07 -0.70710304 0.70711052,9.8259022e-07 -0.70709007 0.7071235,
  0 0 1,-5.2802227e-05 -0.70735857 0.70685491,
  2.8272776e-05 -0.70723433 0.70697921,0 0 1,
  2.6189418e-08 -0.70710308 0.70711048,-6.4882004e-07 -0.7070934 0.70712017,
  -1.3119648e-06 -0.70709965 0.70711392,3.6057733e-05 -0.70718706 0.70702649,
  -7.1251876e-06 -0.70735438 0.70685909,-7.5236248e-05 -0.70741418 0.70679924,
  -6.9336811e-05 -0.70726359 0.70694994,1.3119719e-06 -0.70709317 0.70712039] }
}
}
DEF SHAPE_5 Shape {
 appearance USE APP_1
 geometry DEF FACE_5 IndexedFaceSet {
  coord DEF COORD_5 Coordinate { point [
  29.753935 0.76118756 1.7598383,29.753936 0.89425727 1.7598426,
  29.75 0.86614175 1.7716521,29.750546 0.87384916 1.770902,
  29.751948 0.88165947 1.7684335,29.753353 0.88862062 1.7646201,
  29.750004 0.84645669 1.771651,29.746867 0.84645669 1.7749531,
  29.743057 0.84645669 1.7774474,29.738776 0.84645669 1.7789992,
  29.734252 0.84645669 1.7795266,29.734252 0.78740157 1.7795266,
  29.738775 0.78740157 1.7789993,29.743056 0.78740157 1.7774479,
  29.746866 0.78740157 1.774954,29.750003 0.78740157 1.7716529,
  29.750001 0.77260883 1.7716534,29.752077 0.76425716 1.768194,
  29.753214 0.76118756 1.7651246,29.753614 0.76118756 1.7633867,
  29.753855 0.76118756 1.7616198] }
 coordIndex [
  20,0,1,-1,20,1,5,-1,19,20,5,-1,18,5,4,-1,18,19,5,-1,6,3,2,-1,6,4,3,-1,17,18,4,-1,
  17,4,6,-1,15,6,7,-1,15,17,6,-1,16,17,15,-1,14,7,8,-1,14,15,7,-1,13,8,9,-1,13,14,8,-1,
  12,9,10,-1,12,13,9,-1,11,12,10,-1]
  normalPerVertex TRUE
  normal DEF NORM_5 Normal { vector [
  0.99899159 -1.2802122e-05 0.044897629,0.99485544 0.00074302269 0.10130206,
  0.80796891 0.00012310812 0.5892251,0.86234948 -0.0032205414 0.50630328,
  0.91256957 -2.4239607e-05 0.40892147,0.97731285 0.00059742956 0.21180001,
  0.82726588 -0.00031642771 0.56181053,0.66986048 4.8861651e-06 0.742487,
  0.48159106 9.3796301e-07 0.87639606,0.26733882 6.2462075e-07 0.96360259,
  0.11578448 4.3385002e-07 0.99327436,0.11577808 -6.2611764e-08 0.99327511,
  0.19189911 -2.1656536e-08 0.98141466,0.41217115 -3.1251213e-07 0.91110644,
  0.61038636 -6.1988538e-07 0.79210384,0.77652712 -4.209251e-06 0.63008383,
  0.85724628 -0.00014158876 0.5149066,0.88780715 6.0615544e-05 0.46021568,
  0.94663964 0.00023470786 0.32229387,0.98368407 0.00027355902 0.17990435,
  0.99411362 0.00073859703 0.10834003] }
}
}
DEF SHAPE_6 Shape {
 appearance USE APP_1
 geometry DEF FACE_6 IndexedFaceSet {
  coord DEF COORD_6 Coordinate { point [
  29.753214 0.76118756 1.7651246,29.753614 0.76118756 1.7633867,
  29.753855 0.76118756 1.7616198,29.753935 0.76118756 1.7598383,
  29.753937 0.76118756 1.7651246] }
 coordIndex [
  4,1,0,-1,4,3,2,-1,4,2,1,-1]
  normalPerVertex TRUE
  normal DEF NORM_6 Normal { vector [
  0 0 1,0 0 1,
  0 0 1,0 0 1,
  0 0 1] }
}
}
DEF SHAPE_7 Shape {
 appearance USE APP_1
 geometry DEF FACE_7 IndexedFaceSet {
  coord DEF COORD_7 Coordinate { point [
  29.753937 0.76118756 1.7651246,29.753935 0.76118756 1.7598383,
  29.753937 0.7480315 1.7519685,29.753937 0.79724409 1.7519685,
  29.753937 0.80708661 1.7440945,29.753937 0.84645669 1.7440945,
  29.753937 0.84645669 1.7519685,29.753937 0.90023651 1.7519682,
  29.753936 0.89425727 1.7598426,29.753937 0.89646821 1.757388,
  29.753937 0.89846607 1.7547572] }
 coordIndex [
  0,2,1,-1,3,1,2,-1,6,3,4,-1,6,4,5,-1,6,7,10,-1,6,10,9,-1,6,9,8,-1,8,1,3,-1,
  8,3,6,-1]
  normalPerVertex TRUE
  normal DEF NORM_7 Normal { vector [
  0.99999984 0.00041062161 -0.00039867239,0.99999998 1.1077068e-05 0.00021980545,
  0.99999998 6.2511314e-05 0.00018327256,0.99999998 -5.3832155e-06 0.00017898107,
  1 0 0,1 0 0,
  1 -2.7039808e-06 4.9506025e-05,1 0 0,
  0.99999998 -1.0183308e-05 0.0002049977,0.99999999 -1.4753611e-05 0.00013614573,
  1 0 0] }
}
}
DEF SHAPE_8 Shape {
 appearance USE APP_1
 geometry DEF FACE_8 IndexedFaceSet {
  coord DEF COORD_8 Coordinate { point [
  29.812992 0.79724409 1.7519685,29.753937 0.79724409 1.7519685,
  29.753937 0.7480315 1.7519685,29.812992 0.7480315 1.7519685] }
 coordIndex [
  3,1,2,-1,0,1,3,-1]
  normalPerVertex TRUE
  normal DEF NORM_8 Normal { vector [
  0 0 1,0 0 1,
  0 0 1,0 0 1] }
}
}
DEF SHAPE_9 Shape {
 appearance USE APP_1
 geometry DEF FACE_9 IndexedFaceSet {
  coord DEF COORD_9 Coordinate { point [
  29.753937 0.80708661 1.7440945,29.753937 0.79724409 1.7519685,
  29.812992 0.79724409 1.7519685,29.812992 0.80708661 1.7440945] }
 coordIndex [
  0,1,2,-1,0,2,3,-1]
  normalPerVertex TRUE
  normal DEF NORM_9 Normal { vector [
  0 0.62469505 0.78086881,0 0.62469505 0.78086881,
  0 0.62469505 0.78086881,0 0.62469505 0.78086881] }
}
}
DEF SHAPE_10 Shape {
 appearance USE APP_1
 geometry DEF FACE_10 IndexedFaceSet {
  coord DEF COORD_10 Coordinate { point [
  29.812992 0.80708661 1.7440945,29.753937 0.80708661 1.7440945,
  29.812992 0.84645669 1.7440945,29.753937 0.84645669 1.7440945] }
 coordIndex [
  0,3,1,-1,2,3,0,-1]
  normalPerVertex TRUE
  normal DEF NORM_10 Normal { vector [
  0 0 1,0 0 1,
  0 0 1,0 0 1] }
}
}
DEF SHAPE_11 Shape {
 appearance USE APP_1
 geometry DEF FACE_11 IndexedFaceSet {
  coord DEF COORD_11 Coordinate { point [
  29.812992 0.84645669 1.7519685,29.753937 0.84645669 1.7519685,
  29.812992 0.84645669 1.7440945,29.753937 0.84645669 1.7440945] }
 coordIndex [
  2,0,1,-1,2,1,3,-1]
  normalPerVertex TRUE
  normal DEF NORM_11 Normal { vector [
  0 -1 0,0 -1 0,
  0 -1 0,0 -1 0] }
}
}
DEF SHAPE_12 Shape {
 appearance USE APP_1
 geometry DEF FACE_12 IndexedFaceSet {
  coord DEF COORD_12 Coordinate { point [
  29.753937 0.90023651 1.7519682,29.812992 0.90023671 1.7519683,
  29.753937 0.84645669 1.7519685,29.812992 0.84645669 1.7519685] }
 coordIndex [
  3,0,2,-1,1,0,3,-1]
  normalPerVertex TRUE
  normal DEF NORM_12 Normal { vector [
  -1.2910676e-06 4.5847765e-06 1,-2.2524651e-06 3.5290749e-06 1,
  -3.2966667e-07 5.6404819e-06 1,-1.2910676e-06 4.5847765e-06 1] }
}
}
DEF SHAPE_13 Shape {
 appearance USE APP_1
 geometry DEF FACE_13 IndexedFaceSet {
  coord DEF COORD_13 Coordinate { point [
  29.816928 0.86614175 1.7716524,29.816389 0.87380658 1.7709065,
  29.815018 0.8814845 1.7685185,29.813593 0.88852278 1.7646816,
  29.812993 0.89425725 1.7598419,29.982284 0.86614175 1.7716521,
  29.982829 0.87384916 1.770902,29.984231 0.88165947 1.7684335,
  29.985636 0.88862062 1.7646201,29.98622 0.89425727 1.7598426,
  29.98622 0.89646822 1.757388,29.98622 0.89846608 1.7547572,
  29.98622 0.90023652 1.7519682,30.045276 0.90023671 1.7519683,
  30.045276 0.89539877 1.7586266,30.045276 0.88928243 1.7641337,
  30.045276 0.88215466 1.7682487,30.045276 0.87432703 1.7707915,
  30.045276 0.86614175 1.7716519,30.173228 0.86614176 1.7716523,
  30.173228 0.87633148 1.770312,30.173228 0.88582678 1.7663789,
  30.173228 0.89398058 1.7601223,30.173228 0.90023722 1.7519685,
  30.173228 0.9041703 1.7424732,30.173228 0.90551058 1.7322835,
  28.88189 0.90551058 1.7322835,28.88189 0.9041703 1.7424732,
  28.88189 0.90023721 1.7519685,28.88189 0.89398058 1.7601223,
  28.88189 0.88582677 1.766379,28.88189 0.87633146 1.770312,
  28.88189 0.86614174 1.7716523,29.009843 0.86614175 1.7716511,
  29.009843 0.87432706 1.7707915,29.009843 0.8821547 1.7682486,
  29.009843 0.88928249 1.7641337,29.009843 0.89539883 1.7586266,
  29.009843 0.90023634 1.751968,29.068898 0.90023671 1.7519683,
  29.068898 0.89846615 1.7547571,29.068898 0.89646842 1.7573878,
  29.068899 0.89425725 1.7598419,29.072834 0.86614175 1.7716524,
  29.072294 0.87380658 1.7709065,29.070923 0.8814845 1.7685185,
  29.069498 0.88852278 1.7646816,29.238189 0.86614175 1.7716521,
  29.242125 0.89425727 1.7598426,29.241524 0.88851426 1.7646879,
  29.2401 0.88148531 1.7685176,29.23873 0.87381679 1.7709046,
  29.242126 0.89646821 1.757388,29.242126 0.89846607 1.7547572,
  29.242126 0.90023651 1.7519682,29.301181 0.90023671 1.7519683,
  29.301181 0.89846615 1.7547571,29.301181 0.89646842 1.7573878,
  29.301182 0.89425725 1.7598419,29.301765 0.88862072 1.7646197,
  29.30317 0.8816636 1.7684322,29.30457 0.87386394 1.7708987,
  29.305117 0.86614175 1.7716524,29.494095 0.86614175 1.7716521,
  29.49464 0.87384916 1.770902,29.496042 0.88165947 1.7684335,
  29.497447 0.88862062 1.7646201,29.498031 0.89425727 1.7598426,
  29.498031 0.89646821 1.757388,29.498031 0.89846607 1.7547572,
  29.498031 0.90023651 1.7519682,29.557087 0.90023671 1.7519683,
  29.557087 0.89846615 1.7547571,29.557087 0.89646842 1.7573878,
  29.557088 0.89425725 1.7598419,29.557671 0.88862072 1.7646197,
  29.559075 0.8816636 1.7684322,29.560475 0.87386394 1.7708987,
  29.561023 0.86614175 1.7716524,29.75 0.86614175 1.7716521,
  29.750546 0.87384916 1.770902,29.751948 0.88165947 1.7684335,
  29.753353 0.88862062 1.7646201,29.753936 0.89425727 1.7598426,
  29.753937 0.89646821 1.757388,29.753937 0.89846607 1.7547572,
  29.753937 0.90023651 1.7519682,29.812992 0.90023671 1.7519683,
  29.812992 0.89846615 1.7547571,29.812992 0.89646842 1.7573878] }
 coordIndex [
  38,27,28,-1,39,27,38,-1,54,27,39,-1,40,54,39,-1,55,27,54,-1,53,54,40,-1,41,53,40,-1,70,27,55,-1,
  56,70,55,-1,24,27,70,-1,24,25,26,-1,24,26,27,-1,29,37,28,-1,71,24,70,-1,52,53,41,-1,42,52,41,-1,
  69,70,56,-1,57,69,56,-1,86,24,71,-1,72,86,71,-1,87,24,86,-1,48,52,42,-1,68,69,57,-1,58,68,57,-1,
  85,86,72,-1,73,85,72,-1,12,24,87,-1,88,12,87,-1,13,24,12,-1,67,68,58,-1,84,85,73,-1,23,24,13,-1,
  30,36,29,-1,74,84,73,-1,11,12,88,-1,89,11,88,-1,83,84,74,-1,10,11,89,-1,59,67,58,-1,4,10,89,-1,
  9,10,4,-1,66,67,59,-1,75,83,74,-1,22,23,14,-1,31,35,30,-1,82,83,75,-1,60,66,59,-1,65,66,60,-1,
  76,82,75,-1,51,45,44,-1,51,50,45,-1,81,82,76,-1,61,65,60,-1,21,22,15,-1,32,34,31,-1,64,65,61,-1,
  77,81,76,-1,47,51,44,-1,47,44,43,-1,80,81,77,-1,62,64,61,-1,1,7,2,-1,63,64,62,-1,20,21,16,-1,
  78,80,77,-1,79,80,78,-1,0,6,1,-1,5,6,0,-1,19,20,17,-1,6,7,1,-1,7,8,2,-1,2,8,3,-1,
  8,9,3,-1,3,9,4,-1,13,14,23,-1,14,15,22,-1,15,16,21,-1,16,17,20,-1,17,18,19,-1,33,34,32,-1,
  34,35,31,-1,35,36,30,-1,36,37,29,-1,37,38,28,-1,46,45,50,-1,46,50,49,-1,42,46,49,-1,42,49,48,-1]
  normalPerVertex TRUE
  normal DEF NORM_13 Normal { vector [
  2.0728581e-06 0.096859565 0.99529806,4.2147373e-05 0.23554818 0.97186267,
  5.3221576e-05 0.42054605 0.90727119,-1.7282684e-05 0.59017409 0.807276,
  -2.4502549e-06 0.69245802 0.72145817,1.792478e-06 0.096865543 0.99529748,
  -1.6475633e-05 0.16871785 0.98566439,2.2084245e-05 0.36059476 0.93272259,
  -3.5037059e-05 0.53510224 0.8447873,-4.0415745e-05 0.66437919 0.74739567,
  -9.6532285e-07 0.76137043 0.6483171,2.615338e-08 0.81298805 0.58228037,
  2.287605e-07 0.90099981 0.43381947,-4.1610969e-06 0.88884906 0.45820011,
  0.00025341165 0.76305815 0.64632978,5.6374116e-05 0.59591412 0.80304816,
  5.3667685e-05 0.39746606 0.91761687,0.00024993109 0.17813689 0.98400568,
  -3.2016738e-06 0.10454128 0.99452055,0.00092721345 0.11891558 0.99290394,
  0.0011382466 0.27328027 0.96193378,0.0013223659 0.49999151 0.8660293,
  0.0011426036 0.69637588 0.71767634,0.00060049915 0.8505749 0.52585358,
  -1.7242965e-07 0.97039602 0.24151928,0 0.99146031 0.13040879,
  0 0.99146031 0.13040883,2.4485367e-07 0.95905616 0.28321597,
  -0.00059810597 0.85058406 0.52583875,-0.0011426178 0.69637615 0.71767608,
  -0.0013223636 0.4999917 0.86602919,-0.0011382354 0.2732803 0.96193377,
  -0.00092437469 0.11887178 0.99290918,9.5612868e-06 0.10444305 0.99453087,
  -0.00024795986 0.17810734 0.98401103,-5.3662504e-05 0.39746667 0.91761661,
  -5.6362004e-05 0.59591491 0.80304758,-0.00025223483 0.76307045 0.64631527,
  4.7255789e-06 0.8888404 0.45821692,-5.5142389e-07 0.91057603 0.41334162,
  4.5704722e-07 0.82894221 0.55933426,-1.1821313e-08 0.77918032 0.62679983,
  -2.102174e-07 0.67627631 0.73664805,1.7924801e-06 0.096853553 0.99529864,
  -9.9007457e-08 0.16642661 0.98605384,-3.6811788e-07 0.35940245 0.93318266,
  -7.7504302e-07 0.53430246 0.84529337,3.645809e-06 0.09689329 0.99529478,
  -3.1745341e-06 0.67616192 0.73675305,-2.6891375e-06 0.58988326 0.80748854,
  -8.1556145e-07 0.42014108 0.9074588,5.8409872e-07 0.23362645 0.97232643,
  -9.6532179e-07 0.76137034 0.6483172,2.6706104e-08 0.8129879 0.58228058,
  2.2848631e-07 0.90099971 0.4338197,2.3957766e-07 0.91023335 0.4140957,
  4.0220155e-07 0.82894221 0.55933426,-1.0402741e-08 0.77918032 0.62679983,
  -2.1476323e-06 0.69365498 0.72030741,-1.8710482e-06 0.59144524 0.80634517,
  1.0972357e-06 0.42171173 0.90672996,-5.1760359e-07 0.23719768 0.9714614,
  -3.9600697e-06 0.097000226 0.99528436,1.5684191e-06 0.096865559 0.99529747,
  -1.1314938e-07 0.16861528 0.98568194,3.9995935e-06 0.36168718 0.93229951,
  6.5094435e-07 0.53589376 0.84428542,-2.1400198e-06 0.66515102 0.74670886,
  -8.4948288e-07 0.76137034 0.64831721,2.3501346e-08 0.8129879 0.58228058,
  4.7298097e-08 0.91879637 0.39473185,2.3957754e-07 0.91023338 0.41409563,
  4.0220155e-07 0.82894221 0.55933426,-1.0402741e-08 0.77918032 0.62679983,
  -2.1476323e-06 0.69365498 0.72030741,-1.8710488e-06 0.59144524 0.80634517,
  1.0972351e-06 0.42171173 0.90672996,-5.1760514e-07 0.23719768 0.9714614,
  -3.960071e-06 0.097000226 0.99528436,1.5684191e-06 0.096865559 0.99529747,
  -1.1315062e-07 0.16861528 0.98568194,3.9995927e-06 0.36168718 0.93229951,
  6.5094361e-07 0.53589376 0.84428542,-2.1400204e-06 0.66515102 0.74670886,
  -8.4948288e-07 0.76137034 0.64831721,2.3501346e-08 0.8129879 0.58228058,
  2.0530889e-07 0.90048657 0.43488382,2.5715426e-07 0.9105824 0.41332758,
  4.5871883e-07 0.82894229 0.55933414,-1.0712386e-08 0.77918038 0.62679975] }
}
}
DEF SHAPE_14 Shape {
 appearance USE APP_1
 geometry DEF FACE_14 IndexedFaceSet {
  coord DEF COORD_14 Coordinate { point [
  29.98622 0.76118756 1.7651246,29.986218 0.76118756 1.7598383,
  29.98622 0.7480315 1.7519685,29.986219 0.79724409 1.7519685,
  29.986218 0.80708661 1.7440945,29.986218 0.84645669 1.7440945,
  29.986219 0.84645669 1.7519685,29.98622 0.90023652 1.7519682,
  29.98622 0.89425727 1.7598426,29.98622 0.89646822 1.757388,
  29.98622 0.89846608 1.7547572] }
 coordIndex [
  4,5,6,-1,3,4,6,-1,2,1,0,-1,2,3,1,-1,6,7,10,-1,6,10,9,-1,6,9,8,-1,8,1,3,-1,
  8,3,6,-1]
  normalPerVertex TRUE
  normal DEF NORM_14 Normal { vector [
  0.99999984 0.00041062161 -0.00039867239,0.99999999 1.6468796e-05 0.00011967841,
  0.99999998 8.0254747e-05 0.00015361041,1 7.3400848e-07 4.3750616e-05,
  0.99999999 7.7516515e-06 -0.00016956917,0.99999998 8.7206999e-06 -0.00017441443,
  0.99999999 -3.8590303e-06 -0.00010149837,0.99999999 -1.915297e-05 -0.00013526113,
  1 -1.0605731e-05 6.2227758e-05,0.99999999 -3.9953812e-05 0.00011528917,
  1 -2.2181968e-05 -7.8769829e-05] }
}
}
DEF SHAPE_15 Shape {
 appearance USE APP_1
 geometry DEF FACE_15 IndexedFaceSet {
  coord DEF COORD_15 Coordinate { point [
  30.045276 0.79724409 1.7519685,29.986219 0.79724409 1.7519685,
  29.98622 0.7480315 1.7519685,30.045276 0.7480315 1.7519685] }
 coordIndex [
  0,1,2,-1,0,2,3,-1]
  normalPerVertex TRUE
  normal DEF NORM_15 Normal { vector [
  0 0 1,0 0 1,
  0 0 1,0 0 1] }
}
}
DEF SHAPE_16 Shape {
 appearance USE APP_1
 geometry DEF FACE_16 IndexedFaceSet {
  coord DEF COORD_16 Coordinate { point [
  30.045276 0.77260883 1.7716534,30.045276 0.86614175 1.7716519,
  30.045276 0.76425718 1.7681941,30.045276 0.7480315 1.7519685,
  30.045276 0.79724409 1.7519685,30.045276 0.80708661 1.7440945,
  30.045276 0.84645669 1.7440945,30.045276 0.84645669 1.7519685,
  30.045276 0.90023671 1.7519683,30.045276 0.89539877 1.7586266,
  30.045276 0.88928243 1.7641337,30.045276 0.88215466 1.7682487,
  30.045276 0.87432703 1.7707915] }
 coordIndex [
  7,1,12,-1,5,7,6,-1,4,7,5,-1,4,1,7,-1,0,1,4,-1,2,0,4,-1,3,2,4,-1,7,9,8,-1,
  7,10,9,-1,7,11,10,-1,7,12,11,-1]
  normalPerVertex TRUE
  normal DEF NORM_16 Normal { vector [
  -1 0 0,-1 0 0,
  -1 0 0,-1 0 0,
  -1 0 0,-1 0 0,
  -1 0 0,-1 0 0,
  -1 0 0,-1 0 0,
  -1 0 0,-1 0 0,
  -1 0 0] }
}
}
DEF SHAPE_17 Shape {
 appearance USE APP_1
 geometry DEF FACE_17 IndexedFaceSet {
  coord DEF COORD_17 Coordinate { point [
  29.985497 0.76118756 1.7651246,29.98436 0.76425716 1.768194,
  29.98622 0.76118756 1.7651246,29.98622 0.7480315 1.7519685,
  30.045276 0.7480315 1.7519685,30.045276 0.76425718 1.7681941,
  30.130838 0.76425718 1.7681941,30.128626 0.76118764 1.7651246,
  30.112232 0.72842505 1.7323512,29.966511 0.72843786 1.7323532,
  29.950115 0.76118757 1.7651246,29.947902 0.76425717 1.7681941] }
 coordIndex [
  1,11,10,-1,0,1,10,-1,3,2,0,-1,3,0,10,-1,9,3,10,-1,4,3,9,-1,7,5,4,-1,7,6,5,-1,
  8,7,4,-1,8,4,9,-1]
  normalPerVertex TRUE
  normal DEF NORM_17 Normal { vector [
  1.0616888e-06 -0.70710304 0.70711052,1.6287697e-06 -0.70708989 0.70712367,
  0 0 1,-7.7012724e-05 -0.70738713 0.70682632,
  -6.1720402e-06 -0.70730809 0.70690542,-2.3024207e-07 -0.70710487 0.7071087,
  1.1636459e-07 -0.70710016 0.7071134,2.4423061e-05 -0.70718364 0.70702991,
  -8.9806482e-06 -0.70731823 0.70689526,-7.0296126e-05 -0.70741676 0.70679666,
  -0.0001209 -0.70727196 0.70694155,2.1620311e-06 -0.70709287 0.7071207] }
}
}
DEF SHAPE_18 Shape {
 appearance USE APP_1
 geometry DEF FACE_18 IndexedFaceSet {
  coord DEF COORD_18 Coordinate { point [
  29.98622 0.89425727 1.7598426,29.986218 0.76118756 1.7598383,
  29.982284 0.86614175 1.7716521,29.982829 0.87384916 1.770902,
  29.984231 0.88165947 1.7684335,29.985636 0.88862062 1.7646201,
  29.982287 0.84645669 1.771651,29.979151 0.84645669 1.7749531,
  29.975341 0.84645669 1.7774474,29.971059 0.84645669 1.7789992,
  29.966536 0.84645669 1.7795266,29.966535 0.78740157 1.7795266,
  29.971059 0.78740157 1.7789993,29.97534 0.78740157 1.7774479,
  29.97915 0.78740157 1.774954,29.982287 0.78740157 1.7716529,
  29.982284 0.77260883 1.7716534,29.98436 0.76425716 1.768194,
  29.985497 0.76118756 1.7651246,29.985897 0.76118756 1.7633867,
  29.986138 0.76118756 1.7616198] }
 coordIndex [
  20,1,0,-1,20,0,5,-1,19,20,5,-1,18,5,4,-1,18,19,5,-1,6,3,2,-1,6,4,3,-1,17,18,4,-1,
  17,4,6,-1,15,6,7,-1,15,17,6,-1,16,17,15,-1,14,7,8,-1,14,15,7,-1,13,8,9,-1,13,14,8,-1,
  12,9,10,-1,12,13,9,-1,11,12,10,-1]
  normalPerVertex TRUE
  normal DEF NORM_18 Normal { vector [
  0.99485544 0.00074302269 0.10130206,0.99899159 -1.2802122e-05 0.044897629,
  0.80796891 0.00012310812 0.5892251,0.86234948 -0.0032205414 0.50630328,
  0.91256957 -2.4239534e-05 0.40892147,0.97731285 0.00059742956 0.21180001,
  0.82726588 -0.00031642766 0.56181053,0.66986048 4.8861651e-06 0.742487,
  0.48159106 9.3796304e-07 0.87639606,0.26733882 6.2462077e-07 0.96360259,
  0.11578448 4.3385003e-07 0.99327436,0.11577808 -6.2611764e-08 0.99327511,
  0.19189911 -2.1656519e-08 0.98141466,0.41217115 -3.125121e-07 0.91110644,
  0.61038636 -6.1988534e-07 0.79210384,0.77652712 -4.2092509e-06 0.63008384,
  0.85724627 -0.00014158876 0.5149066,0.88780715 6.0615636e-05 0.46021568,
  0.94663964 0.0002347079 0.32229387,0.98368407 0.00027355902 0.17990435,
  0.99411362 0.00073859703 0.10834003] }
}
}
DEF SHAPE_19 Shape {
 appearance USE APP_1
 geometry DEF FACE_19 IndexedFaceSet {
  coord DEF COORD_19 Coordinate { point [
  29.985497 0.76118756 1.7651246,29.985897 0.76118756 1.7633867,
  29.986138 0.76118756 1.7616198,29.986218 0.76118756 1.7598383,
  29.98622 0.76118756 1.7651246] }
 coordIndex [
  4,1,0,-1,4,3,2,-1,4,2,1,-1]
  normalPerVertex TRUE
  normal DEF NORM_19 Normal { vector [
  0 0 1,0 0 1,
  0 0 1,0 0 1,
  0 0 1] }
}
}
DEF SHAPE_20 Shape {
 appearance USE APP_1
 geometry DEF FACE_20 IndexedFaceSet {
  coord DEF COORD_20 Coordinate { point [
  29.98436 0.76425716 1.768194,29.982284 0.77260883 1.7716534,
  29.939551 0.77260883 1.7716534,29.947902 0.76425717 1.7681941,
  29.944068 0.76810396 1.7707549] }
 coordIndex [
  1,4,3,-1,1,2,4,-1,0,1,3,-1]
  normalPerVertex TRUE
  normal DEF NORM_20 Normal { vector [
  3.0178699e-06 -0.38268144 0.92388036,0.011337613 -0.37295544 0.92777998,
  5.881463e-07 -0.19559594 0.98068457,0.015507525 -0.43645032 0.89959471,
  0.02108261 -0.36452051 0.93095667] }
}
}
DEF SHAPE_21 Shape {
 appearance USE APP_1
 geometry DEF FACE_21 IndexedFaceSet {
  coord DEF COORD_21 Coordinate { point [
  29.947902 0.76425717 1.7681941,29.950115 0.76118757 1.7651246,
  29.944068 0.76810396 1.7707549,29.939551 0.77260883 1.7716534,
  29.939551 0.75855617 1.771653,29.943811 0.75855618 1.7708583,
  29.947498 0.75855618 1.7685797,29.950115 0.75855618 1.7651247] }
 coordIndex [
  6,1,0,-1,6,7,1,-1,5,0,2,-1,5,6,0,-1,4,2,3,-1,4,5,2,-1]
  normalPerVertex TRUE
  normal DEF NORM_21 Normal { vector [
  0.61500598 -0.0016222116 0.78852078,0.80123378 -0.011184433 0.59824689,
  0.30293123 -0.00018300879 0.9530124,0.19504532 -2.7293663e-05 0.98079423,
  0.19049496 0.0022095174 0.98168569,0.41601729 0.00435052 0.9093463,
  0.6985571 0.0019327123 0.7155517,0 0 1] }
}
}
DEF SHAPE_22 Shape {
 appearance USE APP_1
 geometry DEF FACE_22 IndexedFaceSet {
  coord DEF COORD_22 Coordinate { point [
  29.950115 0.75855618 1.7651247,29.950115 0.76118757 1.7651246,
  29.960327 0.73193587 1.7446981,29.956522 0.73542346 1.7523098,
  29.953291 0.74130789 1.7587726,29.950975 0.74930101 1.7634038,
  29.966511 0.72843786 1.7323532] }
 coordIndex [
  0,5,4,-1,1,3,2,-1,1,4,3,-1,1,2,6,-1,1,0,4,-1]
  normalPerVertex TRUE
  normal DEF NORM_22 Normal { vector [
  0.89444059 2.0406938e-05 0.44718679,0.89422393 -0.00036843875 0.44761974,
  0.89417295 -0.00046178027 0.44772148,0.89446098 4.9618043e-05 0.447146,
  0.89443439 1.5258397e-05 0.44719919,0.89444196 2.1667474e-05 0.44718405,
  0.89401285 -0.0007405883 0.4480407] }
}
}
DEF SHAPE_23 Shape {
 appearance USE APP_1
 geometry DEF FACE_23 IndexedFaceSet {
  coord DEF COORD_23 Coordinate { point [
  29.960327 0.73193587 1.7446981,29.959199 0.72785019 1.7452284,
  29.956836 0.72429898 1.7449986,29.953548 0.72174742 1.7440382,
  29.949764 0.72052862 1.7424731,29.966536 0.71154076 1.7089301,
  29.966535 0.71500281 1.7185318,29.966535 0.71961554 1.7262835,
  29.966511 0.72843786 1.7323532] }
 coordIndex [
  4,5,6,-1,3,6,7,-1,3,4,6,-1,2,3,7,-1,1,2,7,-1,8,1,7,-1,0,1,8,-1]
  normalPerVertex TRUE
  normal DEF NORM_23 Normal { vector [
  0.8595111 -0.17513703 0.48017465,0.8065439 -0.34748618 0.47826801,
  0.59894484 -0.64671363 0.47225688,0.37311316 -0.83301769 0.40849492,
  0.16822693 -0.92813417 0.33206424,0.17167689 -0.92674879 0.33416122,
  0.27123848 -0.88713744 0.37338567,0.65502458 -0.58953119 0.47264763,
  0.842043 -0.27195986 0.46583412] }
}
}
DEF SHAPE_24 Shape {
 appearance USE APP_1
 geometry DEF FACE_24 IndexedFaceSet {
  coord DEF COORD_24 Coordinate { point [
  29.966535 0.71653548 0.70866142,29.966535 0.61023622 0.70866214,
  29.966535 0.71653598 1.5587714,29.966535 0.72834646 1.6002541,
  29.966535 0.72185986 1.5872385,29.966535 0.71787784 1.5732518,
  29.966511 0.72843786 1.7323532,29.966536 0.71154076 1.7089301,
  29.966535 0.71500281 1.7185318,29.966535 0.71961554 1.7262835,
  29.966535 0.66929124 1.5512568,29.966535 0.66928949 0.76771654,
  29.966535 0.62337707 0.71014327,29.966535 0.63585905 0.71451047,
  29.966535 0.64705617 0.72154586,29.966535 0.6564069 0.73089659,
  29.966535 0.66344228 0.74209371,29.966535 0.66780949 0.75457569] }
 coordIndex [
  15,14,0,-1,13,0,14,-1,16,15,0,-1,12,0,13,-1,17,16,0,-1,1,0,12,-1,11,17,0,-1,2,11,0,-1,
  10,4,3,-1,10,5,4,-1,10,2,5,-1,10,11,2,-1,7,10,3,-1,6,8,7,-1,6,7,3,-1,9,8,6,-1]
  normalPerVertex TRUE
  normal DEF NORM_24 Normal { vector [
  1 0 0,1 0 0,
  1 4.8738115e-07 -2.9397896e-08,0.99999996 0.00027356776 3.8954166e-05,
  1 1.219778e-06 -4.7290114e-07,1 1.0592086e-06 -1.9809238e-07,
  0.99999912 0.0013212861 9.2217531e-05,0.99999995 0.00030799495 3.219748e-05,
  0.99999288 0.0034295675 -0.0015750174,0.99998526 0.0046664715 -0.0027773586,
  1 1.3659586e-06 -5.2734312e-07,1 4.7840968e-07 -2.857346e-08,
  1 0 0,1 0 0,
  1 0 0,1 0 0,
  1 0 0,1 0 0] }
}
}
DEF SHAPE_25 Shape {
 appearance USE APP_1
 geometry DEF FACE_25 IndexedFaceSet {
  coord DEF COORD_25 Coordinate { point [
  30.112058 0.72834646 1.6002402,30.112205 0.72790746 1.5995372,
  29.966535 0.72834646 1.6002541,29.966535 0.72185986 1.5872385,
  29.966535 0.71787784 1.5732518,29.966535 0.71653598 1.5587714,
  30.112205 0.71653575 1.5587733,30.112205 0.71782705 1.5729776,
  30.112205 0.72165938 1.5867158] }
 coordIndex [
  5,6,7,-1,4,7,8,-1,4,5,7,-1,3,8,1,-1,3,4,8,-1,2,1,0,-1,2,3,1,-1]
  normalPerVertex TRUE
  normal DEF NORM_25 Normal { vector [
  5.0638691e-05 -0.84817306 0.52971923,-8.4103138e-05 -0.89572457 0.44460937,
  -0.00047259614 -0.8926962 0.45065872,-0.00017358208 -0.92205838 0.38705079,
  -0.000117158 -0.97726689 0.21201278,-8.891206e-05 -0.99581311 0.091412458,
  -2.7392429e-06 -0.99589317 0.090536122,-3.1594249e-06 -0.98858475 0.1506658,
  5.2026234e-05 -0.94479014 0.32767604] }
}
}
DEF SHAPE_26 Shape {
 appearance USE APP_1
 geometry DEF FACE_26 IndexedFaceSet {
  coord DEF COORD_26 Coordinate { point [
  30.112205 0.66928949 0.76771653,30.112205 0.66780949 0.75457569,
  30.112205 0.66344228 0.74209371,30.112205 0.6564069 0.73089658,
  30.112205 0.64705617 0.72154586,30.112205 0.63585904 0.71451047,
  30.112205 0.62337707 0.71014327,30.112205 0.61023622 0.70866326,
  30.112205 0.71653543 0.70866152,30.112205 0.71653575 1.5587733,
  30.112205 0.71782705 1.5729776,30.112205 0.72165938 1.5867158,
  30.112205 0.72790746 1.5995372,30.112205 0.72834646 1.5995372,
  30.112058 0.72834646 1.6002402,30.112232 0.72842505 1.7323512,
  30.112205 0.71945754 1.7260777,30.112205 0.71493735 1.7183905,
  30.112204 0.71154076 1.7089301,30.112205 0.66929135 1.5512569] }
 coordIndex [
  8,2,1,-1,8,3,2,-1,8,4,3,-1,8,5,4,-1,8,6,5,-1,8,7,6,-1,0,8,1,-1,9,0,19,-1,
  9,8,0,-1,10,9,19,-1,11,10,19,-1,12,11,19,-1,14,13,12,-1,18,12,19,-1,18,14,12,-1,15,17,16,-1,
  15,18,17,-1,15,14,18,-1]
  normalPerVertex TRUE
  normal DEF NORM_26 Normal { vector [
  -1 0 0,-1 0 0,
  -1 0 0,-1 0 0,
  -1 0 0,-1 0 0,
  -1 0 0,-1 0 0,
  -1 0 0,-1 0 0,
  -1 0 0,-1 0 0,
  -0.99999779 -0.0020761394 -0.00032220458,0 0 1,
  -0.99997405 -0.0072007115 0.00020302306,-0.99999933 3.0631815e-06 0.0011571949,
  -0.99998245 0.0051078691 -0.0030016341,-0.99999133 0.0037888381 -0.0017272697,
  -0.99999856 -0.0016938383 4.3894195e-05,-1 3.9627211e-07 -4.8110505e-07] }
}
}
DEF SHAPE_27 Shape {
 appearance USE APP_1
 geometry DEF FACE_27 IndexedFaceSet {
  coord DEF COORD_27 Coordinate { point [
  30.112058 0.72834646 1.6002402,30.112205 0.72834646 1.5995372,
  30.112205 0.72790746 1.5995372] }
 coordIndex [
  1,0,2,-1]
  normalPerVertex TRUE
  normal DEF NORM_27 Normal { vector [
  0 0 1,0 0 1,
  0 0 1] }
}
}
DEF SHAPE_28 Shape {
 appearance USE APP_1
 geometry DEF FACE_28 IndexedFaceSet {
  coord DEF COORD_28 Coordinate { point [
  30.112232 0.72842505 1.7323512,30.112058 0.72834646 1.6002402,
  29.966535 0.72834646 1.6002541,29.966511 0.72843786 1.7323532] }
 coordIndex [
  3,1,0,-1,3,2,1,-1]
  normalPerVertex TRUE
  normal DEF NORM_28 Normal { vector [
  -8.7883891e-05 -0.99999982 0.00059501403,-4.3940718e-05 -0.99999979 0.00064342558,
  6.6143113e-08 -0.99999976 0.00069190729,-4.3940718e-05 -0.99999979 0.00064342558] }
}
}
DEF SHAPE_29 Shape {
 appearance USE APP_1
 geometry DEF FACE_29 IndexedFaceSet {
  coord DEF COORD_29 Coordinate { point [
  30.118413 0.73193587 1.7446981,30.119542 0.72785031 1.7452284,
  30.121904 0.72429917 1.7449987,30.125192 0.7217476 1.7440383,
  30.128975 0.72052981 1.742473,30.112232 0.72842505 1.7323512,
  30.112205 0.71945754 1.7260777,30.112205 0.71493735 1.7183905,
  30.112204 0.71154076 1.7089301] }
 coordIndex [
  7,4,3,-1,7,8,4,-1,6,3,2,-1,6,7,3,-1,1,6,2,-1,5,1,0,-1,5,6,1,-1]
  normalPerVertex TRUE
  normal DEF NORM_29 Normal { vector [
  -0.85954438 -0.17514865 0.48011083,-0.80598374 -0.34992775 0.47743145,
  -0.59886004 -0.64664406 0.47245965,-0.36955804 -0.83501295 0.40765209,
  -0.16642854 -0.92864256 0.3315487,-0.84118256 -0.27568162 0.46520054,
  -0.65454192 -0.59059998 0.4719815,-0.26737133 -0.88892768 0.37191416,
  -0.16893165 -0.92764887 0.33306107] }
}
}
DEF SHAPE_30 Shape {
 appearance USE APP_1
 geometry DEF FACE_30 IndexedFaceSet {
  coord DEF COORD_30 Coordinate { point [
  30.112232 0.72842505 1.7323512,30.128626 0.76118764 1.7651246,
  30.128625 0.75855618 1.7651247,30.127786 0.74941525 1.7634468,
  30.125365 0.7411017 1.758603,30.122186 0.73538075 1.7522454,
  30.118413 0.73193587 1.7446981] }
 coordIndex [
  2,4,3,-1,1,5,4,-1,1,6,5,-1,1,0,6,-1,1,4,2,-1]
  normalPerVertex TRUE
  normal DEF NORM_30 Normal { vector [
  -0.89414632 -0.00050839364 0.44777461,-0.89429396 -0.0002464248 0.44747989,
  -0.89443968 1.96806e-05 0.44718862,-0.89444202 2.1863355e-05 0.44718395,
  -0.89443386 1.4624928e-05 0.44720026,-0.8944612 4.9901329e-05 0.44714557,
  -0.8942603 -0.00030974246 0.44754712] }
}
}
DEF SHAPE_31 Shape {
 appearance USE APP_1
 geometry DEF FACE_31 IndexedFaceSet {
  coord DEF COORD_31 Coordinate { point [
  30.128625 0.75855618 1.7651247,30.131242 0.75855618 1.7685798,
  30.134929 0.75855618 1.7708583,30.139189 0.75855615 1.771653,
  30.139189 0.77260883 1.7716534,30.134672 0.76810447 1.7707551,
  30.130838 0.76425718 1.7681941,30.128626 0.76118764 1.7651246] }
 coordIndex [
  1,7,0,-1,6,7,1,-1,2,6,1,-1,5,6,2,-1,3,5,2,-1,4,5,3,-1]
  normalPerVertex TRUE
  normal DEF NORM_31 Normal { vector [
  0 0 1,-0.698556 0.0019320965 0.71555278,
  -0.41601196 0.0043512101 0.90934873,-0.19047933 0.0022049849 0.98168873,
  -0.19502283 -2.8065936e-05 0.9807987,-0.30292983 -0.00018262351 0.95301285,
  -0.61499444 -0.0016161011 0.78852979,-0.80123264 -0.01118544 0.5982484] }
}
}
DEF SHAPE_32 Shape {
 appearance USE APP_1
 geometry DEF FACE_32 IndexedFaceSet {
  coord DEF COORD_32 Coordinate { point [
  30.045276 0.77260883 1.7716534,30.045276 0.76425718 1.7681941,
  30.130838 0.76425718 1.7681941,30.139189 0.77260883 1.7716534,
  30.134672 0.76810447 1.7707551] }
 coordIndex [
  4,3,0,-1,2,0,1,-1,2,4,0,-1]
  normalPerVertex TRUE
  normal DEF NORM_32 Normal { vector [
  -0.0049896879 -0.37840403 0.92562708,1.6396529e-07 -0.382671 0.92388468,
  -0.0067409557 -0.44083157 0.89756453,-2.9086748e-08 -0.19557317 0.98068911,
  -0.0095524437 -0.37448683 0.92718303] }
}
}
DEF SHAPE_33 Shape {
 appearance USE APP_1
 geometry DEF FACE_33 IndexedFaceSet {
  coord DEF COORD_33 Coordinate { point [
  30.139189 0.75855615 1.771653,30.173228 0.75855614 1.7716525,
  30.173228 0.86614176 1.7716523,30.045276 0.86614175 1.7716519,
  30.045276 0.77260883 1.7716534,30.139189 0.77260883 1.7716534] }
 coordIndex [
  5,3,4,-1,1,5,0,-1,2,3,5,-1,2,5,1,-1]
  normalPerVertex TRUE
  normal DEF NORM_33 Normal { vector [
  1.5052735e-05 -2.8402904e-05 1,2.5959978e-05 -1.9828632e-06 1,
  3.9587036e-06 9.9934004e-06 1,-1.8635552e-06 1.3953634e-05 1,
  -2.9659499e-08 1.5794995e-05 1,2.7644716e-06 1.1302837e-05 1] }
}
}
DEF SHAPE_34 Shape {
 appearance USE APP_1
 geometry DEF FACE_34 IndexedFaceSet {
  coord DEF COORD_34 Coordinate { point [
  30.212597 0.86614174 1.7322835,30.212596 0.75855612 1.7322835,
  30.211257 0.86614173 1.7424732,30.207324 0.86614173 1.7519685,
  30.201067 0.86614173 1.7601223,30.192913 0.86614173 1.766379,
  30.183418 0.86614173 1.770312,30.173228 0.86614176 1.7716523,
  30.173228 0.75855614 1.7716525,30.181989 0.75855618 1.7706648,
  30.19031 0.75855618 1.7677536,30.197775 0.75855618 1.7630635,
  30.204008 0.75855618 1.7568298,30.208698 0.75855618 1.7493651,
  30.21161 0.75855618 1.7410439] }
 coordIndex [
  14,1,0,-1,14,0,2,-1,13,2,3,-1,13,14,2,-1,12,3,4,-1,12,13,3,-1,11,4,5,-1,11,12,4,-1,
  10,5,6,-1,10,11,5,-1,9,6,7,-1,9,10,6,-1,8,9,7,-1]
  normalPerVertex TRUE
  normal DEF NORM_34 Normal { vector [
  0.99254713 0.00081196443 0.12185867,0.99372179 -1.1406145e-05 0.11187939,
  0.95985133 0.0010404889 0.28050728,0.86032751 0.0013521678 0.50973988,
  0.70710594 0.0014562717 0.70710612,0.50973967 0.0013521643 0.86032764,
  0.28050705 0.0010404818 0.9598514,0.12193035 0.00081789375 0.99253832,
  0.11203549 1.4763213e-06 0.99370421,0.18866218 0.00015205959 0.98204203,
  0.41508166 -0.00012082758 0.90978415,0.61806252 -0.0002530134 0.7861289,
  0.78612888 -0.00025301456 0.61806255,0.90978414 -0.00012083107 0.41508169,
  0.98205131 0.00014797391 0.18861388] }
}
}
DEF SHAPE_35 Shape {
 appearance USE APP_1
 geometry DEF FACE_35 IndexedFaceSet {
  coord DEF COORD_35 Coordinate { point [
  30.212597 0.70866137 1.5460737,30.212596 0.75855612 1.7322835,
  30.212598 0.70866138 0.76771653,30.212596 0.8661418 0.76771654,
  30.212597 0.86614174 1.7322835] }
 coordIndex [
  0,2,3,-1,4,1,0,-1,4,0,3,-1]
  normalPerVertex TRUE
  normal DEF NORM_35 Normal { vector [
  1 4.7573134e-06 6.4725509e-07,1 -1.1469458e-05 7.4910104e-06,
  1 1.466989e-05 1.9136713e-06,1 5.9416739e-06 1.4774269e-07,
  1 -2.3096134e-06 -2.5560513e-07] }
}
}
DEF SHAPE_36 Shape {
 appearance USE APP_1
 geometry DEF FACE_36 IndexedFaceSet {
  coord DEF COORD_36 Coordinate { point [
  30.212596 0.8661418 0.76771654,30.21408 0.86614173 0.75457569,
  30.218447 0.86614173 0.74209371,30.225483 0.86614173 0.73089658,
  30.234834 0.86614173 0.72154585,30.246031 0.86614173 0.71451047,
  30.258513 0.86614173 0.71014327,30.271654 0.86614173 0.70866142,
  30.271654 0.70866142 0.70866142,30.212598 0.70866138 0.76771653,
  30.214611 0.70866142 0.75243195,30.22051 0.70866142 0.73818898,
  30.229895 0.70866142 0.72595826,30.242126 0.70866142 0.7165733,
  30.256369 0.70866142 0.71067367] }
 coordIndex [
  6,8,7,-1,6,14,8,-1,5,13,14,-1,5,14,6,-1,4,12,13,-1,4,13,5,-1,3,11,12,-1,3,12,4,-1,
  2,10,11,-1,2,11,3,-1,1,9,10,-1,1,10,2,-1,0,9,1,-1]
  normalPerVertex TRUE
  normal DEF NORM_36 Normal { vector [
  0.99368105 1.4576808e-05 0.11224069,0.98201927 0.00016486726 0.18878065,
  0.90977894 -0.00011743728 0.41509309,0.7861263 -0.00025436697 0.61806583,
  0.61806581 -0.00025436697 0.78612632,0.41509307 -0.00011743727 0.90977895,
  0.18872005 0.0001602918 0.98203091,0.1120567 0 0.99370181,
  0.12200354 0.00084104084 0.99252931,0.99251823 0.00084768896 0.1220936,
  0.95983678 0.0010729807 0.28055697,0.86032549 0.0013910093 0.50974319,
  0.70710598 0.001497008 0.707106,0.50974317 0.0013910093 0.8603255,
  0.28055372 0.0010730296 0.95983773] }
}
}
DEF SHAPE_37 Shape {
 appearance USE APP_1
 geometry DEF FACE_37 IndexedFaceSet {
  coord DEF COORD_37 Coordinate { point [
  30.173228 0.90551166 0.76771653,30.173228 0.90752407 0.75243194,
  30.173228 0.9134237 0.73818897,30.173228 0.92280866 0.72595826,
  30.173228 0.93503937 0.7165733,30.173228 0.94928234 0.71067367,
  30.173228 0.96456693 0.70866142,30.271654 0.86614173 0.70866142,
  30.2683 0.89161605 0.70866142,30.258467 0.91535433 0.70866142,
  30.242825 0.93573886 0.70866142,30.222441 0.95138045 0.70866142,
  30.198703 0.96121317 0.70866142,30.212596 0.8661418 0.76771654,
  30.21408 0.86614173 0.75457569,30.218447 0.86614173 0.74209371,
  30.225483 0.86614173 0.73089658,30.234834 0.86614173 0.72154585,
  30.246031 0.86614173 0.71451047,30.258513 0.86614173 0.71014327,
  30.181989 0.90452303 0.76771654,30.19031 0.90161184 0.76771654,
  30.197775 0.89692178 0.76771654,30.204008 0.89068809 0.76771654,
  30.208698 0.88322344 0.76771654,30.21161 0.87490222 0.76771654,
  30.192206 0.94928765 0.71014205,30.189428 0.93711855 0.71450971,
  30.210232 0.94298011 0.71014205,30.186937 0.92620208 0.72154538,
  30.204816 0.93173417 0.71450971,30.226402 0.93281959 0.71014205,
  30.233533 0.92644677 0.71014205,30.184856 0.91708565 0.73089627,
  30.199958 0.92164584 0.72154538,30.21862 0.92306073 0.71450971,
  30.239906 0.91931558 0.71014205,30.224707 0.91762062 0.71450971,
  30.18329 0.91022638 0.74209348,30.247087 0.90878383 0.71014205,
  30.195901 0.91322098 0.73089627,30.211638 0.9143064 0.72154538,
  30.230147 0.91153314 0.71450971,30.21679 0.909703 0.72154538,
  30.182437 0.90648651 0.75243194,30.236277 0.9025428 0.71450971,
  30.192848 0.90688207 0.74209348,30.205808 0.90699558 0.73089627,
  30.221393 0.90455179 0.72154538,30.255607 0.88821491 0.71014205,
  30.210178 0.90309092 0.73089627,30.191183 0.90342591 0.75243194,
  30.22658 0.8969442 0.72154538,30.201422 0.90149487 0.74209348,
  30.214082 0.89872161 0.73089627,30.24355 0.88498431 0.71450971,
  30.205203 0.89811595 0.74209348,30.218482 0.89226876 0.73089627,
  30.19903 0.89849574 0.75243194,30.208581 0.89433494 0.74209348,
  30.232734 0.88208626 0.72154538,30.20249 0.89540346 0.75243194,
  30.212389 0.88875092 0.74209348,30.205582 0.8919432 0.75243194,
  30.223702 0.87966607 0.73089627,30.209066 0.8868329 0.75243194,
  30.216906 0.87784511 0.74209348,30.213201 0.87685227 0.75243194] }
 coordIndex [
  13,14,25,-1,26,6,5,-1,26,12,6,-1,27,5,4,-1,27,26,5,-1,28,11,12,-1,28,12,26,-1,29,4,3,-1,
  29,27,4,-1,30,28,26,-1,30,26,27,-1,31,10,11,-1,31,11,28,-1,32,10,31,-1,33,3,2,-1,33,29,3,-1,
  34,27,29,-1,34,30,27,-1,35,31,28,-1,35,28,30,-1,36,9,10,-1,36,10,32,-1,37,32,31,-1,37,31,35,-1,
  38,2,1,-1,38,33,2,-1,39,9,36,-1,40,34,29,-1,40,29,33,-1,41,30,34,-1,41,35,30,-1,42,32,37,-1,
  42,36,32,-1,43,37,35,-1,43,35,41,-1,44,1,0,-1,44,0,20,-1,44,38,1,-1,45,39,36,-1,45,36,42,-1,
  46,33,38,-1,46,40,33,-1,47,41,34,-1,47,34,40,-1,48,37,43,-1,48,42,37,-1,49,7,8,-1,49,8,9,-1,
  49,19,7,-1,49,9,39,-1,50,43,41,-1,50,41,47,-1,51,38,44,-1,51,20,21,-1,51,44,20,-1,51,46,38,-1,
  52,42,48,-1,52,45,42,-1,53,40,46,-1,53,47,40,-1,54,43,50,-1,54,48,43,-1,55,39,45,-1,55,18,19,-1,
  55,19,49,-1,55,49,39,-1,56,50,47,-1,56,47,53,-1,57,52,48,-1,57,48,54,-1,58,21,22,-1,58,46,51,-1,
  58,53,46,-1,58,51,21,-1,59,50,56,-1,59,54,50,-1,60,17,18,-1,60,18,55,-1,60,45,52,-1,60,55,45,-1,
  61,22,23,-1,61,58,22,-1,61,56,53,-1,61,53,58,-1,62,54,59,-1,62,57,54,-1,63,59,56,-1,63,61,23,-1,
  63,56,61,-1,64,16,17,-1,64,52,57,-1,64,17,60,-1,64,60,52,-1,65,23,24,-1,65,63,23,-1,65,62,59,-1,
  65,59,63,-1,66,15,16,-1,66,64,57,-1,66,57,62,-1,66,16,64,-1,67,14,15,-1,67,24,25,-1,67,65,24,-1,
  67,15,66,-1,67,62,65,-1,67,66,62,-1,67,25,14,-1]
  normalPerVertex TRUE
  normal DEF NORM_37 Normal { vector [
  0.11110231 0.98529891 0.12977806,0.1230824 0.95092976 0.28387202,
  0.11623947 0.85174819 0.51089471,0.097369042 0.69940234 0.70806472,
  0.071231566 0.50318222 0.86123964,0.040490549 0.27496131 0.96060231,
  0.021082491 0.12234066 0.99226422,0.11199507 0.014770241 0.99359899,
  0.10814938 0.028978539 0.99371221,0.099846232 0.05465229 0.99350081,
  0.082417264 0.082417264 0.99318417,0.058512652 0.099001805 0.99336545,
  0.031825523 0.10977209 0.99344714,0.9875203 0.11118251 0.11154424,
  0.97493532 0.11975963 0.18750668,0.90432979 0.12552939 0.40795833,
  0.79813776 0.10512538 0.59323248,0.64699096 0.085214759 0.75772102,
  0.46292546 0.060985032 0.88429681,0.25510907 0.03363715 0.96632702,
  0.25797879 0.95729309 0.13052541,0.46447342 0.87591953 0.13049681,
  0.62664094 0.767142 0.13716517,0.77848518 0.61177795 0.14031597,
  0.90221248 0.41091318 0.13100761,0.9758513 0.18047075 0.1230632,
  0.050636642 0.20901887 0.97659974,0.096062573 0.42515815 0.90000696,
  0.096152917 0.19096412 0.97687631,0.13665746 0.61605002 0.77576228,
  0.18694566 0.38544718 0.90359382,0.12126602 0.16300688 0.97914417,
  0.17329348 0.16865183 0.97032259,0.17130629 0.77394559 0.60964119,
  0.26791247 0.55757984 0.785702,0.24245036 0.34035291 0.90850301,
  0.16535414 0.12366563 0.97845021,0.30333697 0.30249631 0.9035943,
  0.1973515 0.88393892 0.42391553,0.22245814 0.10632388 0.96912724,
  0.33593095 0.70192996 0.62804835,0.35246252 0.49736428 0.79271618,
  0.34417598 0.26323214 0.90125009,0.4372279 0.4376117 0.78570208,
  0.19410737 0.9598328 0.20259153,0.39165394 0.19656547 0.89887107,
  0.38172531 0.80494857 0.45425058,0.44509973 0.62944966 0.63692963,
  0.49397947 0.37943801 0.78231137,0.17597749 0.047168849 0.98326345,
  0.5495842 0.5509187 0.6280492,0.38932492 0.89321674 0.22492213,
  0.55971021 0.28308028 0.7788389,0.50992798 0.72466636 0.46349987,
  0.61942707 0.47667316 0.62377304,0.38254028 0.10252586 0.91823275,
  0.6280592 0.63181773 0.45425544,0.70007981 0.3552413 0.61942867,
  0.54575165 0.80720353 0.22489463,0.70669481 0.54613499 0.44979887,
  0.57013653 0.15278708 0.80721772,0.68574135 0.69530378 0.21520095,
  0.79719958 0.4076093 0.44533974,0.76240507 0.59956735 0.24342864,
  0.72938519 0.19545813 0.65558628,0.85602329 0.4693926 0.21655185,
  0.84593143 0.22669547 0.48271025,0.93586913 0.25741202 0.24059929] }
}
}
DEF SHAPE_38 Shape {
 appearance USE APP_1
 geometry DEF FACE_38 IndexedFaceSet {
  coord DEF COORD_38 Coordinate { point [
  30.173228 0.90551058 1.7322835,30.173228 0.90551166 0.76771653,
  30.183418 0.9041703 1.7322835,30.192913 0.90023721 1.7322835,
  30.201067 0.89398058 1.7322835,30.207324 0.88582677 1.7322835,
  30.211257 0.87633146 1.7322835,30.212597 0.86614174 1.7322835,
  30.212596 0.8661418 0.76771654,30.181989 0.90452303 0.76771654,
  30.19031 0.90161184 0.76771654,30.197775 0.89692178 0.76771654,
  30.204008 0.89068809 0.76771654,30.208698 0.88322344 0.76771654,
  30.21161 0.87490222 0.76771654] }
 coordIndex [
  9,1,0,-1,9,0,2,-1,10,2,3,-1,10,9,2,-1,11,3,4,-1,11,10,3,-1,12,4,5,-1,12,11,4,-1,
  13,5,6,-1,13,12,5,-1,14,6,7,-1,14,13,6,-1,8,14,7,-1]
  normalPerVertex TRUE
  normal DEF NORM_38 Normal { vector [
  0.12197833 0.99253276 9.1662272e-05,0.11213909 0.99369252 1.1122265e-06,
  0.28050762 0.95985179 0.00011605302,0.50974041 0.86032824 0.00015081778,
  0.70710685 0.70710669 0.00016242962,0.86032836 0.50974022 0.00015081758,
  0.95985186 0.2805074 0.00011605263,0.9925474 0.12185914 9.0566399e-05,
  0.99372165 0.1118807 -1.2628897e-06,0.18869454 0.98203583 1.7261084e-05,
  0.41508201 0.909784 -1.3476125e-05,0.61806268 0.78612882 -2.821985e-05,
  0.78612889 0.61806259 -2.8219786e-05,0.90978405 0.4150819 -1.3475932e-05,
  0.98205123 0.18861439 1.6507216e-05] }
}
}
DEF SHAPE_39 Shape {
 appearance USE APP_1
 geometry DEF FACE_39 IndexedFaceSet {
  coord DEF COORD_39 Coordinate { point [
  30.173228 0.86614176 1.7716523,30.173228 0.87633148 1.770312,
  30.173228 0.88582678 1.7663789,30.173228 0.89398058 1.7601223,
  30.173228 0.90023722 1.7519685,30.173228 0.9041703 1.7424732,
  30.173228 0.90551058 1.7322835,30.173228 0.86614176 1.7716523,
  30.212597 0.86614174 1.7322835,30.211257 0.86614173 1.7424732,
  30.207324 0.86614173 1.7519685,30.201067 0.86614173 1.7601223,
  30.192913 0.86614173 1.766379,30.183418 0.86614173 1.770312,
  30.183418 0.9041703 1.7322835,30.192913 0.90023721 1.7322835,
  30.201067 0.89398058 1.7322835,30.207324 0.88582677 1.7322835,
  30.211257 0.87633146 1.7322835,30.210211 0.87199913 1.7444495,
  30.20659 0.88314058 1.7444495,30.199705 0.89261805 1.7444495,
  30.203521 0.87598425 1.7554246,30.190227 0.89950384 1.7444495,
  30.198996 0.88486332 1.7554246,30.196085 0.86976181 1.7641345,
  30.179086 0.90312392 1.7444495,30.19195 0.89190978 1.7554246,
  30.193847 0.8766476 1.7641345,30.183071 0.89643389 1.7554246,
  30.189592 0.882505 1.7641345,30.184799 0.86990124 1.7697266,
  30.183734 0.88676065 1.7641345,30.183071 0.87329275 1.7697266,
  30.176848 0.88899798 1.7641345,30.180379 0.87598426 1.7697266,
  30.176988 0.87771231 1.7697266] }
 coordIndex [
  9,8,18,-1,5,14,6,-1,19,10,9,-1,19,9,18,-1,20,18,17,-1,20,19,18,-1,21,16,15,-1,21,17,16,-1,
  21,20,17,-1,22,11,10,-1,22,19,20,-1,22,10,19,-1,23,15,14,-1,23,21,15,-1,24,20,21,-1,24,22,20,-1,
  25,12,11,-1,25,11,22,-1,26,5,4,-1,26,23,14,-1,26,14,5,-1,27,24,21,-1,27,21,23,-1,28,25,22,-1,
  28,22,24,-1,29,4,3,-1,29,26,4,-1,29,23,26,-1,29,27,23,-1,30,24,27,-1,30,28,24,-1,31,13,12,-1,
  31,7,13,-1,31,12,25,-1,31,25,28,-1,32,27,29,-1,32,30,27,-1,33,7,31,-1,33,28,30,-1,33,31,28,-1,
  34,3,2,-1,34,29,3,-1,34,32,29,-1,35,0,7,-1,35,7,33,-1,35,30,32,-1,35,33,30,-1,36,1,0,-1,
  36,2,1,-1,36,0,35,-1,36,34,2,-1,36,32,34,-1,36,35,32,-1]
  normalPerVertex TRUE
  normal DEF NORM_39 Normal { vector [
  0.087384233 0.13585084 0.98686805,0.055282902 0.25836739 0.96446363,
  0.050918772 0.47756572 0.8771193,0.097652461 0.72699716 0.67966104,
  0.11230596 0.8565741 0.50365483,0.10793883 0.97523938 0.19302166,
  0.12931422 0.98313564 0.12931415,0.1274269 0.096030769 0.98718817,
  0.98313567 0.12931397 0.12931414,0.97523938 0.10793867 0.19302175,
  0.85657403 0.11230596 0.50365495,0.72699706 0.097652411 0.67966116,
  0.47756554 0.050918681 0.8771194,0.25836706 0.055283037 0.96446371,
  0.25525604 0.95485509 0.15197407,0.52598349 0.83559038 0.15852471,
  0.69840124 0.69840101 0.15643444,0.83559048 0.52598332 0.15852474,
  0.95485513 0.25525588 0.15197409,0.92053546 0.21755714 0.32447398,
  0.85279536 0.42091502 0.30914498,0.67683056 0.6768305 0.28948378,
  0.77640668 0.25066142 0.57824001,0.42091506 0.85279534 0.30914499,
  0.66014566 0.47962389 0.57807321,0.58308679 0.15186702 0.79808909,
  0.21755716 0.92053547 0.32447392,0.47962389 0.66014566 0.57807321,
  0.54002776 0.27515789 0.79539811,0.25066142 0.77640669 0.57824,
  0.42856846 0.42856846 0.79539811,0.34578291 0.12369411 0.93012577,
  0.27515789 0.54002776 0.79539811,0.2890921 0.21003771 0.93397533,
  0.15186701 0.58308685 0.79808906,0.21003773 0.28909213 0.93397532,
  0.12369406 0.34578303 0.93012573] }
}
}
DEF SHAPE_40 Shape {
 appearance USE APP_1
 geometry DEF FACE_40 IndexedFaceSet {
  coord DEF COORD_40 Coordinate { point [
  28.88189 0.90551166 0.76771653,28.88189 0.90551058 1.7322835,
  30.173228 0.90551058 1.7322835,30.173228 0.90551166 0.76771653,
  29.724409 0.90551181 1.515748,29.724409 0.90551181 1.3582677,
  29.84252 0.90551181 1.3582677,29.84252 0.90551181 1.515748,
  29.586614 0.90551181 1.003937,29.468504 0.90551181 1.003937,
  29.468504 0.90551181 0.84645669,29.586614 0.90551181 0.84645669,
  30.098425 0.90551181 0.84645669,30.098425 0.90551181 1.003937,
  29.980315 0.90551181 1.003937,29.980315 0.90551181 0.84645669,
  29.724409 0.90551181 1.003937,29.724409 0.90551181 0.84645669,
  29.84252 0.90551181 0.84645669,29.84252 0.90551181 1.003937,
  29.212598 0.90551181 1.515748,29.212598 0.90551181 1.3582677,
  29.330709 0.90551181 1.3582677,29.330709 0.90551181 1.515748,
  28.956693 0.90551181 1.3582677,28.956693 0.90551181 1.515748,
  29.074803 0.90551181 1.3582677,29.074803 0.90551181 1.515748,
  29.074803 0.90551181 1.003937,28.956693 0.90551181 1.003937,
  28.956693 0.90551181 0.84645669,29.074803 0.90551181 0.84645669,
  29.980315 0.90551181 1.515748,29.980315 0.90551181 1.3582677,
  30.098425 0.90551181 1.3582677,30.098425 0.90551181 1.515748,
  29.212598 0.90551181 1.003937,29.212598 0.90551181 0.84645669,
  29.330709 0.90551181 0.84645669,29.330709 0.90551181 1.003937,
  29.586614 0.90551181 1.3582677,29.586614 0.90551181 1.515748,
  29.468504 0.90551181 1.515748,29.468504 0.90551181 1.3582677] }
 coordIndex [
  27,25,1,-1,24,1,25,-1,20,27,1,-1,23,20,1,-1,21,26,27,-1,21,27,20,-1,42,23,1,-1,28,24,26,-1,
  28,29,24,-1,41,42,1,-1,43,22,23,-1,43,23,42,-1,0,29,30,-1,0,24,29,-1,0,1,24,-1,36,26,21,-1,
  36,28,26,-1,31,0,30,-1,39,21,22,-1,39,36,21,-1,5,40,41,-1,5,41,4,-1,37,31,28,-1,37,0,31,-1,
  37,28,36,-1,2,7,4,-1,2,41,1,-1,2,4,41,-1,9,22,43,-1,9,39,22,-1,32,7,2,-1,35,32,2,-1,
  8,43,40,-1,8,9,43,-1,10,39,9,-1,10,38,39,-1,33,7,32,-1,33,6,7,-1,16,8,40,-1,16,40,5,-1,
  34,35,2,-1,19,5,6,-1,19,16,5,-1,17,8,16,-1,17,11,8,-1,14,6,33,-1,14,19,6,-1,18,19,14,-1,
  13,14,33,-1,13,33,34,-1,15,18,14,-1,3,34,2,-1,3,12,13,-1,3,15,12,-1,3,18,15,-1,3,13,34,-1,
  3,0,37,-1,3,37,38,-1,3,38,10,-1,3,10,11,-1,3,11,17,-1,3,17,18,-1]
  normalPerVertex TRUE
  normal DEF NORM_40 Normal { vector [
  -3.7223106e-06 1 -6.7991563e-07,-1.9597101e-06 1 4.896989e-06,
  2.0637779e-06 1 4.8536102e-06,3.0644968e-06 1 -9.035783e-07,
  0 1 4.0885637e-06,0 1 0,
  0 1 0,0 1 3.1906831e-06,
  0 1 0,0 1 0,
  0 1 -6.1938341e-07,0 1 -9.4054518e-07,
  1.149082e-06 1 -8.6181151e-07,6.4535492e-07 1 0,
  0 1 0,0 1 -9.4054518e-07,
  0 1 0,0 1 -6.1938341e-07,
  0 1 -6.1938341e-07,0 1 0,
  0 1 4.0901694e-06,0 1 0,
  0 1 0,0 1 3.1919362e-06,
  -5.3278181e-06 1 4.1544227e-07,-5.195938e-06 1 3.8969535e-06,
  0 1 0,0 1 3.1919362e-06,
  0 1 0,-9.8547266e-07 1 0,
  -1.1526908e-06 1 -8.645181e-07,0 1 -9.4349907e-07,
  0 1 4.0885637e-06,0 1 0,
  6.7872634e-06 1 5.2960911e-07,5.1938979e-06 1 3.8954234e-06,
  0 1 0,0 1 -1.4435527e-06,
  0 1 -9.4054518e-07,0 1 0,
  0 1 0,0 1 5.0380676e-06,
  0 1 4.0901694e-06,0 1 0] }
}
}
DEF SHAPE_41 Shape {
 appearance USE APP_1
 geometry DEF FACE_41 IndexedFaceSet {
  coord DEF COORD_41 Coordinate { point [
  28.88189 0.96456693 0.70866142,28.88189 0.94928234 0.71067367,
  28.88189 0.93503937 0.7165733,28.88189 0.92280865 0.72595826,
  28.88189 0.9134237 0.73818898,28.88189 0.90752407 0.75243195,
  28.88189 0.90551166 0.76771653,30.173228 0.96456693 0.70866142,
  30.173228 0.90551166 0.76771653,30.173228 0.90752407 0.75243194,
  30.173228 0.9134237 0.73818897,30.173228 0.92280866 0.72595826,
  30.173228 0.93503937 0.7165733,30.173228 0.94928234 0.71067367] }
 coordIndex [
  8,5,6,-1,9,4,5,-1,9,5,8,-1,10,3,4,-1,10,4,9,-1,11,2,3,-1,11,3,10,-1,12,1,2,-1,
  12,2,11,-1,13,0,1,-1,13,1,12,-1,7,0,13,-1]
  normalPerVertex TRUE
  normal DEF NORM_41 Normal { vector [
  0 0.13052619 0.99144486,0 0.30091827 0.95364993,
  0 0.5374875 0.84327172,0 0.73742783 0.67542594,
  0 0.88711368 0.461551,0 0.97634278 0.21622851,
  0 0.99144356 0.13053605,0 0.13052619 0.99144486,
  0 0.99144356 0.13053604,0 0.95364896 0.30092135,
  0 0.8432717 0.53748753,0 0.67542591 0.73742785,
  0 0.46155097 0.88711369,0 0.21622209 0.97634421] }
}
}
DEF SHAPE_42 Shape {
 appearance USE APP_1
 geometry DEF FACE_42 IndexedFaceSet {
  coord DEF COORD_42 Coordinate { point [
  30.688977 0.94488189 0.70866142,30.688976 0.88582677 0.70866142,
  30.27559 0.88582677 0.70866142,30.275589 0.94488189 0.70866142,
  30.216534 1.0039352 0.70866142,30.229675 1.0024555 0.70866142,
  30.242157 0.99808844 0.70866142,30.253355 0.99105313 0.70866142,
  30.262706 0.98170237 0.70866142,30.269741 0.97050512 0.70866142,
  30.274109 0.95802296 0.70866142,28.838594 1.0039352 0.70866142,
  28.779528 0.94488189 0.70866142,28.78101 0.95802429 0.70866142,
  28.785378 0.97050758 0.70866142,28.792415 0.98170557 0.70866142,
  28.801768 0.99105653 0.70866142,28.812967 0.9980914 0.70866142,
  28.825451 1.0024573 0.70866142,28.779528 0.88582677 0.70866142,
  28.366142 0.88582677 0.70866142,28.36614 0.94488189 0.70866142,
  28.307085 1.0039352 0.70866142,28.320226 1.0024555 0.70866142,
  28.332708 0.99808844 0.70866142,28.343906 0.99105313 0.70866142,
  28.353257 0.98170237 0.70866142,28.360292 0.97050512 0.70866142,
  28.36466 0.95802296 0.70866142,28.287405 1.0039365 0.70866142,
  28.169292 0.88582368 0.70866142,28.172252 0.91210661 0.70866142,
  28.180987 0.93707169 0.70866142,28.195059 0.95946696 0.70866142,
  28.213761 0.97816933 0.70866142,28.236157 0.99224089 0.70866142,
  28.261122 1.000976 0.70866142,28.169292 0.59448693 0.70866142,
  28.186591 0.55272879 0.70866142,28.179245 0.56167718 0.70866142,
  28.173787 0.57188695 0.70866142,28.170427 0.58296552 0.70866142,
  28.446427 0.29289224 0.70866142,28.488188 0.27559159 0.70866142,
  28.476666 0.27672588 0.70866142,28.465586 0.28008707 0.70866142,
  28.455376 0.28554592 0.70866142,29.515748 0.27559055 0.70866142,
  29.515748 0.19685039 0.70866142,29.527559 0.19685039 0.70866142,
  29.527559 0.27559061 0.70866142,30.56693 0.27559125 0.70866142,
  30.608689 0.29288999 0.70866142,30.59974 0.28554455 0.70866142,
  30.58953 0.28008654 0.70866142,30.578452 0.27672581 0.70866142,
  30.868525 0.55272606 0.70866142,30.885826 0.59448393 0.70866142,
  30.884691 0.58296245 0.70866142,30.88133 0.57188394 0.70866142,
  30.875871 0.56167437 0.70866142,30.885826 0.88582368 0.70866142,
  30.767716 1.0039365 0.70866142,30.793999 1.0009754 0.70866142,
  30.818963 0.99224002 0.70866142,30.841358 0.97816832 0.70866142,
  30.86006 0.95946602 0.70866142,30.874131 0.93707096 0.70866142,
  30.882866 0.91210621 0.70866142,30.748043 1.0039352 0.70866142,
  30.690459 0.95802429 0.70866142,30.694827 0.97050758 0.70866142,
  30.701864 0.98170557 0.70866142,30.711217 0.99105653 0.70866142,
  30.722416 0.9980914 0.70866142,30.7349 1.0024573 0.70866142,
  29.966535 0.71653548 0.70866142,29.966535 0.61023622 0.70866214,
  29.856299 0.61023622 0.70866265,29.856299 0.71653543 0.70866152,
  29.71063 0.71653548 0.70866142,29.71063 0.61023622 0.70866214,
  29.600394 0.61023622 0.70866265,29.600394 0.71653543 0.70866152,
  29.454724 0.71653548 0.70866142,29.454724 0.61023622 0.70866214,
  29.344488 0.61023622 0.70866265,29.344488 0.71653543 0.70866152,
  29.198819 0.71653548 0.70866142,29.198819 0.61023622 0.70866214,
  29.088583 0.61023622 0.70866326,29.088583 0.71653543 0.70866152,
  28.942913 0.71653548 0.70866142,28.942913 0.61023622 0.70866326,
  28.88189 0.61023622 0.70866142,28.783465 0.70866142 0.70866142,
  28.786818 0.6831871 0.70866142,28.796651 0.65944882 0.70866142,
  28.812293 0.63906429 0.70866142,28.832677 0.6234227 0.70866142,
  28.856415 0.61358998 0.70866142,28.783465 0.86614173 0.70866142,
  28.88189 0.96456693 0.70866142,28.859988 0.9620992 0.70866142,
  28.839185 0.95481977 0.70866142,28.820523 0.94309365 0.70866142,
  28.804938 0.92750884 0.70866142,28.793212 0.90884682 0.70866142,
  28.785932 0.8880434 0.70866142,30.173228 0.96456693 0.70866142,
  30.271654 0.86614173 0.70866142,30.2683 0.89161605 0.70866142,
  30.258467 0.91535433 0.70866142,30.242825 0.93573886 0.70866142,
  30.222441 0.95138045 0.70866142,30.198703 0.96121317 0.70866142,
  30.271654 0.70866142 0.70866142,30.173228 0.61023622 0.70866142,
  30.198703 0.61358998 0.70866142,30.222441 0.6234227 0.70866142,
  30.242825 0.63906429 0.70866142,30.258467 0.65944882 0.70866142,
  30.2683 0.6831871 0.70866142,30.112205 0.61023622 0.70866326,
  30.112205 0.71653543 0.70866152] }
 coordIndex [
  44,46,45,-1,44,42,46,-1,37,39,38,-1,37,40,39,-1,37,41,40,-1,43,42,44,-1,20,31,30,-1,20,32,31,-1,
  20,33,32,-1,20,34,33,-1,20,35,34,-1,20,30,37,-1,20,37,38,-1,36,35,20,-1,21,22,29,-1,21,29,36,-1,
  21,36,20,-1,23,22,21,-1,24,21,28,-1,24,23,21,-1,26,25,24,-1,26,28,27,-1,26,24,28,-1,97,42,43,-1,
  97,43,98,-1,99,98,43,-1,100,99,43,-1,96,38,42,-1,96,20,38,-1,96,42,97,-1,94,100,43,-1,95,20,96,-1,
  93,94,43,-1,101,20,95,-1,19,20,101,-1,108,19,101,-1,107,19,108,-1,12,19,107,-1,106,12,107,-1,105,13,12,-1,
  105,14,13,-1,105,12,106,-1,15,14,105,-1,47,48,49,-1,16,15,105,-1,104,16,105,-1,50,47,49,-1,91,93,90,-1,
  91,92,93,-1,89,90,47,-1,17,16,104,-1,18,17,104,-1,11,104,103,-1,11,18,104,-1,102,11,103,-1,86,89,47,-1,
  87,89,86,-1,87,88,89,-1,85,47,50,-1,85,86,47,-1,82,85,50,-1,83,85,82,-1,83,84,85,-1,81,82,50,-1,
  78,81,50,-1,79,81,78,-1,79,80,81,-1,124,77,123,-1,124,76,77,-1,51,118,117,-1,51,117,123,-1,119,118,51,-1,
  120,119,51,-1,53,55,54,-1,53,51,55,-1,52,51,53,-1,121,120,51,-1,121,51,52,-1,122,121,52,-1,109,11,102,-1,
  2,111,110,-1,4,115,114,-1,4,109,115,-1,4,11,109,-1,3,112,111,-1,3,111,2,-1,3,113,112,-1,5,4,114,-1,
  10,113,3,-1,6,5,114,-1,9,114,113,-1,9,113,10,-1,7,6,114,-1,8,7,114,-1,8,114,9,-1,56,122,52,-1,
  59,56,60,-1,58,56,59,-1,57,56,58,-1,1,2,110,-1,1,110,116,-1,1,116,122,-1,1,122,56,-1,1,56,57,-1,
  72,71,70,-1,75,73,72,-1,75,74,73,-1,69,72,70,-1,69,75,72,-1,69,70,0,-1,61,1,57,-1,62,69,0,-1,
  68,1,61,-1,63,0,1,-1,63,62,0,-1,67,1,68,-1,64,63,1,-1,66,1,67,-1,65,64,1,-1,65,1,66,-1,
  43,47,93,-1,93,47,90,-1,50,51,123,-1,50,123,77,-1,50,77,78,-1]
  normalPerVertex TRUE
  normal DEF NORM_42 Normal { vector [
  0 0 1,0 0 1,
  0 0 1,0 0 1,
  0 0 1,0 0 1,
  0 0 1,0 0 1,
  0 0 1,0 0 1,
  0 0 1,0 0 1,
  0 0 1,0 0 1,
  0 0 1,0 0 1,
  0 0 1,0 0 1,
  0 0 1,0 0 1,
  0 0 1,0 0 1,
  0 0 1,0 0 1,
  0 0 1,0 0 1,
  0 0 1,0 0 1,
  0 0 1,0 0 1,
  0 0 1,0 0 1,
  0 0 1,0 0 1,
  0 0 1,0 0 1,
  0 0 1,0 0 1,
  0 0 1,0 0 1,
  0 0 1,0 0 1,
  0 0 1,-1.4298219e-06 -2.7082508e-06 1,
  0 0 1,0 0 1,
  0 0 1,7.2468859e-07 -4.2439093e-06 1,
  0 0 1,0 0 1,
  -6.5918305e-07 -3.7827409e-06 1,1.4166137e-06 -2.7332315e-06 1,
  0 0 1,0 0 1,
  0 0 1,0 0 1,
  0 0 1,0 0 1,
  0 0 1,0 0 1,
  0 0 1,0 0 1,
  0 0 1,0 0 1,
  0 0 1,0 0 1,
  0 0 1,0 0 1,
  0 0 1,0 0 1,
  0 0 1,0 0 1,
  0 0 1,0 0 1,
  0 0 1,0 0 1,
  -7.0405466e-07 6.7537416e-06 1,-2.88792e-06 3.815934e-06 1,
  -5.3905151e-07 -1.4893795e-06 1,-2.1121743e-06 8.6833834e-06 1,
  -7.0405736e-07 6.7537416e-06 1,-5.6096311e-07 7.3063704e-07 1,
  -5.3905151e-07 -1.489379e-06 1,-2.112173e-06 8.6833853e-06 1,
  -7.0405466e-07 6.7537416e-06 1,-5.4257107e-07 5.8611212e-07 1,
  -5.3905144e-07 -1.4893793e-06 1,-2.1121743e-06 8.6833834e-06 1,
  -7.0405736e-07 6.7537416e-06 1,1.2050314e-06 2.4031375e-06 1,
  3.7334279e-06 2.6054128e-06 1,-3.5202838e-07 1.6884354e-05 1,
  -7.0405406e-07 1.736676e-05 1,-1.4159339e-06 -2.0634259e-06 1,
  -2.0411335e-05 2.4013444e-05 1,0 0 1,
  0 0 1,0 0 1,
  0 0 1,0 0 1,
  0 0 1,0 0 1,
  0 0 1,0 0 1,
  0 0 1,0 0 1,
  0 0 1,0 0 1,
  0 0 1,0 0 1,
  0 0 1,0 0 1,
  0 0 1,0 0 1,
  0 0 1,0 0 1,
  0 0 1,2.0411338e-05 2.4013466e-05 1,
  0 0 1,0 0 1,
  0 0 1,0 0 1,
  0 0 1,2.7822683e-07 -1.2655589e-06 1,
  -4.2243468e-06 1.1577846e-05 1] }
}
}
DEF SHAPE_43 Shape {
 appearance USE APP_1
 geometry DEF FACE_43 IndexedFaceSet {
  coord DEF COORD_43 Coordinate { point [
  28.169292 0.88582368 0.70866142,28.172252 0.91210661 0.70866142,
  28.180987 0.93707169 0.70866142,28.195059 0.95946696 0.70866142,
  28.213761 0.97816933 0.70866142,28.236157 0.99224089 0.70866142,
  28.261122 1.000976 0.70866142,28.287405 1.0039365 0.70866142,
  28.287401 1.0039369 0.17716549,28.287401 1.0039368 0.11811024,
  28.261119 1.0009755 0.11811024,28.236155 0.99224027 0.11811024,
  28.213761 0.97816902 0.11811024,28.195059 0.95946729 0.11811024,
  28.180988 0.93707291 0.11811024,28.172253 0.91210883 0.11811024,
  28.169292 0.88582689 0.11811024,28.169291 0.88582735 0.17716544] }
 coordIndex [
  10,8,9,-1,6,7,8,-1,6,8,10,-1,5,10,11,-1,5,6,10,-1,4,11,12,-1,4,5,11,-1,3,12,13,-1,
  3,13,14,-1,3,4,12,-1,17,15,16,-1,2,14,15,-1,2,3,14,-1,1,2,15,-1,1,15,17,-1,0,1,17,-1]
  normalPerVertex TRUE
  normal DEF NORM_43 Normal { vector [
  -0.99371563 0.11193414 1.3765776e-06,-0.98211109 0.18830243 4.2969451e-07,
  -0.91662265 0.39975357 1.4472078e-07,-0.78183352 0.62348725 8.8327512e-08,
  -0.59370486 0.80468288 9.0651055e-08,-0.39975372 0.91662258 1.4949199e-07,
  -0.18830273 0.98211103 4.3960871e-07,-0.11193409 0.99371563 1.408336e-06,
  -0.11195433 0.99371335 3.2862591e-07,-0.11196846 0.99371176 -1.6442555e-06,
  -0.25427273 0.96713256 -1.4105171e-07,-0.46738834 0.88405211 -3.1799709e-08,
  -0.6523938 0.75788015 2.7037823e-08,-0.7818324 0.62348865 0,
  -0.88405229 0.467388 -2.702877e-08,-0.96713273 0.25427208 -2.0280805e-07,
  -0.99371237 0.11196302 -3.6899743e-06,-0.99371343 0.11195364 2.1916268e-07] }
}
}
DEF SHAPE_44 Shape {
 appearance USE APP_1
 geometry DEF FACE_44 IndexedFaceSet {
  coord DEF COORD_44 Coordinate { point [
  28.169291 0.88582735 0.17716544,28.169292 0.88582368 0.70866142,
  28.169292 0.9448819 0.17716547,28.169293 0.94488189 2.0866142,
  28.169291 0.91732272 2.0866146,28.169291 0.59842531 2.0866145,
  28.169292 0.59448819 2.0866142,28.169292 0.59448819 1.515748,
  28.169291 0.6496063 1.5157476,28.169291 0.76771633 1.3976378,
  28.169291 0.76475502 1.4239198,28.169291 0.75601984 1.4488839,
  28.169291 0.74194858 1.4712783,28.169291 0.72324683 1.4899801,
  28.169291 0.70085241 1.5040513,28.169291 0.67588829 1.5127865,
  28.169291 0.76771607 1.0826772,28.169291 0.6496063 0.96456711,
  28.169291 0.67588828 0.96752845,28.169291 0.70085241 0.97626362,
  28.169291 0.72324683 0.99033489,28.169291 0.74194858 1.0090366,
  28.169291 0.75601984 1.0314311,28.169291 0.76475501 1.0563952,
  28.169292 0.5944881 0.96456693,28.169292 0.59448693 0.70866142] }
 coordIndex [
  1,0,2,-1,17,24,25,-1,18,25,1,-1,18,17,25,-1,19,18,1,-1,20,19,1,-1,21,20,1,-1,22,21,1,-1,
  23,22,1,-1,16,23,1,-1,9,16,1,-1,5,6,7,-1,5,7,8,-1,5,8,15,-1,4,14,13,-1,4,15,14,-1,
  4,5,15,-1,3,10,9,-1,3,11,10,-1,3,12,11,-1,3,13,12,-1,3,4,13,-1,2,3,1,-1,1,3,9,-1]
  normalPerVertex TRUE
  normal DEF NORM_44 Normal { vector [
  1 -7.5440726e-06 -6.0860026e-07,1 -4.2255373e-06 2.1340063e-07,
  1 -5.6264781e-06 -3.95523e-07,1 -6.912787e-06 2.4011742e-07,
  1 -3.4620213e-06 1.2004529e-06,1 3.6124514e-06 4.1621921e-07,
  0.99999999 0.00012954997 1.138359e-06,1 2.6280417e-05 1.8505837e-06,
  1 1.2849674e-05 1.3586765e-06,1 -5.4658323e-06 -2.6775474e-07,
  1 -3.7193412e-06 -8.4890764e-07,1 -2.4850511e-06 -1.196725e-06,
  1 -1.7768715e-06 -1.4170037e-06,1 -1.6232537e-05 4.6770703e-06,
  1 2.1808041e-08 4.5285334e-08,1 -2.297152e-07 1.6225056e-07,
  1 -3.8603029e-06 3.3499815e-08,1 4.9176789e-06 1.6548284e-06,
  1 5.801695e-07 2.3692886e-06,1 -6.3249183e-07 1.3133965e-06,
  1 -9.0824751e-07 1.1389096e-06,1 -1.2218087e-06 9.7435726e-07,
  1 -1.6423391e-06 7.9090062e-07,1 -2.3372295e-06 5.3344075e-07,
  1 7.3514845e-06 1.1306126e-06,1 1.6668637e-06 2.2703119e-06] }
}
}
DEF SHAPE_45 Shape {
 appearance USE APP_1
 geometry DEF FACE_45 IndexedFaceSet {
  coord DEF COORD_45 Coordinate { point [
  28.186589 0.55273041 0.96456693,28.186591 0.55272879 0.70866142,
  28.169292 0.5944881 0.96456693,28.170426 0.58296703 0.96456693,
  28.173787 0.57188871 0.96456693,28.179244 0.56167907 0.96456693,
  28.169292 0.59448693 0.70866142,28.179245 0.56167718 0.70866142,
  28.173787 0.57188695 0.70866142,28.170427 0.58296552 0.70866142] }
 coordIndex [
  7,0,1,-1,7,5,0,-1,8,4,5,-1,8,5,7,-1,9,3,4,-1,9,4,8,-1,6,2,3,-1,6,3,9,-1]
  normalPerVertex TRUE
  normal DEF NORM_45 Normal { vector [
  0.77296168 0.63445271 7.4567994e-07,0.77293903 0.63448031 2.3604043e-06,
  0.99518618 0.098002404 6.7710915e-07,0.98666168 0.16278427 2.2662442e-07,
  0.93593827 0.35216409 -1.9702611e-07,0.84923 0.52802311 -2.4392962e-07,
  0.99518627 0.098001429 6.3277419e-07,0.812751 0.5826112 7.9029654e-07,
  0.91081299 0.41281921 2.910581e-07,0.97385837 0.22715607 2.4400153e-07] }
}
}
DEF SHAPE_46 Shape {
 appearance USE APP_1
 geometry DEF FACE_46 IndexedFaceSet {
  coord DEF COORD_46 Coordinate { point [
  28.186589 0.55273041 0.96456693,28.186591 0.55272879 0.70866142,
  28.446431 0.29288803 0.96456693,28.446427 0.29289224 0.70866142] }
 coordIndex [
  0,2,3,-1,0,3,1,-1]
  normalPerVertex TRUE
  normal DEF NORM_46 Normal { vector [
  0.70710734 0.70710622 1.1332561e-06,0.70710745 0.70710611 1.358401e-06,
  0.70710723 0.70710634 9.0811632e-07,0.70710734 0.70710622 1.1332561e-06] }
}
}
DEF SHAPE_47 Shape {
 appearance USE APP_1
 geometry DEF FACE_47 IndexedFaceSet {
  coord DEF COORD_47 Coordinate { point [
  28.488189 0.27559101 0.97244148,28.488188 0.27559159 0.70866142,
  28.464567 0.2805207 0.96456693,28.470728 0.27823074 0.96505334,
  28.476849 0.27669101 0.96653473,28.48269 0.27584755 0.96898708,
  28.446431 0.29288803 0.96456693,28.451945 0.28802102 0.96456693,
  28.458022 0.28387701 0.96456693,28.446427 0.29289224 0.70866142,
  28.476666 0.27672588 0.70866142,28.465586 0.28008707 0.70866142,
  28.455376 0.28554592 0.70866142] }
 coordIndex [
  1,5,0,-1,10,3,4,-1,10,4,5,-1,10,5,1,-1,11,2,3,-1,11,8,2,-1,11,3,10,-1,12,7,8,-1,
  12,8,11,-1,9,6,7,-1,9,7,12,-1]
  normalPerVertex TRUE
  normal DEF NORM_47 Normal { vector [
  0.046603201 0.99891348 2.1611088e-06,0.08129214 0.99669004 0.00073700304,
  0.4060758 0.91383939 6.9341981e-05,0.29409927 0.95577477 0.00045886431,
  0.19539709 0.98072421 -5.9548937e-06,0.096986034 0.99528559 0.00055814573,
  0.66170595 0.74976345 2.2966789e-06,0.62295117 0.78226066 0.00033212027,
  0.49361885 0.86967828 0.00035051734,0.64516445 0.76404347 0.00063083498,
  0.19470569 0.98086144 0.00072020095,0.39149041 0.92018196 0.00064751537,
  0.55754326 0.83014765 0.00061993185] }
}
}
DEF SHAPE_48 Shape {
 appearance USE APP_1
 geometry DEF FACE_48 IndexedFaceSet {
  coord DEF COORD_48 Coordinate { point [
  28.464567 0.27559055 1.0629897,28.238189 0.27559002 1.0629921,
  28.238189 0.27558965 1.417323,28.464567 0.27559055 1.4173253,
  28.503935 0.27559055 1.4566929,28.502948 0.27559055 1.4479325,
  28.500037 0.27559055 1.4396112,28.495347 0.27559055 1.4321466,
  28.489113 0.27559055 1.4259129,28.481649 0.27559055 1.4212228,
  28.473327 0.27559055 1.4183116,28.503935 0.27559055 1.476378,
  28.488188 0.27559055 1.5078733,28.494793 0.27559055 1.5016037,
  28.49978 0.27559055 1.4939844,28.502882 0.27559055 1.4854231,
  28.488189 0.27559159 2.0866142,28.492126 0.27559043 2.0866146,
  29.515748 0.27559034 2.0866142,29.515749 0.27559055 1.850347,
  29.663687 0.27559055 1.7467594,29.637985 0.27559055 1.7407672,
  29.611596 0.27559055 1.7410549,29.586031 0.27559055 1.7476068,
  29.562756 0.27559055 1.7600475,29.543105 0.27559055 1.7776638,
  29.528204 0.27559055 1.799446,29.518908 0.27559055 1.8241457,
  29.856101 0.27559055 1.8167902,29.988188 0.27559055 1.7243021,
  29.985367 0.27559055 1.7476962,29.977067 0.27559055 1.7697494,
  29.963763 0.27559055 1.7891978,29.946218 0.27559055 1.8049267,
  29.925437 0.27559055 1.8160344,29.902611 0.27559055 1.8218843,
  29.879049 0.27559055 1.8221412,29.988188 0.27559055 1.5275591,
  29.889764 0.27559055 1.429134,29.911665 0.27559055 1.4316019,
  29.932469 0.27559055 1.4388811,29.951131 0.27559055 1.4506072,
  29.966716 0.27559055 1.4661919,29.978442 0.27559055 1.484854,
  29.985721 0.27559055 1.5056574,29.141732 0.27559055 1.4291334,
  29.031496 0.27559055 1.3188976,29.03426 0.27559055 1.3434275,
  29.042413 0.27559055 1.3667273,29.055546 0.27559055 1.3876288,
  29.073001 0.27559055 1.4050838,29.093903 0.27559055 1.4182169,
  29.117202 0.27559055 1.4263697,29.031497 0.27559055 1.1060447,
  29.179435 0.27559055 1.0024571,29.153733 0.27559055 0.99646487,
  29.127344 0.27559055 0.99675259,29.101779 0.27559055 1.0033045,
  29.078504 0.27559055 1.0157452,29.058853 0.27559055 1.0333615,
  29.043952 0.27559055 1.0551437,29.034656 0.27559055 1.0798434,
  29.38366 0.27559055 1.0767868,29.515747 0.27559055 0.98429864,
  29.512926 0.27559055 1.0076927,29.504626 0.27559055 1.029746,
  29.491322 0.27559055 1.0491944,29.473777 0.27559055 1.0649232,
  29.452996 0.27559055 1.076031,29.43017 0.27559055 1.0818809,
  29.406608 0.27559055 1.0821377,29.515748 0.27559055 0.70866142,
  28.488188 0.27559159 0.70866142,28.488189 0.27559101 0.97244148,
  28.503935 0.27559055 1.003937,28.502882 0.27559055 0.99489182,
  28.49978 0.27559055 0.98633051,28.494793 0.27559055 0.97871121,
  28.503935 0.27559055 1.023622,28.473327 0.27559055 1.0620034,
  28.481649 0.27559055 1.0590922,28.489113 0.27559055 1.0544021,
  28.495347 0.27559055 1.0481684,28.500037 0.27559055 1.0407037,
  28.502948 0.27559055 1.0323825] }
 coordIndex [
  44,43,42,-1,39,41,40,-1,37,44,42,-1,37,39,38,-1,37,42,41,-1,37,41,39,-1,67,65,64,-1,67,66,65,-1,
  70,69,68,-1,62,70,68,-1,62,67,64,-1,62,64,63,-1,62,68,67,-1,54,62,63,-1,54,63,71,-1,55,54,71,-1,
  33,32,31,-1,56,55,71,-1,34,31,30,-1,34,33,31,-1,36,34,30,-1,36,35,34,-1,28,30,29,-1,28,29,37,-1,
  28,36,30,-1,20,28,37,-1,20,37,38,-1,21,20,38,-1,22,21,38,-1,72,56,71,-1,72,57,56,-1,72,58,57,-1,
  72,59,58,-1,45,24,23,-1,45,25,24,-1,45,26,25,-1,27,26,45,-1,19,45,52,-1,19,27,45,-1,73,77,72,-1,
  76,59,72,-1,76,60,59,-1,76,72,77,-1,75,60,76,-1,74,60,75,-1,74,61,60,-1,78,61,74,-1,84,61,78,-1,
  84,53,61,-1,83,53,84,-1,82,53,83,-1,82,46,53,-1,7,46,82,-1,7,82,81,-1,8,7,81,-1,8,81,80,-1,
  6,46,7,-1,9,8,80,-1,9,80,79,-1,5,46,6,-1,5,47,46,-1,10,9,79,-1,10,79,0,-1,4,47,5,-1,
  4,48,47,-1,3,0,1,-1,3,10,0,-1,11,48,4,-1,15,48,11,-1,15,49,48,-1,14,49,15,-1,14,50,49,-1,
  13,50,14,-1,2,3,1,-1,17,13,12,-1,17,18,19,-1,17,50,13,-1,17,51,50,-1,17,52,51,-1,17,19,52,-1,
  16,17,12,-1,38,45,22,-1,22,45,23,-1]
  normalPerVertex TRUE
  normal DEF NORM_48 Normal { vector [
  -2.1628003e-06 1 0,-3.1630378e-06 1 5.3179343e-07,
  -3.9954275e-06 1 1.0635942e-06,-3.1029971e-06 1 5.2169894e-07,
  0 1 0,0 1 0,
  0 1 0,0 1 0,
  0 1 0,0 1 0,
  0 1 0,0 1 0,
  0.0001097118 0.99999999 -5.4261967e-07,3.5067303e-08 1 1.9951258e-07,
  0 1 0,0 1 0,
  0.00029461063 0.99999996 -1.8006143e-06,5.64264e-07 1 2.8688409e-07,
  8.9633215e-08 1 8.8760779e-07,-3.5848268e-08 1 3.3105851e-07,
  0 1 0,0 1 0,
  0 1 0,0 1 0,
  0 1 0,0 1 0,
  0 1 0,0 1 0,
  0 1 0,0 1 0,
  0 1 0,0 1 0,
  0 1 0,0 1 0,
  0 1 0,0 1 0,
  0 1 0,0 1 0,
  0 1 0,0 1 0,
  0 1 0,0 1 0,
  0 1 0,0 1 0,
  0 1 0,0 1 0,
  0 1 0,0 1 0,
  0 1 0,0 1 0,
  2.6205778e-08 1 1.8828087e-07,-5.9285429e-08 1 1.231089e-07,
  -9.1363753e-08 1 8.9189601e-08,0 1 0,
  0 1 0,0 1 0,
  9.7432974e-07 1 1.368919e-06,7.5980133e-07 1 1.9538398e-06,
  1.0126504e-06 1 1.4462147e-06,-1.6655529e-07 1 3.2769208e-06,
  0 1 0,0 1 0,
  0 1 0,0 1 0,
  0 1 0,0 1 0,
  0 1 0,0 1 0,
  0 1 0,0 1 0,
  0 1 0,7.3969592e-07 1 9.9725774e-07,
  8.0583385e-07 1 2.151277e-06,6.8038125e-05 1 2.194236e-06,
  0 1 0,0 1 0,
  -3.285375e-07 1 3.3909244e-06,3.6395858e-05 1 2.9680663e-06,
  0 1 0,0 1 0,
  0 1 0,0 1 0,
  0 1 0,0 1 0,
  0 1 0] }
}
}
DEF SHAPE_49 Shape {
 appearance USE APP_1
 geometry DEF FACE_49 IndexedFaceSet {
  coord DEF COORD_49 Coordinate { point [
  29.515747 0.27559055 0.98429864,29.515748 0.27559055 0.70866142,
  29.515747 0.17716535 0.98429864,29.515748 0.17716535 0.70866142,
  29.515748 0.19685039 0.70866142] }
 coordIndex [
  4,0,2,-1,4,2,3,-1,1,0,4,-1]
  normalPerVertex TRUE
  normal DEF NORM_49 Normal { vector [
  1 -4.7999333e-06 3.3344591e-06,1 0 1.9632818e-06,
  1 -7.8544332e-06 4.4874947e-06,1 -3.9272001e-06 4.7679639e-06,
  1 -4.71266e-06 3.4778095e-06] }
}
}
DEF SHAPE_50 Shape {
 appearance USE APP_1
 geometry DEF FACE_50 IndexedFaceSet {
  coord DEF COORD_50 Coordinate { point [
  28.917323 0.27559055 0.70866129,28.917323 0.19685039 0.70866142,
  28.838583 0.27559055 0.70865991,28.838583 0.17716535 0.70866054,
  29.515748 0.17716535 0.70866142,29.515748 0.19685039 0.70866142] }
 coordIndex [
  1,2,0,-1,1,5,4,-1,3,2,1,-1,3,1,4,-1]
  normalPerVertex TRUE
  normal DEF NORM_50 Normal { vector [
  1.7568487e-05 -1.59693e-06 -1,5.7671186e-06 1.1963969e-05 -1,
  1.4905916e-05 -4.259478e-06 -1,5.5189594e-06 2.2638186e-05 -1,
  6.9003149e-07 2.0976955e-05 -1,0 0 -1] }
}
}
DEF SHAPE_51 Shape {
 appearance USE APP_1
 geometry DEF FACE_51 IndexedFaceSet {
  coord DEF COORD_51 Coordinate { point [
  28.917323 0.27559055 0.70866129,28.917323 0.19685039 0.70866142,
  28.858268 0.19685039 0.6496063,28.858268 0.27559055 0.6496063] }
 coordIndex [
  2,1,0,-1,2,0,3,-1]
  normalPerVertex TRUE
  normal DEF NORM_51 Normal { vector [
  -0.7071064 5.6460032e-07 0.70710716,-0.70710678 1.1292e-06 0.70710678,
  -0.7071064 5.6460032e-07 0.70710716,-0.70710603 0 0.70710753] }
}
}
DEF SHAPE_52 Shape {
 appearance USE APP_1
 geometry DEF FACE_52 IndexedFaceSet {
  coord DEF COORD_52 Coordinate { point [
  28.917323 0.19685039 0.70866142,29.515748 0.19685039 0.70866142,
  29.527559 0.19685039 0.70866142,30.137795 0.19685039 0.70866142,
  30.19685 0.19685039 0.6496063,30.19685 0.19685039 0.59055118,
  28.858268 0.19685039 0.59055118,28.858268 0.19685039 0.6496063] }
 coordIndex [
  6,0,7,-1,1,0,6,-1,5,3,2,-1,5,4,3,-1,5,2,6,-1,2,1,6,-1]
  normalPerVertex TRUE
  normal DEF NORM_52 Normal { vector [
  0 -1 0,0 -1 0,
  0 -1 0,0 -1 0,
  0 -1 0,0 -1 0,
  0 -1 0,0 -1 0] }
}
}
DEF SHAPE_53 Shape {
 appearance USE APP_1
 geometry DEF FACE_53 IndexedFaceSet {
  coord DEF COORD_53 Coordinate { point [
  30.216535 0.27559055 0.70866054,30.216535 0.17716535 0.70865915,
  30.137795 0.27559055 0.70866142,30.137795 0.19685039 0.70866142,
  29.527559 0.19685039 0.70866142,29.527559 0.17716535 0.70866129] }
 coordIndex [
  3,0,1,-1,3,2,0,-1,5,4,3,-1,5,3,1,-1]
  normalPerVertex TRUE
  normal DEF NORM_53 Normal { vector [
  -1.8986049e-05 7.8075045e-06 -1,-1.1149727e-05 7.038281e-05 -1,
  -1.1178531e-05 0 -1,-7.7656016e-06 3.9892891e-05 -1,
  0 6.38772e-06 -1,-1.6453636e-06 5.7393993e-05 -1] }
}
}
DEF SHAPE_54 Shape {
 appearance USE APP_1
 geometry DEF FACE_54 IndexedFaceSet {
  coord DEF COORD_54 Coordinate { point [
  29.527559 0.19685039 0.70866142,29.527559 0.27559061 0.70866142,
  29.527558 0.27559055 0.98429864,29.527559 0.17716535 0.98429864,
  29.527559 0.17716535 0.70866129] }
 coordIndex [
  2,1,0,-1,3,0,4,-1,3,2,0,-1]
  normalPerVertex TRUE
  normal DEF NORM_54 Normal { vector [
  -1 -4.3220972e-06 -3.5075991e-06,-1 0 -5.0509445e-06,
  -1 -4.8023317e-06 -3.6790821e-06,-1 -7.2034973e-06 -2.4787014e-06,
  -1 0 -1.9642522e-06] }
}
}
DEF SHAPE_55 Shape {
 appearance USE APP_1
 geometry DEF FACE_55 IndexedFaceSet {
  coord DEF COORD_55 Coordinate { point [
  30.590551 0.27559055 1.4173238,30.816929 0.27559002 1.4173228,
  30.816929 0.27558965 1.062992,30.590551 0.27559055 1.0629897,
  30.551184 0.27559055 1.0236221,30.55217 0.27559055 1.0323825,
  30.555081 0.27559055 1.0407037,30.559771 0.27559055 1.0481684,
  30.566005 0.27559055 1.0544021,30.57347 0.27559055 1.0590922,
  30.581791 0.27559055 1.0620034,30.551184 0.27559055 1.003937,
  30.56693 0.27559055 0.97244155,30.560326 0.27559055 0.97871109,
  30.555339 0.27559055 0.98633043,30.552236 0.27559055 0.99489179,
  30.56693 0.27559125 0.70866142,29.527559 0.27559061 0.70866142,
  29.527558 0.27559055 0.98429864,29.37962 0.27559055 1.0878862,
  29.405322 0.27559055 1.0938785,29.431711 0.27559055 1.0935908,
  29.457276 0.27559055 1.0870388,29.480551 0.27559055 1.0745982,
  29.500202 0.27559055 1.0569819,29.515103 0.27559055 1.0351997,
  29.524399 0.27559055 1.0105,29.175395 0.27559055 1.0135566,
  29.043308 0.27559055 1.1060447,29.046129 0.27559055 1.0826507,
  29.054429 0.27559055 1.0605974,29.067733 0.27559055 1.041149,
  29.085278 0.27559055 1.0254201,29.106059 0.27559055 1.0143124,
  29.128885 0.27559055 1.0084625,29.152447 0.27559055 1.0082056,
  29.043308 0.27559055 1.3188976,29.141732 0.27559055 1.4173226,
  29.119831 0.27559055 1.4148548,29.099027 0.27559055 1.4075756,
  29.080365 0.27559055 1.3958495,29.06478 0.27559055 1.3802648,
  29.053054 0.27559055 1.3616027,29.045775 0.27559055 1.3407993,
  29.889764 0.27559055 1.4173233,30 0.27559055 1.5275591,
  29.997236 0.27559055 1.5030292,29.989083 0.27559055 1.4797294,
  29.97595 0.27559055 1.4588279,29.958495 0.27559055 1.4413729,
  29.937593 0.27559055 1.4282398,29.914294 0.27559055 1.420087,
  29.999999 0.27559055 1.7243021,29.852061 0.27559055 1.8278897,
  29.877763 0.27559055 1.8338819,29.904152 0.27559055 1.8335942,
  29.929717 0.27559055 1.8270423,29.952992 0.27559055 1.8146016,
  29.972643 0.27559055 1.7969853,29.987544 0.27559055 1.7752031,
  29.99684 0.27559055 1.7505035,29.659647 0.27559055 1.7578589,
  29.52756 0.27559055 1.850347,29.530381 0.27559055 1.8269529,
  29.538681 0.27559055 1.8048997,29.551985 0.27559055 1.7854513,
  29.56953 0.27559055 1.7697224,29.590311 0.27559055 1.7586147,
  29.613137 0.27559055 1.7527648,29.636699 0.27559055 1.7525079,
  29.527559 0.27559043 2.0866142,30.562992 0.27559043 2.0866145,
  30.566929 0.27559094 2.0866142,30.56693 0.27559055 1.5078733,
  30.551182 0.27559055 1.476378,30.552236 0.27559055 1.4854231,
  30.555339 0.27559055 1.4939845,30.560325 0.27559055 1.5016038,
  30.551184 0.27559055 1.4566929,30.581791 0.27559055 1.4183116,
  30.573469 0.27559055 1.4212228,30.566005 0.27559055 1.4259129,
  30.559771 0.27559055 1.4321466,30.555081 0.27559055 1.4396112,
  30.55217 0.27559055 1.4479325] }
 coordIndex [
  13,12,16,-1,14,13,16,-1,15,14,16,-1,1,2,3,-1,0,3,10,-1,0,1,3,-1,79,10,9,-1,79,0,10,-1,
  80,9,8,-1,80,79,9,-1,81,8,7,-1,81,80,8,-1,82,81,7,-1,17,15,16,-1,18,15,17,-1,49,6,5,-1,
  48,7,6,-1,48,82,7,-1,48,6,49,-1,48,83,82,-1,50,5,4,-1,50,4,11,-1,50,49,5,-1,47,83,48,-1,
  47,84,83,-1,51,11,15,-1,51,50,11,-1,51,15,18,-1,46,84,47,-1,46,74,78,-1,46,78,84,-1,71,72,73,-1,
  45,74,46,-1,45,75,74,-1,45,76,75,-1,44,26,25,-1,44,18,26,-1,44,51,18,-1,24,44,25,-1,23,44,24,-1,
  22,44,23,-1,52,76,45,-1,52,77,76,-1,52,73,77,-1,60,71,73,-1,60,73,52,-1,59,71,60,-1,58,71,59,-1,
  57,71,58,-1,56,71,57,-1,55,71,56,-1,31,33,32,-1,31,34,33,-1,29,34,31,-1,29,31,30,-1,29,35,34,-1,
  29,27,35,-1,28,27,29,-1,67,69,68,-1,67,61,69,-1,36,27,28,-1,36,19,27,-1,37,20,19,-1,37,21,20,-1,
  37,19,36,-1,38,37,36,-1,63,61,67,-1,63,65,64,-1,63,66,65,-1,63,67,66,-1,42,36,43,-1,41,39,38,-1,
  41,38,36,-1,41,40,39,-1,41,36,42,-1,62,61,63,-1,62,53,61,-1,70,54,53,-1,70,55,54,-1,70,53,62,-1,
  70,71,55,-1,37,44,21,-1,21,44,22,-1]
  normalPerVertex TRUE
  normal DEF NORM_55 Normal { vector [
  2.1628001e-06 1 0,3.1630398e-06 1 -5.3179459e-07,
  3.9954277e-06 1 -1.0635942e-06,3.1029992e-06 1 -5.217001e-07,
  0 1 0,0 1 0,
  0 1 0,0 1 0,
  0 1 0,0 1 0,
  0 1 0,0 1 0,
  2.4995847e-06 1 2.6330327e-06,3.1747627e-06 1 2.6495462e-06,
  5.4589516e-06 1 2.7292175e-06,-1.7199999e-07 1 7.5257292e-07,
  -5.5306041e-07 1 2.3987205e-06,-3.152798e-07 1 1.3309052e-06,
  0 1 7.9577235e-08,0 1 0,
  0 1 0,0 1 0,
  0 1 0,0 1 0,
  0 1 0,0 1 0,
  0 1 0,0 1 0,
  0 1 0,0 1 0,
  0 1 0,0 1 0,
  0 1 0,0 1 0,
  0 1 0,0 1 0,
  0 1 0,0 1 0,
  0 1 0,0 1 0,
  0 1 0,0 1 0,
  0 1 0,0 1 0,
  0 1 0,0 1 0,
  0 1 0,0 1 0,
  0 1 0,0 1 0,
  0 1 0,0 1 0,
  0 1 0,1.7934483e-08 1 3.8145657e-07,
  -4.6023515e-08 1 4.2026556e-07,0 1 4.6991377e-07,
  9.0686979e-08 1 2.3320284e-07,1.1814298e-07 1 1.6872567e-07,
  1.3970907e-07 1 1.2252098e-07,1.5993713e-07 1 8.3257032e-08,
  8.7534342e-08 1 1.897139e-07,0 1 0,
  2.5785143e-08 1 3.7258661e-07,0 1 0,
  0 1 0,0 1 0,
  0 1 0,0 1 0,
  0 1 0,0 1 0,
  0 1 4.8355689e-07,-3.8584799e-07 1 3.0174122e-07,
  -0.00012954701 0.99999999 -6.7758952e-07,-7.6072364e-07 1 1.8750892e-07,
  0 1 0,0 1 0,
  0 1 0,0 1 0,
  0 1 0,0 1 0,
  0 1 0,0 1 0,
  0 1 0,0 1 0,
  0 1 0] }
}
}
DEF SHAPE_56 Shape {
 appearance USE APP_1
 geometry DEF FACE_56 IndexedFaceSet {
  coord DEF COORD_56 Coordinate { point [
  30.608687 0.29288788 0.96456693,30.608689 0.29288999 0.70866142,
  30.590551 0.28052073 0.96456775,30.597096 0.28387693 0.96456693,
  30.603172 0.28802084 0.96456693,30.56693 0.27559055 0.97244155,
  30.572423 0.27584685 0.96898967,30.578269 0.27669104 0.9665349,
  30.584397 0.27823318 0.96505203,30.56693 0.27559125 0.70866142,
  30.59974 0.28554455 0.70866142,30.58953 0.28008654 0.70866142,
  30.578452 0.27672581 0.70866142] }
 coordIndex [
  1,4,0,-1,10,3,4,-1,10,4,1,-1,11,2,3,-1,11,8,2,-1,11,3,10,-1,12,6,7,-1,12,7,8,-1,
  12,8,11,-1,9,5,6,-1,9,6,12,-1]
  normalPerVertex TRUE
  normal DEF NORM_56 Normal { vector [
  -0.66172484 0.74974678 1.9972978e-06,-0.64516271 0.76404495 0.00063104913,
  -0.40612944 0.91381556 6.9562573e-05,-0.49360422 0.86968658 0.00035036545,
  -0.62294831 0.78226293 0.00033229258,-0.04660652 0.99891333 2.5257571e-06,
  -0.097025649 0.99528172 0.00055807495,-0.19544463 0.98071474 -6.165821e-06,
  -0.29409248 0.95577686 0.00045843891,-0.081325865 0.99668729 0.00073721413,
  -0.55752572 0.83015943 0.00061995705,-0.39149462 0.92018017 0.00064729521,
  -0.19472786 0.98085704 0.00071951786] }
}
}
DEF SHAPE_57 Shape {
 appearance USE APP_1
 geometry DEF FACE_57 IndexedFaceSet {
  coord DEF COORD_57 Coordinate { point [
  30.608687 0.29288788 0.96456693,30.608689 0.29288999 0.70866142,
  30.868529 0.55272993 0.96456693,30.868525 0.55272606 0.70866142] }
 coordIndex [
  0,2,3,-1,0,3,1,-1]
  normalPerVertex TRUE
  normal DEF NORM_57 Normal { vector [
  -0.70710622 0.70710734 1.1332513e-06,-0.70710611 0.70710745 1.358403e-06,
  -0.70710634 0.70710723 9.0810468e-07,-0.70710622 0.70710734 1.1332513e-06] }
}
}
DEF SHAPE_58 Shape {
 appearance USE APP_1
 geometry DEF FACE_58 IndexedFaceSet {
  coord DEF COORD_58 Coordinate { point [
  30.885826 0.59448819 0.96456696,30.885826 0.59448393 0.70866142,
  30.868529 0.55272993 0.96456693,30.875874 0.56167881 0.96456693,
  30.881331 0.57188854 0.96456693,30.884692 0.58296698 0.96456693,
  30.868525 0.55272606 0.70866142,30.884691 0.58296245 0.70866142,
  30.88133 0.57188394 0.70866142,30.875871 0.56167437 0.70866142] }
 coordIndex [
  1,5,0,-1,7,4,5,-1,7,5,1,-1,8,3,4,-1,8,4,7,-1,9,2,3,-1,9,3,8,-1,6,2,9,-1]
  normalPerVertex TRUE
  normal DEF NORM_58 Normal { vector [
  -0.99518865 0.097977271 -2.8039723e-07,-0.99518643 0.097999829 7.4465385e-07,
  -0.77295691 0.63445852 5.2064878e-07,-0.84922168 0.52803649 -6.3856262e-07,
  -0.93593121 0.35218286 -5.9236269e-07,-0.98666174 0.16278395 -9.382961e-08,
  -0.77292089 0.63450241 3.0878979e-06,-0.97385243 0.22718153 6.3902149e-07,
  -0.91079725 0.41285394 6.8557227e-07,-0.81273713 0.58263055 1.0341183e-06] }
}
}
DEF SHAPE_59 Shape {
 appearance USE APP_1
 geometry DEF FACE_59 IndexedFaceSet {
  coord DEF COORD_59 Coordinate { point [
  30.885827 0.88582743 0.17716555,30.885826 0.88582368 0.70866142,
  30.885826 0.94488219 0.1771657,30.885826 0.94488189 2.0866142,
  30.885827 0.91732272 2.0866146,30.885827 0.59842531 2.0866146,
  30.885826 0.59448819 2.0866142,30.885826 0.59448818 1.515748,
  30.885827 0.6496063 1.5157478,30.885827 0.67588828 1.5127865,
  30.885827 0.70085241 1.5040513,30.885827 0.72324683 1.4899801,
  30.885827 0.74194858 1.4712783,30.885827 0.75601984 1.4488839,
  30.885827 0.76475501 1.4239198,30.885827 0.76771607 1.3976378,
  30.885827 0.76771633 1.0826772,30.885827 0.76475502 1.0563952,
  30.885827 0.75601984 1.0314311,30.885827 0.74194858 1.0090366,
  30.885827 0.72324683 0.99033489,30.885827 0.70085241 0.97626362,
  30.885827 0.67588829 0.96752845,30.885827 0.6496063 0.9645674,
  30.885826 0.59448819 0.96456696,30.885826 0.59448393 0.70866142] }
 coordIndex [
  11,4,3,-1,11,3,12,-1,13,12,3,-1,10,4,11,-1,14,13,3,-1,9,5,4,-1,9,4,10,-1,15,14,3,-1,
  8,5,9,-1,7,6,5,-1,7,5,8,-1,1,16,15,-1,1,17,16,-1,1,18,17,-1,1,19,18,-1,1,20,19,-1,
  1,21,20,-1,1,22,21,-1,25,23,22,-1,25,24,23,-1,25,22,1,-1,0,1,2,-1,2,1,3,-1,1,15,3,-1]
  normalPerVertex TRUE
  normal DEF NORM_59 Normal { vector [
  -1 -1.0825531e-05 -5.7485446e-07,-1 -3.5514237e-06 5.7103426e-07,
  -1 -6.4192398e-06 -8.5238106e-08,-1 -5.1566754e-06 3.6255898e-07,
  -1 -1.9729703e-06 8.3325147e-07,-1 3.0037784e-06 2.143359e-07,
  -0.99999998 0.00019286811 -5.0699334e-07,-1 1.9719623e-05 6.8717024e-07,
  -1 4.9983191e-06 5.6149588e-07,-1 1.4828873e-07 1.3724907e-07,
  -1 8.2713195e-08 1.7175751e-07,-1 -1.0502461e-05 3.185589e-06,
  -1 -1.0160962e-06 -8.1030749e-07,-1 -1.4210657e-06 -6.8434206e-07,
  -1 -2.1269106e-06 -4.8543833e-07,-1 -3.9397551e-06 0,
  -1 -3.8603204e-06 3.3497014e-08,-1 -2.3372091e-06 5.3344789e-07,
  -1 -1.6423392e-06 7.9090061e-07,-1 -1.2218088e-06 9.7435725e-07,
  -1 -9.0824756e-07 1.1389096e-06,-1 -6.3249187e-07 1.3133965e-06,
  -1 1.5642346e-06 3.2776403e-06,-1 8.4516143e-06 2.2501228e-06,
  -1 1.2602488e-05 1.3560209e-06,-1 3.3622551e-06 3.1568397e-06] }
}
}
DEF SHAPE_60 Shape {
 appearance USE APP_1
 geometry DEF FACE_60 IndexedFaceSet {
  coord DEF COORD_60 Coordinate { point [
  30.885827 0.88582743 0.17716555,30.885826 0.88582368 0.70866142,
  30.885827 0.88582696 0.11811024,30.882865 0.91210889 0.11811024,
  30.87413 0.93707295 0.11811024,30.860059 0.95946732 0.11811024,
  30.841357 0.97816903 0.11811024,30.818963 0.99224028 0.11811024,
  30.793999 1.0009755 0.11811024,30.767717 1.0039367 0.11811024,
  30.767717 1.0039369 0.17716546,30.767716 1.0039365 0.70866142,
  30.793999 1.0009754 0.70866142,30.818963 0.99224002 0.70866142,
  30.841358 0.97816832 0.70866142,30.86006 0.95946602 0.70866142,
  30.874131 0.93707096 0.70866142,30.882866 0.91210621 0.70866142] }
 coordIndex [
  3,0,2,-1,17,1,0,-1,17,0,3,-1,16,3,4,-1,16,17,3,-1,15,4,5,-1,15,16,4,-1,14,5,6,-1,
  14,15,5,-1,10,8,9,-1,13,6,7,-1,13,14,6,-1,12,7,8,-1,12,13,7,-1,12,8,10,-1,11,12,10,-1]
  normalPerVertex TRUE
  normal DEF NORM_60 Normal { vector [
  0.99371351 0.11195294 2.6574953e-07,0.99371582 0.11193241 1.3618968e-06,
  0.99371189 0.11196728 -1.7430938e-06,0.96713317 0.25427041 -1.9232416e-07,
  0.88405366 0.46738541 -1.0629043e-07,0.75788309 0.65239039 -7.2285569e-08,
  0.59370782 0.80468069 -3.827933e-08,0.39976057 0.9166196 0,
  0.21729026 0.97610703 -2.0939123e-07,0.11196357 0.99371231 -4.3695465e-06,
  0.11196505 0.99371215 1.8209102e-07,0.11195605 0.99371316 8.7597144e-07,
  0.22533618 0.97428107 2.3289821e-07,0.46739238 0.88404998 7.229383e-08,
  0.6523975 0.75787697 1.0630258e-07,0.80468716 0.59369906 1.4030995e-07,
  0.91662455 0.39974921 1.7431595e-07,0.9821116 0.18829976 4.2511061e-07] }
}
}
DEF SHAPE_61 Shape {
 appearance USE APP_1
 geometry DEF FACE_61 IndexedFaceSet {
  coord DEF COORD_61 Coordinate { point [
  28.838584 1.0039362 0.55511811,28.838594 1.0039352 0.70866142,
  28.784301 1.0039363 0.55511811,28.784303 1.0039366 0.68110236,
  28.62891 1.003937 0.68110236,28.536444 1.003937 0.68110236,
  28.38105 1.0039363 0.68110236,28.381053 1.0039365 0.55511811,
  28.307086 1.0039362 0.55511811,28.307085 1.0039352 0.70866142,
  28.287405 1.0039365 0.70866142,28.287401 1.0039369 0.17716549,
  28.228346 1.0039362 0.17716563,28.228346 1.0039363 2.0866142,
  28.295276 1.0039371 2.0866146,30.759842 1.0039371 2.0866146,
  30.826772 1.0039352 2.0866142,30.826772 1.0039364 0.17716546,
  30.767717 1.0039369 0.17716546,30.767716 1.0039365 0.70866142,
  30.748043 1.0039352 0.70866142,30.748033 1.0039362 0.55511811,
  30.674065 1.0039363 0.55511811,30.674067 1.0039366 0.68110236,
  30.518674 1.003937 0.68110236,30.426208 1.003937 0.68110236,
  30.270814 1.0039366 0.68110236,30.270817 1.0039365 0.55511811,
  30.216534 1.0039362 0.55511811,30.216534 1.0039352 0.70866142,
  28.37008 1.003937 1.6155888,28.380767 1.003937 1.6061459,
  28.388882 1.003937 1.5944178,28.393947 1.003937 1.5810863,
  28.395668 1.003937 1.5669291,28.39567 1.003937 1.2007874,
  28.397645 1.003937 1.1832663,28.403468 1.003937 1.1666237,
  28.412849 1.003937 1.1516942,28.425316 1.003937 1.1392265,
  28.440246 1.003937 1.1298459,28.456888 1.003937 1.1240228,
  28.474409 1.003937 1.1220491,28.71063 1.003937 1.1220481,
  28.728151 1.003937 1.1240228,28.744794 1.003937 1.1298459,
  28.759723 1.003937 1.1392265,28.772191 1.003937 1.1516942,
  28.781571 1.003937 1.1666237,28.787395 1.003937 1.1832663,
  28.789368 1.003937 1.2007874,28.789371 1.003937 1.5669291,
  28.791092 1.003937 1.5810863,28.796158 1.003937 1.5944178,
  28.804272 1.003937 1.6061459,28.814962 1.003937 1.6155861,
  28.825649 1.003937 1.625029,28.833764 1.003937 1.636757,
  28.838829 1.003937 1.6500886,28.84055 1.003937 1.6642457,
  28.84055 1.003937 1.8307087,28.839562 1.003937 1.8394691,
  28.836651 1.003937 1.8477904,28.831961 1.003937 1.855255,
  28.825727 1.003937 1.8614887,28.818263 1.003937 1.8661788,
  28.809942 1.003937 1.86909,28.801181 1.003937 1.8700763,
  28.722441 1.0039378 1.8700786,28.462598 1.0039378 1.8700786,
  28.383858 1.003937 1.8700778,28.375098 1.003937 1.86909,
  28.366777 1.003937 1.8661788,28.359312 1.003937 1.8614887,
  28.353078 1.003937 1.855255,28.348388 1.003937 1.8477903,
  28.345477 1.003937 1.8394691,28.344491 1.003937 1.8307087,
  28.344489 1.003937 1.6642457,28.346211 1.003937 1.6500886,
  28.351276 1.003937 1.636757,28.35939 1.003937 1.625029,
  30.240158 1.003937 1.6155888,30.250846 1.003937 1.6061459,
  30.25896 1.003937 1.5944178,30.264026 1.003937 1.5810863,
  30.265746 1.003937 1.5669291,30.265749 1.003937 1.2007874,
  30.267724 1.003937 1.1832663,30.273547 1.003937 1.1666237,
  30.282927 1.003937 1.1516942,30.295395 1.003937 1.1392265,
  30.310324 1.003937 1.1298459,30.326967 1.003937 1.1240228,
  30.344488 1.003937 1.1220491,30.580709 1.003937 1.1220481,
  30.59823 1.003937 1.1240228,30.614872 1.003937 1.1298459,
  30.629802 1.003937 1.1392265,30.64227 1.003937 1.1516942,
  30.65165 1.003937 1.1666237,30.657473 1.003937 1.1832663,
  30.659447 1.003937 1.2007874,30.659449 1.003937 1.5669291,
  30.661171 1.003937 1.5810863,30.666236 1.003937 1.5944178,
  30.674351 1.003937 1.6061459,30.68504 1.003937 1.6155861,
  30.695728 1.003937 1.625029,30.703842 1.003937 1.636757,
  30.708908 1.003937 1.6500886,30.710628 1.003937 1.6642457,
  30.710629 1.003937 1.8307087,30.709641 1.003937 1.8394691,
  30.70673 1.003937 1.8477904,30.70204 1.003937 1.855255,
  30.695806 1.003937 1.8614887,30.688342 1.003937 1.8661788,
  30.68002 1.003937 1.86909,30.67126 1.003937 1.8700763,
  30.59252 1.0039378 1.8700786,30.332677 1.0039378 1.8700786,
  30.253937 1.003937 1.8700778,30.245177 1.003937 1.86909,
  30.236855 1.003937 1.8661788,30.229391 1.003937 1.8614887,
  30.223157 1.003937 1.855255,30.218467 1.003937 1.8477903,
  30.215556 1.003937 1.8394691,30.214569 1.003937 1.8307087,
  30.214568 1.003937 1.6642457,30.216289 1.003937 1.6500886,
  30.221355 1.003937 1.636757,30.229469 1.003937 1.625029] }
 coordIndex [
  73,14,13,-1,74,73,13,-1,72,14,73,-1,75,74,13,-1,71,14,72,-1,76,75,13,-1,77,76,13,-1,70,14,71,-1,
  69,14,70,-1,78,77,13,-1,79,78,13,-1,33,32,31,-1,34,31,30,-1,34,33,31,-1,34,30,81,-1,68,14,69,-1,
  67,14,68,-1,66,14,67,-1,35,34,81,-1,35,80,79,-1,35,81,80,-1,51,53,52,-1,51,54,53,-1,51,55,54,-1,
  51,56,55,-1,10,36,35,-1,10,37,36,-1,10,38,37,-1,10,39,38,-1,10,35,79,-1,10,79,13,-1,50,56,51,-1,
  50,57,56,-1,9,40,39,-1,9,41,40,-1,9,39,10,-1,6,41,9,-1,6,42,41,-1,8,6,9,-1,7,6,8,-1,
  5,42,6,-1,4,43,42,-1,4,42,5,-1,3,43,4,-1,1,44,43,-1,1,45,44,-1,1,46,45,-1,1,47,46,-1,
  1,48,47,-1,1,49,48,-1,1,43,3,-1,0,3,2,-1,0,1,3,-1,125,64,63,-1,126,125,63,-1,126,63,62,-1,
  124,65,64,-1,124,64,125,-1,127,62,61,-1,127,126,62,-1,123,66,65,-1,123,65,124,-1,128,127,61,-1,129,60,59,-1,
  129,61,60,-1,129,128,61,-1,130,129,59,-1,131,59,58,-1,131,130,59,-1,132,57,50,-1,132,58,57,-1,132,131,58,-1,
  15,122,121,-1,15,123,122,-1,15,14,66,-1,15,66,123,-1,85,84,83,-1,86,85,83,-1,86,82,133,-1,86,83,82,-1,
  120,15,121,-1,119,15,120,-1,118,15,119,-1,117,15,118,-1,116,15,117,-1,116,16,15,-1,115,16,116,-1,114,16,115,-1,
  113,16,114,-1,112,16,113,-1,111,16,112,-1,110,16,111,-1,87,133,132,-1,87,132,50,-1,87,86,133,-1,104,106,105,-1,
  88,87,50,-1,88,50,49,-1,88,49,1,-1,103,107,106,-1,103,108,107,-1,103,106,104,-1,102,109,108,-1,102,110,109,-1,
  102,108,103,-1,29,89,88,-1,29,90,89,-1,29,91,90,-1,29,92,91,-1,29,93,92,-1,29,94,93,-1,29,88,1,-1,
  26,94,29,-1,28,26,29,-1,27,26,28,-1,25,94,26,-1,25,95,94,-1,24,95,25,-1,23,95,24,-1,23,96,95,-1,
  20,96,23,-1,20,97,96,-1,20,98,97,-1,19,101,100,-1,19,102,101,-1,19,16,110,-1,19,110,102,-1,19,98,20,-1,
  19,99,98,-1,19,100,99,-1,21,23,22,-1,21,20,23,-1,10,12,11,-1,12,10,13,-1,16,19,17,-1,18,17,19,-1]
  normalPerVertex TRUE
  normal DEF NORM_61 Normal { vector [
  -1.3398653e-05 -1 -2.790354e-06,-6.6822123e-07 -1 3.6981981e-06,
  -1.5160613e-06 -1 2.3292778e-06,-9.5359569e-06 -1 -8.8586107e-07,
  -7.9347681e-07 -1 1.2518278e-07,2.9437961e-06 -1 4.5266607e-07,
  7.6574573e-06 -1 -5.4641835e-07,3.624405e-06 -1 -1.4836919e-06,
  8.7585849e-06 -1 -4.4979478e-06,1.5909798e-06 -1 2.0339846e-06,
  3.7077395e-06 -1 6.1409442e-07,1.093702e-05 -1 -6.2157076e-07,
  6.2730108e-06 -1 -1.0331468e-07,6.0451986e-06 -1 2.388477e-07,
  2.8441217e-07 -1 -2.2893416e-07,-4.5910104e-07 -1 9.7549201e-08,
  -1.2480444e-05 -1 -6.6471846e-08,-7.6062198e-06 -1 -6.5922648e-07,
  -7.2656698e-06 -1 -6.2138727e-07,-7.0086697e-06 -1 2.3113289e-07,
  -3.9856233e-06 -1 1.4083176e-06,-9.8330203e-06 -1 -2.7905053e-06,
  -1.1125896e-06 -1 2.3292721e-06,-7.9522975e-06 -1 -8.2828239e-07,
  -1.549696e-06 -1 1.3859575e-07,9.009094e-07 -1 1.4792845e-07,
  9.518559e-06 -1 -9.3908949e-07,4.9387623e-06 -1 8.4628277e-07,
  1.4905304e-05 -1 -3.4477606e-06,1.3170694e-06 -1 3.5041359e-06,
  0 -1 0,0 -1 0,
  0 -1 0,0 -1 0,
  0 -1 0,2.3321993e-06 -1 2.5696041e-07,
  2.1432851e-06 -1 4.8921417e-07,1.3917466e-06 -1 6.7020542e-07,
  9.7851093e-07 -1 7.803288e-07,-2.4678706e-05 -1 1.0071077e-05,
  1.8319084e-06 -1 3.8041348e-06,1.0709291e-05 -1 1.3735664e-07,
  1.4596219e-06 -1 2.4110127e-07,-4.1043183e-06 -1 -1.4871181e-07,
  -9.5866096e-07 -1 4.2000723e-06,-1.910746e-06 -1 3.9678493e-06,
  -2.9904043e-06 -1 3.7498851e-06,-4.408855e-06 -1 3.5159107e-06,
  -6.6668189e-06 -1 3.2104545e-06,-4.2063772e-08 -1 3.756211e-06,
  0 -1 0,0 -1 0,
  0 -1 0,0 -1 0,
  0 -1 0,0 -1 0,
  0 -1 0,0 -1 0,
  0 -1 0,0 -1 0,
  0 -1 0,0 -1 0,
  0 -1 0,0 -1 0,
  0 -1 0,0 -1 0,
  0 -1 5.3997854e-07,-9.5815697e-06 -1 -2.1840947e-05,
  -2.4124639e-06 -1 -7.9864546e-06,2.4124115e-06 -1 -1.3632037e-06,
  9.2857102e-06 -1 4.3434535e-06,-1.1421889e-07 -1 5.0039647e-07,
  -2.2287527e-07 -1 4.6285568e-07,9.8251204e-06 -1 2.9650302e-06,
  2.2826503e-06 -1 -1.8202984e-06,3.0031492e-06 -1 -1.4460808e-06,
  4.067872e-06 -1 -9.2815827e-07,6.0028818e-06 -1 -3.3847025e-08,
  6.2955577e-06 -1 5.9948493e-08,5.1354852e-06 -1 1.7954731e-07,
  0 -1 0,0 -1 0,
  0 -1 0,0 -1 0,
  0 -1 0,0 -1 0,
  0 -1 0,0 -1 0,
  2.3187139e-08 -1 3.7491599e-06,6.6517574e-06 -1 3.203201e-06,
  4.3988434e-06 -1 3.5079263e-06,2.9835919e-06 -1 3.741342e-06,
  1.9063826e-06 -1 3.9587877e-06,9.5634818e-07 -1 4.1904914e-06,
  3.9840366e-06 -1 -6.9402708e-08,-7.6870063e-07 -1 1.1829904e-07,
  -1.3146443e-05 -1 -8.3914162e-07,-1.836102e-06 -1 3.8128439e-06,
  2.4760363e-05 -1 1.0100714e-05,-9.7836364e-07 -1 7.8021145e-07,
  -1.3915336e-06 -1 6.7010299e-07,-2.143114e-06 -1 4.8909853e-07,
  -2.3318062e-06 -1 2.569171e-07,0 -1 0,
  0 -1 0,0 -1 0,
  0 -1 0,0 -1 0,
  0 -1 0,0 -1 0,
  -1.0270894e-05 -1 -1.2733839e-07,-1.6465438e-05 -1 1.5691879e-07,
  -1.5699986e-05 -1 -8.8446453e-08,-1.0637637e-05 -1 -2.4280566e-06,
  -7.8542741e-06 -1 -3.782008e-06,-5.9699205e-06 -1 -4.7607163e-06,
  -2.3516079e-05 -1 6.3855577e-06,2.22875e-07 -1 4.6285568e-07,
  1.1417796e-07 -1 5.004114e-07,-9.2857132e-06 -1 4.3434244e-06,
  -2.4124177e-06 -1 -1.3631987e-06,2.4124283e-06 -1 -7.9863829e-06,
  9.5815704e-06 -1 -2.1841098e-05,0 -1 5.2916974e-07,
  0 -1 0,0 -1 0,
  0 -1 0,0 -1 0,
  0 -1 0,0 -1 0,
  0 -1 0,0 -1 0,
  0 -1 0,0 -1 0] }
}
}
DEF SHAPE_62 Shape {
 appearance USE APP_1
 geometry DEF FACE_62 IndexedFaceSet {
  coord DEF COORD_62 Coordinate { point [
  28.40073 1.062988 0.11811035,28.228339 1.0629911 0.11811077,
  28.228346 1.0039362 0.17716563,28.287401 1.0039369 0.17716549,
  28.336614 1.0039378 0.17716529,28.400736 1.0039364 0.17716439] }
 coordIndex [
  1,3,2,-1,4,3,1,-1,0,5,4,-1,0,4,1,-1]
  normalPerVertex TRUE
  normal DEF NORM_62 Normal { vector [
  -1.7567436e-05 -0.70712597 -0.70708759,-5.7665077e-06 -0.70711904 -0.70709452,
  6.0624099e-06 -0.70710657 -0.707107,8.3110616e-06 -0.70710544 -0.70710812,
  -1.2645235e-05 -0.7071222 -0.70709136,-2.5523763e-05 -0.70712165 -0.70709191] }
}
}
DEF SHAPE_63 Shape {
 appearance USE APP_1
 geometry DEF FACE_63 IndexedFaceSet {
  coord DEF COORD_63 Coordinate { point [
  28.336614 1.0039378 0.17716529,28.336614 1.003937 0.11811024,
  28.287401 1.0039368 0.11811024,28.287401 1.0039369 0.17716549] }
 coordIndex [
  0,1,2,-1,3,0,2,-1]
  normalPerVertex TRUE
  normal DEF NORM_63 Normal { vector [
  -1.1711171e-05 1 -7.4202825e-06,-3.7013061e-06 1 -1.4095202e-05,
  -1.1711171e-05 1 -7.4202825e-06,-1.972093e-05 1 -7.4545073e-07] }
}
}
DEF SHAPE_64 Shape {
 appearance USE APP_1
 geometry DEF FACE_64 IndexedFaceSet {
  coord DEF COORD_64 Coordinate { point [
  28.169292 0.37401575 0.11811024,28.171759 0.3521141 0.11811024,
  28.179039 0.33131065 0.11811024,28.190765 0.31264863 0.11811024,
  28.206349 0.29706384 0.11811024,28.225011 0.28533782 0.11811024,
  28.245815 0.27805856 0.11811024,28.267717 0.2755911 0.11811024,
  28.336614 0.27559055 0.11811024,28.336614 1.003937 0.11811024,
  28.287401 1.0039368 0.11811024,28.261119 1.0009755 0.11811024,
  28.236155 0.99224027 0.11811024,28.213761 0.97816902 0.11811024,
  28.195059 0.95946729 0.11811024,28.180988 0.93707291 0.11811024,
  28.172253 0.91210883 0.11811024,28.169292 0.88582689 0.11811024] }
 coordIndex [
  14,11,10,-1,14,12,11,-1,14,13,12,-1,16,15,14,-1,16,14,10,-1,17,10,9,-1,17,16,10,-1,8,17,9,-1,
  0,8,7,-1,0,17,8,-1,1,0,7,-1,6,1,7,-1,4,2,1,-1,4,3,2,-1,4,6,5,-1,4,1,6,-1]
  normalPerVertex TRUE
  normal DEF NORM_64 Normal { vector [
  0 0 -1,0 0 -1,
  0 0 -1,0 0 -1,
  0 0 -1,0 0 -1,
  0 0 -1,0 0 -1,
  0 0 -1,0 0 -1,
  0 0 -1,0 0 -1,
  0 0 -1,0 0 -1,
  0 0 -1,0 0 -1,
  0 0 -1,0 0 -1] }
}
}
DEF SHAPE_65 Shape {
 appearance USE APP_1
 geometry DEF FACE_65 IndexedFaceSet {
  coord DEF COORD_65 Coordinate { point [
  28.336746 0.27558857 0.22440945,28.336698 1.0039394 0.22440945,
  28.336614 0.27559055 0.11811024,28.336614 1.003937 0.11811024,
  28.336614 1.0039378 0.17716529] }
 coordIndex [
  4,0,2,-1,4,2,3,-1,1,0,4,-1]
  normalPerVertex TRUE
  normal DEF NORM_65 Normal { vector [
  0.99999901 9.0015765e-05 -0.0014060211,0.99999842 6.6030154e-05 -0.0017757985,
  0.99999968 6.4720461e-05 -0.0007982208,1 0 0,
  0.99999948 6.5011511e-05 -0.0010154616] }
}
}
DEF SHAPE_66 Shape {
 appearance USE APP_1
 geometry DEF FACE_66 IndexedFaceSet {
  coord DEF COORD_66 Coordinate { point [
  28.400739 1.0039366 0.34645669,28.336905 1.0039367 0.34645669,
  28.400736 1.0039364 0.17716439,28.336614 1.0039378 0.17716529,
  28.336698 1.0039394 0.22440945] }
 coordIndex [
  4,0,1,-1,2,4,3,-1,2,0,4,-1]
  normalPerVertex TRUE
  normal DEF NORM_66 Normal { vector [
  -2.7597928e-05 -1 -8.6348574e-06,-2.5060835e-06 -1 -2.180107e-05,
  -4.0465243e-05 -1 7.8263807e-06,-2.1984172e-05 -1 3.2876378e-05,
  -2.6812835e-05 -1 -2.8294413e-06] }
}
}
DEF SHAPE_67 Shape {
 appearance USE APP_1
 geometry DEF FACE_67 IndexedFaceSet {
  coord DEF COORD_67 Coordinate { point [
  28.400739 1.0039366 0.34645669,28.336905 1.0039367 0.34645669,
  28.359947 1.0016673 0.34645669,28.382103 0.99494623 0.34645669,
  28.402523 0.98403161 0.34645669,28.42042 0.96934292 0.34645669,
  28.681102 0.70866142 0.34645669,28.858268 0.70866142 0.34645669,
  28.858268 1.003937 0.34645669,28.564391 1.003937 0.34645669,
  28.601657 0.96667108 0.34645669,28.53206 0.89707396 0.34645669,
  28.442491 0.9866415 0.3464567,28.433543 0.99398503 0.34645669,
  28.423335 0.99944168 0.34645669,28.412258 1.0028017 0.34645669] }
 coordIndex [
  9,8,10,-1,6,8,7,-1,6,11,10,-1,6,10,8,-1,5,12,11,-1,5,13,12,-1,5,14,13,-1,4,15,14,-1,
  4,0,15,-1,4,14,5,-1,3,0,4,-1,2,0,3,-1,1,0,2,-1,5,11,6,-1]
  normalPerVertex TRUE
  normal DEF NORM_67 Normal { vector [
  -2.3361134e-08 -3.9456399e-08 -1,0 -8.5572187e-08 -1,
  -1.0306279e-08 -5.1813104e-08 -1,-1.3336487e-08 -3.2196707e-08 -1,
  0 -3.1671812e-08 -1,2.7236808e-08 2.7937677e-08 -1,
  0 0 -1,0 0 -1,
  0 0 -1,0 0 -1,
  0 0 -1,0 1.1948029e-08 -1,
  9.3347692e-08 1.1157071e-07 -1,1.9174306e-07 -3.6534091e-08 -1,
  5.8010241e-08 -2.9459495e-08 -1,0 -6.799872e-08 -1] }
}
}
DEF SHAPE_68 Shape {
 appearance USE APP_1
 geometry DEF FACE_68 IndexedFaceSet {
  coord DEF COORD_68 Coordinate { point [
  28.336905 1.0039367 0.34645669,28.359947 1.0016673 0.34645669,
  28.382103 0.99494623 0.34645669,28.402523 0.98403161 0.34645669,
  28.42042 0.96934292 0.34645669,28.42042 0.96934314 0.22440945,
  28.40248 0.98406034 0.22440945,28.382008 0.99498578 0.22440945,
  28.359795 1.0016974 0.22440945,28.336698 1.0039394 0.22440945] }
 coordIndex [
  3,4,5,-1,3,5,6,-1,2,6,7,-1,2,3,6,-1,1,7,8,-1,1,2,7,-1,0,8,9,-1,0,1,8,-1]
  normalPerVertex TRUE
  normal DEF NORM_68 Normal { vector [
  0.097315413 0.99525359 -9.3024711e-06,0.22685803 0.97392784 2.748112e-05,
  0.41264229 0.91089315 1.3742565e-05,0.58254392 0.81279922 7.9914692e-07,
  0.63440904 0.77299752 2.568048e-06,0.63431908 0.77307135 -1.9509536e-05,
  0.52778874 0.84937568 -2.7834936e-05,0.35166352 0.93612647 -4.1693447e-05,
  0.16202683 0.98678635 -4.779525e-05,0.096614021 0.99532191 -0.00014210034] }
}
}
DEF SHAPE_69 Shape {
 appearance USE APP_1
 geometry DEF FACE_69 IndexedFaceSet {
  coord DEF COORD_69 Coordinate { point [
  30.71842 1.0039394 0.22440945,30.695323 1.0016974 0.22440945,
  30.67311 0.99498578 0.22440945,30.652639 0.98406034 0.22440945,
  30.634698 0.96934292 0.22440945,30.374016 0.70866142 0.22440945,
  30.19685 0.70866142 0.22440945,30.19685 0.96456693 0.22440945,
  28.858268 0.96456693 0.22440945,28.858268 0.70866142 0.22440945,
  28.681102 0.70866142 0.22440945,28.42042 0.96934314 0.22440945,
  28.40248 0.98406034 0.22440945,28.382008 0.99498578 0.22440945,
  28.359795 1.0016974 0.22440945,28.336698 1.0039394 0.22440945,
  28.336746 0.27558857 0.22440945,28.35983 0.27783711 0.22440945,
  28.38203 0.28455097 0.22440945,28.40249 0.29547389 0.22440945,
  28.42042 0.31018464 0.22440945,28.681102 0.57086614 0.22440945,
  28.858268 0.57086614 0.22440945,28.858268 0.20669291 0.22440945,
  30.19685 0.20669291 0.22440945,30.19685 0.57086614 0.22440945,
  30.374016 0.57086614 0.22440945,30.634698 0.31018442 0.22440945,
  30.652628 0.29547411 0.22440945,30.673088 0.28455126 0.22440945,
  30.695287 0.27783733 0.22440945,30.71837 0.27558945 0.22440945] }
 coordIndex [
  19,17,16,-1,19,18,17,-1,20,19,16,-1,15,20,16,-1,11,13,12,-1,11,14,13,-1,11,15,14,-1,11,21,20,-1,
  11,20,15,-1,10,21,11,-1,22,21,10,-1,9,22,10,-1,25,23,22,-1,25,24,23,-1,6,25,22,-1,6,22,9,-1,
  30,28,27,-1,30,29,28,-1,31,30,27,-1,5,26,25,-1,5,27,26,-1,5,25,6,-1,7,9,8,-1,7,6,9,-1,
  4,27,5,-1,1,3,2,-1,1,4,3,-1,0,4,1,-1,0,31,27,-1,0,27,4,-1]
  normalPerVertex TRUE
  normal DEF NORM_69 Normal { vector [
  0 0 -1,0 0 -1,
  0 0 -1,0 0 -1,
  0 0 -1,0 0 -1,
  0 0 -1,0 0 -1,
  0 0 -1,0 0 -1,
  0 0 -1,0 0 -1,
  0 0 -1,0 0 -1,
  0 0 -1,0 0 -1,
  0 0 -1,0 0 -1,
  0 0 -1,0 0 -1,
  0 0 -1,0 0 -1,
  0 0 -1,0 0 -1,
  0 0 -1,0 0 -1,
  0 0 -1,0 0 -1,
  0 0 -1,0 0 -1,
  0 0 -1,0 0 -1] }
}
}
DEF SHAPE_70 Shape {
 appearance USE APP_1
 geometry DEF FACE_70 IndexedFaceSet {
  coord DEF COORD_70 Coordinate { point [
  28.336746 0.27558857 0.22440945,28.3369 0.27559071 0.33464579,
  28.35983 0.27783711 0.22440945,28.38203 0.28455097 0.22440945,
  28.40249 0.29547389 0.22440945,28.42042 0.31018464 0.22440945,
  28.42042 0.31018442 0.46456693,28.402522 0.29549572 0.46456693,
  28.382102 0.28458102 0.46456693,28.359946 0.27786004 0.46456693,
  28.336903 0.27559093 0.46456693] }
 coordIndex [
  1,0,2,-1,9,2,3,-1,9,10,1,-1,9,1,2,-1,8,3,4,-1,8,9,3,-1,7,4,5,-1,7,8,4,-1,
  6,7,5,-1]
  normalPerVertex TRUE
  normal DEF NORM_70 Normal { vector [
  0.096948255 -0.99528942 -0.00011559158,0.097622349 -0.99522353 -2.9586572e-06,
  0.1765142 -0.98429809 -2.1778791e-05,0.35177701 -0.93608383 -1.6097421e-05,
  0.52783882 -0.84934456 -1.0744042e-05,0.6343381 -0.77305574 -8.676528e-06,
  0.63439723 -0.77300722 -1.3015956e-06,0.58254638 -0.81279746 -4.5360774e-07,
  0.41267396 -0.91087881 5.3209597e-06,0.20739655 -0.97825696 8.8474248e-06,
  0.098001852 -0.99518623 -1.1825989e-06] }
}
}
DEF SHAPE_71 Shape {
 appearance USE APP_1
 geometry DEF FACE_71 IndexedFaceSet {
  coord DEF COORD_71 Coordinate { point [
  28.383029 0.27559084 0.46456693,28.383029 0.27559122 0.33464562,
  28.3369 0.27559071 0.33464579,28.336903 0.27559093 0.46456693] }
 coordIndex [
  3,0,1,-1,3,1,2,-1]
  normalPerVertex TRUE
  normal DEF NORM_71 Normal { vector [
  1.8677528e-06 1 2.91041e-06,-4.5718303e-06 1 6.241862e-07,
  -1.1010972e-05 1 -1.6618807e-06,-4.5718303e-06 1 6.241862e-07] }
}
}
DEF SHAPE_72 Shape {
 appearance USE APP_1
 geometry DEF FACE_72 IndexedFaceSet {
  coord DEF COORD_72 Coordinate { point [
  28.383029 0.27559084 0.46456693,28.402231 0.27748198 0.46456693,
  28.420695 0.28308277 0.46456693,28.437711 0.29217831 0.46456693,
  28.452626 0.30441885 0.46456693,28.602322 0.45411449 0.46456693,
  28.671919 0.38451735 0.46456693,28.562992 0.27559055 0.46456693,
  28.858268 0.27559055 0.46456693,28.858268 0.57086614 0.46456693,
  28.681102 0.57086614 0.46456693,28.42042 0.31018442 0.46456693,
  28.402522 0.29549572 0.46456693,28.382102 0.28458102 0.46456693,
  28.359946 0.27786004 0.46456693,28.336903 0.27559093 0.46456693] }
 coordIndex [
  6,9,8,-1,6,10,9,-1,6,5,10,-1,7,6,8,-1,11,5,4,-1,3,11,4,-1,2,11,3,-1,12,11,2,-1,
  1,12,2,-1,13,12,1,-1,0,13,1,-1,14,13,0,-1,15,14,0,-1,10,5,11,-1]
  normalPerVertex TRUE
  normal DEF NORM_72 Normal { vector [
  0 0 -1,0 0 -1,
  0 0 -1,0 0 -1,
  0 1.1703711e-08 -1,0 -1.0783161e-08 -1,
  0 0 -1,0 -2.0565715e-08 -1,
  0 0 -1,0 0 -1,
  0 0 -1,3.5078942e-08 -3.0079964e-08 -1,
  0 0 -1,0 0 -1,
  0 0 -1,0 0 -1] }
}
}
DEF SHAPE_73 Shape {
 appearance USE APP_1
 geometry DEF FACE_73 IndexedFaceSet {
  coord DEF COORD_73 Coordinate { point [
  28.671919 0.38451735 0.46456693,28.678996 0.39159469 0.45731318,
  28.684851 0.39744918 0.44813469,28.689226 0.40182427 0.43743367,
  28.69193 0.40452824 0.42567902,28.692844 0.40544261 0.41338583,
  28.623248 0.47504049 0.41338583,28.622333 0.47412538 0.42567902,
  28.619629 0.47142141 0.43743366,28.615254 0.46704632 0.44813469,
  28.609399 0.46119184 0.45731318,28.602322 0.45411449 0.46456693] }
 coordIndex [
  11,0,1,-1,10,1,2,-1,10,11,1,-1,9,2,3,-1,9,10,2,-1,8,3,4,-1,8,9,3,-1,7,4,5,-1,
  7,8,4,-1,6,7,5,-1]
  normalPerVertex TRUE
  normal DEF NORM_73 Normal { vector [
  0.41494812 0.41494782 0.80971376,0.45386456 0.45386428 0.76682082,
  0.55680139 0.55680111 0.61639657,0.63533951 0.63533924 0.43896214,
  0.68603739 0.68603715 0.24229264,0.70322769 0.70321999 0.10465403,
  0.70322831 0.70321314 0.10469584,0.69635586 0.69635062 0.17373639,
  0.65552877 0.65552853 0.37491916,0.58597586 0.5859756 0.55970072,
  0.4907458 0.49074554 0.71995651,0.41494819 0.41494793 0.80971366] }
}
}
DEF SHAPE_74 Shape {
 appearance USE APP_1
 geometry DEF FACE_74 IndexedFaceSet {
  coord DEF COORD_74 Coordinate { point [
  28.623248 0.47504049 0.41338583,28.623248 0.47504056 0.33464565,
  28.452625 0.30441882 0.33464535,28.452626 0.30441885 0.46456693,
  28.602322 0.45411449 0.46456693,28.622333 0.47412538 0.42567902,
  28.619629 0.47142141 0.43743366,28.615254 0.46704632 0.44813469,
  28.609399 0.46119184 0.45731318] }
 coordIndex [
  4,5,0,-1,4,6,5,-1,4,7,6,-1,4,8,7,-1,2,0,1,-1,2,4,0,-1,3,4,2,-1]
  normalPerVertex TRUE
  normal DEF NORM_74 Normal { vector [
  -0.70710543 0.70710813 4.3369402e-07,-0.70710532 0.70710825 -1.2993954e-08,
  -0.70710536 0.7071082 4.3085116e-07,-0.70710529 0.70710827 4.2232322e-07,
  -0.7071054 0.70710816 6.2267477e-07,-0.70710678 0.70710678 3.3956712e-08,
  -0.70710667 0.70710689 1.4588337e-07,-0.70710666 0.70710691 1.6632135e-07,
  -0.70710663 0.70710693 2.0394351e-07] }
}
}
DEF SHAPE_75 Shape {
 appearance USE APP_1
 geometry DEF FACE_75 IndexedFaceSet {
  coord DEF COORD_75 Coordinate { point [
  28.452625 0.30441882 0.33464535,28.43771 0.29217852 0.33464523,
  28.420694 0.28308301 0.33464541,28.402231 0.27748229 0.33464523,
  28.383029 0.27559122 0.33464562,28.452626 0.30441885 0.46456693,
  28.383029 0.27559084 0.46456693,28.402231 0.27748198 0.46456693,
  28.420695 0.28308277 0.46456693,28.437711 0.29217831 0.46456693] }
 coordIndex [
  0,9,5,-1,1,8,9,-1,1,9,0,-1,2,7,8,-1,2,8,1,-1,3,7,2,-1,4,6,7,-1,4,7,3,-1]
  normalPerVertex TRUE
  normal DEF NORM_75 Normal { vector [
  -0.6343978 0.77300675 1.7581774e-06,-0.52799253 0.84924902 3.1084837e-06,
  -0.35215984 0.93593987 3.1356954e-06,-0.19508207 0.98078692 3.0294545e-06,
  -0.098012266 0.99518521 2.9962522e-06,-0.63440517 0.7730007 3.4169912e-07,
  -0.098014301 0.99518501 3.2999228e-06,-0.19508404 0.98078653 3.040493e-06,
  -0.41279626 0.91082339 2.9742808e-06,-0.58255998 0.81278771 2.1329047e-06] }
}
}
DEF SHAPE_76 Shape {
 appearance USE APP_1
 geometry DEF FACE_76 IndexedFaceSet {
  coord DEF COORD_76 Coordinate { point [
  28.452625 0.30441882 0.33464535,28.494384 0.26266106 0.27559035,
  28.43771 0.29217852 0.33464523,28.420694 0.28308301 0.33464541,
  28.402231 0.27748229 0.33464523,28.383029 0.27559122 0.33464562,
  28.383029 0.21653681 0.27559002,28.470519 0.24307697 0.27559063,
  28.443293 0.22852414 0.27559092,28.413751 0.21956298 0.27559063,
  28.431994 0.25580372 0.3051183] }
 coordIndex [
  10,0,1,-1,10,2,0,-1,10,3,2,-1,10,4,3,-1,10,5,4,-1,10,6,5,-1,10,1,7,-1,10,7,8,-1,
  10,8,9,-1,10,9,6,-1]
  normalPerVertex TRUE
  normal DEF NORM_76 Normal { vector [
  -0.41089452 0.59428856 -0.6913659,-0.40147679 0.57171858 -0.71550978,
  -0.40952872 0.61289796 -0.67575314,-0.27059826 0.65328375 -0.7071046,
  -0.14380396 0.72296472 -0.67575323,-0.12967639 0.71077568 -0.6913624,
  -0.12037237 0.68815598 -0.7155081,-0.37685215 0.56399347 -0.73477468,
  -0.27059889 0.65328349 -0.7071046,-0.13232037 0.66527656 -0.7347778,
  -0.26795945 0.64691792 -0.71392923] }
}
}
DEF SHAPE_77 Shape {
 appearance USE APP_1
 geometry DEF FACE_77 IndexedFaceSet {
  coord DEF COORD_77 Coordinate { point [
  28.383029 0.27559122 0.33464562,28.3369 0.27559071 0.33464579,
  28.383029 0.21653681 0.27559002,28.326772 0.2165353 0.27558959,
  28.320159 0.21597401 0.27502923,28.313753 0.21431945 0.27337455,
  28.307598 0.21155011 0.27060523,28.303428 0.20886722 0.26792233,
  28.299634 0.2056869 0.26474202,28.292895 0.19722213 0.25627724,
  28.288862 0.18777526 0.24683038,28.287403 0.17716536 0.2362205,
  28.287401 0.27559058 0.3346457] }
 coordIndex [
  12,4,5,-1,12,5,6,-1,12,6,7,-1,12,7,8,-1,12,8,9,-1,12,9,10,-1,1,2,3,-1,1,3,4,-1,
  1,4,12,-1,0,2,1,-1,11,12,10,-1]
  normalPerVertex TRUE
  normal DEF NORM_77 Normal { vector [
  -1.0397402e-05 0.70711388 -0.70709969,-1.2210209e-05 0.7071112 -0.70710236,
  -1.2165891e-05 0.70711318 -0.70710038,-2.2782056e-05 0.7071134 -0.70710016,
  -9.3378165e-06 0.70710786 -0.70710571,5.1520055e-06 0.70710803 -0.70710553,
  -1.3264932e-06 0.70710656 -0.707107,1.4683186e-07 0.70710681 -0.70710676,
  -8.688941e-08 0.70710677 -0.70710679,2.0347497e-07 0.70710679 -0.70710677,
  -2.6165694e-06 0.70710677 -0.70710679,-1.0512141e-05 0.70710671 -0.70710686,
  2.8145944e-07 0.70710655 -0.70710701] }
}
}
DEF SHAPE_78 Shape {
 appearance USE APP_1
 geometry DEF FACE_78 IndexedFaceSet {
  coord DEF COORD_78 Coordinate { point [
  28.287401 0.27559057 0.17716538,28.267716 0.2755907 0.17716543,
  28.287401 0.27559058 0.3346457,28.3369 0.27559071 0.33464579,
  28.336746 0.27558857 0.22440945,28.336614 0.27559055 0.11811024,
  28.267717 0.2755911 0.11811024] }
 coordIndex [
  4,3,2,-1,6,0,1,-1,5,4,0,-1,5,0,6,-1,0,4,2,-1]
  normalPerVertex TRUE
  normal DEF NORM_78 Normal { vector [
  -2.597296e-05 -1 -7.174753e-06,-7.0391191e-06 -1 -6.7661187e-06,
  -2.2653099e-05 -1 8.0522975e-06,2.7278464e-06 -1 1.9413499e-05,
  -2.2639365e-05 -1 4.9354759e-07,-1.6230462e-05 -1 -1.3278241e-05,
  -7.8041021e-06 -1 -6.5111364e-06] }
}
}
DEF SHAPE_79 Shape {
 appearance USE APP_1
 geometry DEF FACE_79 IndexedFaceSet {
  coord DEF COORD_79 Coordinate { point [
  28.228346 0.21653701 0.11810959,28.228346 0.27559129 0.17716537,
  28.267716 0.2755907 0.17716543,28.287401 0.27559057 0.17716538,
  28.238468 0.21741042 0.11898527,28.249428 0.22042742 0.12200223,
  28.261116 0.22646249 0.12803729,28.272089 0.23591685 0.13749165,
  28.281135 0.24911864 0.15069344,28.28576 0.2617766 0.1633514] }
 coordIndex [
  1,4,0,-1,1,5,4,-1,1,6,5,-1,1,7,6,-1,8,7,1,-1,2,9,8,-1,2,8,1,-1,3,9,2,-1]
  normalPerVertex TRUE
  normal DEF NORM_79 Normal { vector [
  0.00015678091 0.70711574 -0.7070978,2.4761749e-05 0.70710597 -0.70710759,
  8.5089821e-06 0.70710794 -0.70710562,3.250719e-06 0.70710692 -0.70710664,
  7.4004207e-05 0.70710855 -0.70710501,2.0879868e-06 0.70710252 -0.70711104,
  4.8722327e-06 0.70710318 -0.70711038,6.5220373e-06 0.70710391 -0.70710965,
  8.6171984e-06 0.70710657 -0.707107,2.7625742e-06 0.70710661 -0.70710696] }
}
}
DEF SHAPE_80 Shape {
 appearance USE APP_1
 geometry DEF FACE_80 IndexedFaceSet {
  coord DEF COORD_80 Coordinate { point [
  28.228346 0.27559129 0.17716537,28.267716 0.2755907 0.17716543,
  28.228346 0.2755924 0.47244094,28.267716 0.27559078 0.47244094] }
 coordIndex [
  2,1,0,-1,2,3,1,-1]
  normalPerVertex TRUE
  normal DEF NORM_80 Normal { vector [
  1.4827263e-05 1 -3.7655143e-06,2.7940805e-05 1 -2.0170698e-06,
  2.7940805e-05 1 -2.0170698e-06,4.1054352e-05 1 -2.6862473e-07] }
}
}
DEF SHAPE_81 Shape {
 appearance USE APP_1
 geometry DEF FACE_81 IndexedFaceSet {
  coord DEF COORD_81 Coordinate { point [
  28.169292 0.37401575 0.11811024,28.171759 0.3521141 0.11811024,
  28.179039 0.33131065 0.11811024,28.190765 0.31264863 0.11811024,
  28.206349 0.29706384 0.11811024,28.225011 0.28533782 0.11811024,
  28.245815 0.27805856 0.11811024,28.267717 0.2755911 0.11811024,
  28.267716 0.2755907 0.17716543,28.267716 0.27559078 0.47244094,
  28.267716 0.27559077 0.70866142,28.245815 0.27805859 0.70866142,
  28.225011 0.28533786 0.70866142,28.206349 0.29706389 0.70866142,
  28.190765 0.31264867 0.70866142,28.179039 0.33131069 0.70866142,
  28.171759 0.35211411 0.70866142,28.169292 0.37401575 0.70866142,
  28.169291 0.3740149 0.47244097,28.169292 0.3740149 0.17716545] }
 coordIndex [
  11,9,10,-1,6,7,8,-1,6,8,9,-1,6,9,11,-1,5,11,12,-1,5,6,11,-1,4,12,13,-1,4,5,12,-1,
  3,13,14,-1,3,4,13,-1,2,14,15,-1,2,3,14,-1,18,16,17,-1,1,15,16,-1,1,2,15,-1,1,16,18,-1,
  19,1,18,-1,0,1,19,-1]
  normalPerVertex TRUE
  normal DEF NORM_81 Normal { vector [
  -0.99371354 -0.11195267 -8.1240691e-06,-0.97206565 -0.23470913 -2.3411924e-07,
  -0.88405248 -0.46738764 0,-0.75788137 -0.65239239 0,
  -0.59370561 -0.80468233 0,-0.39975794 -0.91662074 0,
  -0.19710682 -0.98038202 -2.5517911e-07,-0.1119527 -0.99371354 -7.9296702e-06,
  -0.11197088 -0.99371149 -1.0991975e-06,-0.11197134 -0.99371144 1.1616568e-07,
  -0.11196914 -0.99371168 1.6121515e-07,-0.24185703 -0.9703119 2.467085e-08,
  -0.46738845 -0.88405206 0,-0.65239303 -0.75788082 0,
  -0.80468279 -0.59370499 0,-0.91662102 -0.3997573 0,
  -0.97893394 -0.20417724 3.4789458e-07,-0.99371355 -0.11195259 2.0745766e-06,
  -0.9937116 -0.11196993 4.2555561e-07,-0.99371152 -0.11197062 -1.3839213e-06] }
}
}
DEF SHAPE_82 Shape {
 appearance USE APP_1
 geometry DEF FACE_82 IndexedFaceSet {
  coord DEF COORD_82 Coordinate { point [
  28.169291 0.3740149 0.47244097,28.169292 0.33464567 0.47244094,
  28.169292 0.33464569 0.1771653,28.169292 0.3740149 0.17716545] }
 coordIndex [
  1,2,3,-1,0,1,3,-1]
  normalPerVertex TRUE
  normal DEF NORM_82 Normal { vector [
  1 1.4898521e-05 3.6066666e-08,1 1.4278462e-05 -4.660606e-08,
  1 1.3658404e-05 -1.292788e-07,1 1.4278462e-05 -4.660606e-08] }
}
}
DEF SHAPE_83 Shape {
 appearance USE APP_1
 geometry DEF FACE_83 IndexedFaceSet {
  coord DEF COORD_83 Coordinate { point [
  28.169292 0.33464569 0.1771653,28.110238 0.33464632 0.11810959,
  28.169292 0.3740149 0.17716545,28.169291 0.88582735 0.17716544,
  28.169292 0.9448819 0.17716547,28.110237 0.94488353 0.11811066] }
 coordIndex [
  1,2,0,-1,3,2,1,-1,5,4,3,-1,5,3,1,-1]
  normalPerVertex TRUE
  normal DEF NORM_83 Normal { vector [
  0.70711557 1.2350847e-05 -0.70709799,0.70711403 1.611696e-06 -0.70709953,
  0.70711939 8.9285961e-07 -0.70709417,0.70711355 9.2273167e-07 -0.70710001,
  0.70710555 -5.0083533e-06 -0.70710801,0.70710887 1.6195622e-06 -0.7071047] }
}
}
DEF SHAPE_84 Shape {
 appearance USE APP_1
 geometry DEF FACE_84 IndexedFaceSet {
  coord DEF COORD_84 Coordinate { point [
  28.169292 0.37401575 0.11811024,28.169292 0.88582689 0.11811024,
  28.169291 0.88582735 0.17716544,28.169292 0.3740149 0.17716545] }
 coordIndex [
  0,2,1,-1,0,3,2,-1]
  normalPerVertex TRUE
  normal DEF NORM_84 Normal { vector [
  -1 -2.5553429e-07 -4.6894936e-06,-1 -4.6986913e-07 -2.8319256e-06,
  -1 -2.5553429e-07 -4.6894936e-06,-1 -4.1200049e-08 -6.5470565e-06] }
}
}
DEF SHAPE_85 Shape {
 appearance USE APP_1
 geometry DEF FACE_85 IndexedFaceSet {
  coord DEF COORD_85 Coordinate { point [
  28.228346 1.0039362 0.17716563,28.215205 1.002455 0.17716558,
  28.202723 0.99808776 0.17716558,28.191526 0.99105235 0.17716558,
  28.182176 0.98170164 0.17716558,28.17514 0.97050456 0.17716558,
  28.170773 0.95802266 0.17716558,28.169292 0.9448819 0.17716547,
  28.228339 1.0629911 0.11811077,28.110237 0.94488353 0.11811066,
  28.114261 0.97545119 0.11811193,28.126059 1.0039359 0.11811246,
  28.144827 1.0283965 0.11811264,28.169287 1.0471661 0.11811246,
  28.197771 1.0589657 0.11811193,28.146507 0.9787809 0.14763935,
  28.165709 1.0075192 0.14763966,28.194447 1.0267213 0.14763935] }
 coordIndex [
  15,4,5,-1,15,5,6,-1,15,6,7,-1,15,9,10,-1,15,10,11,-1,15,7,9,-1,16,3,4,-1,16,11,12,-1,
  16,12,13,-1,16,4,15,-1,16,15,11,-1,17,0,1,-1,17,1,2,-1,17,2,3,-1,17,8,0,-1,17,13,14,-1,
  17,14,8,-1,17,3,16,-1,17,16,13,-1]
  normalPerVertex TRUE
  normal DEF NORM_85 Normal { vector [
  0.13066215 -0.70668808 -0.69535556,0.16071703 -0.70410799 -0.69166609,
  0.30750557 -0.63856739 -0.70545872,0.4199548 -0.58159621 -0.69669492,
  0.58160056 -0.41994877 -0.69669492,0.63857058 -0.30749895 -0.70545872,
  0.70410929 -0.16071044 -0.69166629,0.70669368 -0.13064966 -0.69535222,
  0.12340504 -0.6933302 -0.70997495,0.69333346 -0.12338528 -0.7099752,
  0.67430824 -0.18064845 -0.71601294,0.60085083 -0.36607723 -0.71060941,
  0.50000732 -0.4999807 -0.70711525,0.36610028 -0.60083762 -0.71060871,
  0.18068373 -0.67430443 -0.71600763,0.66125894 -0.240972 -0.71040067,
  0.49676533 -0.49675398 -0.71165981,0.24098991 -0.66125243 -0.71040065] }
}
}
DEF SHAPE_86 Shape {
 appearance USE APP_1
 geometry DEF FACE_86 IndexedFaceSet {
  coord DEF COORD_86 Coordinate { point [
  28.40073 1.062988 0.11811035,28.423781 1.0607195 0.11811201,
  28.445946 1.0539948 0.11811257,28.466371 1.0430726 0.11811201,
  28.484271 1.0283732 0.11811036,28.543837 0.96881363 0.11811057,
  28.571675 0.99665331 0.11811054,28.51209 1.0562366 0.11811029,
  28.488226 1.0758208 0.11811035,28.461 1.0903735 0.11811034,
  28.431458 1.0993349 0.11811034,28.400735 1.102361 0.11811026,
  28.228346 1.1023615 0.11811024,28.193304 1.0984126 0.11811024,
  28.160019 1.0867657 0.11811024,28.13016 1.0680041 0.11811024,
  28.105224 1.0430686 0.11811024,28.086463 1.0132096 0.11811024,
  28.074816 0.9799243 0.11811024,28.070868 0.94488189 0.11811024,
  28.070867 0.33464568 0.11811024,28.074816 0.29960326 0.11811024,
  28.086463 0.26631799 0.11811024,28.105224 0.23645897 0.11811024,
  28.13016 0.21152346 0.11811024,28.160019 0.19276186 0.11811024,
  28.193304 0.18111497 0.11811024,28.228346 0.17716681 0.11811024,
  28.228346 0.21653701 0.11810959,28.202064 0.21949757 0.11811033,
  28.1771 0.22823245 0.11811084,28.154706 0.24230362 0.11811111,
  28.136004 0.26100542 0.11811111,28.121933 0.28339999 0.11811084,
  28.113198 0.30836426 0.11811033,28.110238 0.33464632 0.11810959,
  28.110237 0.94488353 0.11811066,28.114261 0.97545119 0.11811193,
  28.126059 1.0039359 0.11811246,28.144827 1.0283965 0.11811264,
  28.169287 1.0471661 0.11811246,28.197771 1.0589657 0.11811193,
  28.228339 1.0629911 0.11811077] }
 coordIndex [
  31,24,23,-1,32,23,22,-1,32,31,23,-1,30,25,24,-1,30,26,25,-1,30,24,31,-1,33,22,21,-1,33,32,22,-1,
  29,27,26,-1,29,26,30,-1,34,21,20,-1,34,33,21,-1,28,27,29,-1,35,34,20,-1,19,35,20,-1,36,19,18,-1,
  36,35,19,-1,37,36,18,-1,17,37,18,-1,38,37,17,-1,16,38,17,-1,39,38,16,-1,15,39,16,-1,40,39,15,-1,
  14,40,15,-1,41,40,14,-1,13,42,41,-1,13,41,14,-1,12,42,13,-1,0,42,12,-1,11,0,12,-1,10,1,0,-1,
  10,0,11,-1,9,2,1,-1,9,1,10,-1,8,3,2,-1,8,2,9,-1,7,4,3,-1,7,3,8,-1,6,5,4,-1,
  6,4,7,-1]
  normalPerVertex TRUE
  normal DEF NORM_86 Normal { vector [
  3.0278885e-06 -1.0269971e-05 -1,1.6857907e-05 -5.2423888e-05 -1,
  -2.0931619e-05 -4.6479024e-05 -1,-3.906289e-05 -5.1361287e-06 -1,
  -5.2959952e-06 3.536562e-06 -1,1.2842634e-06 -2.2086802e-06 -1,
  1.0882074e-06 -2.7489084e-06 -1,-1.4481417e-05 -8.4205711e-07 -1,
  -3.1048503e-05 -3.6446786e-05 -1,-1.2529262e-05 -5.0529794e-05 -1,
  1.4569395e-05 -3.1095459e-05 -1,4.6144947e-07 -2.3098018e-06 -1,
  -9.126993e-07 -8.4037076e-06 -1,-4.3127588e-06 -3.3247671e-05 -1,
  1.6852642e-05 -4.8258112e-05 -1,3.5320998e-05 -4.7502894e-05 -1,
  4.7503423e-05 -3.5319433e-05 -1,4.8257236e-05 -1.6850713e-05 -1,
  3.2465978e-05 5.4621056e-06 -1,-2.4428278e-06 8.2561336e-07 -1,
  -1.5553938e-05 -1.1621013e-06 -1,7.9100087e-06 -3.0575658e-06 -1,
  1.6904184e-05 5.9259263e-06 -1,1.6834523e-05 1.4292564e-05 -1,
  9.7811308e-06 1.7310251e-05 -1,6.66466e-06 1.3839397e-05 -1,
  -3.0574649e-06 7.9102449e-06 -1,-1.2726361e-05 -5.7881551e-06 -1,
  -3.003578e-05 -1.6535115e-05 -1,-1.4416127e-05 -2.0954472e-06 -1,
  7.2206623e-07 1.467922e-05 -1,1.2181697e-05 1.8517854e-05 -1,
  1.7470599e-05 9.1883919e-06 -1,1.3027624e-05 -3.7164154e-06 -1,
  -2.0956054e-06 -1.4416302e-05 -1,-3.1144924e-06 2.3270204e-07 -1,
  1.254173e-05 3.1510381e-06 -1,4.7587609e-05 4.7333511e-06 -1,
  5.110273e-05 -2.2134915e-05 -1,4.1492179e-05 -4.1489838e-05 -1,
  2.2137683e-05 -5.1101217e-05 -1,-3.6644605e-06 -4.7465689e-05 -1,
  -5.6868595e-06 -1.7780237e-05 -1] }
}
}
DEF SHAPE_87 Shape {
 appearance USE APP_1
 geometry DEF FACE_87 IndexedFaceSet {
  coord DEF COORD_87 Coordinate { point [
  28.228346 0.21653701 0.11810959,28.228346 0.17716681 0.11811024,
  28.238468 0.21741042 0.11898527,28.249428 0.22042742 0.12200223,
  28.261116 0.22646249 0.12803729,28.272089 0.23591685 0.13749165,
  28.281135 0.24911864 0.15069344,28.28576 0.2617766 0.1633514,
  28.287401 0.27559057 0.17716538,28.287401 0.17716535 0.17716535,
  28.28592 0.17716535 0.16402451,28.281553 0.17716535 0.15154253,
  28.274517 0.17716535 0.1403454,28.265166 0.17716535 0.13099467,
  28.253969 0.17716535 0.12395929,28.241487 0.17716535 0.11959209] }
 coordIndex [
  15,1,0,-1,15,0,2,-1,14,2,3,-1,14,15,2,-1,13,3,4,-1,13,14,3,-1,12,4,5,-1,12,13,4,-1,
  11,5,6,-1,11,12,5,-1,10,6,7,-1,10,11,6,-1,9,7,8,-1,9,10,7,-1]
  normalPerVertex TRUE
  normal DEF NORM_87 Normal { vector [
  0.10096684 -0.0037622908 -0.99488268,0.1120567 -1.6430839e-05 -0.99370181,
  0.24117049 -0.003906884 -0.9704749,0.43326647 -0.0044909742 -0.90125468,
  0.61783859 -0.0037593886 -0.78629596,0.78498504 -0.0012217262 -0.61951351,
  0.90706355 -0.00054420352 -0.42099338,0.982147 2.9685171e-06 -0.18811502,
  0.99302185 3.1390035e-06 -0.11793054,0.99333422 0.00044374367 -0.11526892,
  0.96552782 0.00047114867 -0.26029947,0.87627865 0.0022408122 -0.48179944,
  0.74094158 0.0039033904 -0.67155814,0.57291398 0.0053697142 -0.81959791,
  0.38574676 0.0049404733 -0.92259147,0.18548698 0.0014458984 -0.98264566] }
}
}
DEF SHAPE_88 Shape {
 appearance USE APP_1
 geometry DEF FACE_88 IndexedFaceSet {
  coord DEF COORD_88 Coordinate { point [
  28.287403 0.17716536 0.2362205,28.287401 0.27559058 0.3346457,
  28.287401 0.17716535 0.17716535,28.287401 0.27559057 0.17716538] }
 coordIndex [
  3,0,2,-1,1,0,3,-1]
  normalPerVertex TRUE
  normal DEF NORM_88 Normal { vector [
  1 1.5222173e-05 -1.2443309e-05,1 1.9757502e-05 -4.8844265e-06,
  1 3.1279687e-06 -3.260032e-05,1 1.5222173e-05 -1.2443309e-05] }
}
}
DEF SHAPE_89 Shape {
 appearance USE APP_1
 geometry DEF FACE_89 IndexedFaceSet {
  coord DEF COORD_89 Coordinate { point [
  28.228346 0.17716603 0.47244094,28.228346 0.17716681 0.11811024,
  28.383029 0.1771673 0.47244094,28.383029 0.17716622 0.27559055,
  28.326772 0.17716535 0.27558959,28.318011 0.17716535 0.27460178,
  28.30969 0.17716535 0.27169059,28.302225 0.17716535 0.26700052,
  28.295992 0.17716535 0.26076683,28.291302 0.17716535 0.25330216,
  28.28839 0.17716535 0.24498093,28.287403 0.17716536 0.2362205,
  28.287401 0.17716535 0.17716535,28.28592 0.17716535 0.16402451,
  28.281553 0.17716535 0.15154253,28.274517 0.17716535 0.1403454,
  28.265166 0.17716535 0.13099467,28.253969 0.17716535 0.12395929,
  28.241487 0.17716535 0.11959209] }
 coordIndex [
  7,0,8,-1,9,8,0,-1,6,0,7,-1,10,9,0,-1,5,2,0,-1,5,0,6,-1,4,2,5,-1,3,2,4,-1,
  1,11,10,-1,1,10,0,-1,12,11,1,-1,16,18,17,-1,15,13,12,-1,15,14,13,-1,15,1,18,-1,15,12,1,-1,
  15,18,16,-1]
  normalPerVertex TRUE
  normal DEF NORM_89 Normal { vector [
  -3.0757896e-06 -1 3.1892625e-06,-2.2355602e-05 -1 7.9700716e-07,
  9.7002312e-06 -1 6.8394992e-06,1.5389351e-05 -1 5.4976174e-06,
  1.3222858e-05 -1 6.1167688e-06,7.2581281e-06 -1 7.0568108e-06,
  -1.3535718e-06 -1 2.8110281e-06,-2.0344438e-06 -1 2.5511865e-06,
  -2.8523338e-06 -1 2.2745938e-06,-4.0030763e-06 -1 1.9275692e-06,
  -1.9039878e-05 -1 -1.9113214e-06,-2.5357624e-05 -1 3.6995173e-07,
  -2.7855282e-05 -1 3.7652195e-06,0 -1 0,
  0 -1 0,-4.3983772e-05 -1 3.5076279e-05,
  0 -1 0,0 -1 0,
  -8.0045317e-05 -0.99999999 0.00012739572] }
}
}
DEF SHAPE_90 Shape {
 appearance USE APP_1
 geometry DEF FACE_90 IndexedFaceSet {
  coord DEF COORD_90 Coordinate { point [
  28.070867 0.33464568 0.11811024,28.074816 0.29960326 0.11811024,
  28.086463 0.26631799 0.11811024,28.105224 0.23645897 0.11811024,
  28.13016 0.21152346 0.11811024,28.160019 0.19276186 0.11811024,
  28.193304 0.18111497 0.11811024,28.228346 0.17716681 0.11811024,
  28.228346 0.17716603 0.47244094,28.193304 0.18111497 0.47244094,
  28.160019 0.19276186 0.47244094,28.13016 0.21152346 0.47244094,
  28.105224 0.23645896 0.47244094,28.086463 0.26631799 0.47244094,
  28.074816 0.29960325 0.47244094,28.070868 0.33464567 0.47244094] }
 coordIndex [
  15,0,1,-1,14,1,2,-1,14,15,1,-1,13,2,3,-1,13,14,2,-1,12,3,4,-1,12,13,3,-1,11,4,5,-1,
  11,12,4,-1,10,5,6,-1,10,11,5,-1,9,6,7,-1,9,10,6,-1,8,9,7,-1]
  normalPerVertex TRUE
  normal DEF NORM_90 Normal { vector [
  -0.99371022 -0.11198216 2.2662789e-06,-0.98259193 -0.18577703 7.5967168e-07,
  -0.91661937 -0.39976108 0,-0.80468162 -0.59370657 0,
  -0.65239318 -0.75788069 0,-0.46739053 -0.88405095 0,
  -0.25895063 -0.96589056 0,-0.11197048 -0.99371153 -1.0960696e-06,
  -0.11198141 -0.9937103 -2.1906493e-06,-0.18577679 -0.98259197 -7.3432006e-07,
  -0.39976108 -0.91661937 0,-0.59370657 -0.80468162 0,
  -0.75788069 -0.65239318 0,-0.88405095 -0.46739053 0,
  -0.96589056 -0.25895063 0,-0.99371149 -0.11197086 1.1337969e-06] }
}
}
DEF SHAPE_91 Shape {
 appearance USE APP_1
 geometry DEF FACE_91 IndexedFaceSet {
  coord DEF COORD_91 Coordinate { point [
  28.070866 0.59842497 0.57086638,28.070866 0.59842305 0.68897638,
  28.070866 0.59595733 0.54896465,28.070866 0.58867808 0.52816113,
  28.070866 0.57695204 0.50949905,28.070866 0.56136721 0.49391422,
  28.070866 0.54270512 0.48218817,28.070866 0.5219016 0.47490892,
  28.070866 0.49999988 0.47244131,28.070868 0.33464567 0.47244094,
  28.070867 0.33464568 0.11811024,28.070868 0.94488189 0.11811024,
  28.070867 0.94488188 2.0866142,28.070866 0.91732272 2.0866145,
  28.070866 0.59842531 2.0866146,28.070867 0.59448819 2.0866142,
  28.070867 0.59448819 1.515748,28.070866 0.6496063 1.5157476,
  28.070866 0.67588828 1.5127865,28.070866 0.70085241 1.5040513,
  28.070866 0.72324683 1.4899801,28.070866 0.74194858 1.4712783,
  28.070866 0.75601984 1.4488839,28.070866 0.76475501 1.4239198,
  28.070866 0.76771607 1.3976378,28.070866 0.76771633 1.0826772,
  28.070866 0.76475502 1.0563952,28.070866 0.75601984 1.0314311,
  28.070866 0.74194858 1.0090366,28.070866 0.72324683 0.99033489,
  28.070866 0.70085241 0.97626362,28.070866 0.67588829 0.96752845,
  28.070866 0.6496063 0.9645674,28.070867 0.59448817 0.96456696,
  28.070866 0.59448768 0.70078703,28.070866 0.59664051 0.69716434,
  28.070866 0.59797266 0.69316634] }
 coordIndex [
  20,13,12,-1,20,12,21,-1,22,21,12,-1,19,13,20,-1,23,22,12,-1,18,14,13,-1,18,13,19,-1,24,23,12,-1,
  17,14,18,-1,16,15,14,-1,16,14,17,-1,34,31,30,-1,34,32,31,-1,34,33,32,-1,35,34,30,-1,36,30,29,-1,
  36,35,30,-1,1,29,28,-1,1,36,29,-1,11,0,1,-1,11,2,0,-1,11,3,2,-1,11,4,3,-1,11,26,25,-1,
  11,27,26,-1,11,28,27,-1,11,1,28,-1,5,4,11,-1,6,5,11,-1,10,7,6,-1,10,8,7,-1,10,9,8,-1,
  10,6,11,-1,11,24,12,-1,11,25,24,-1]
  normalPerVertex TRUE
  normal DEF NORM_91 Normal { vector [
  -1 4.1078232e-06 -7.2341905e-08,-1 2.683827e-06 -8.7909332e-07,
  -1 3.255228e-06 -7.4296102e-07,-1 2.6296096e-06 -1.2663307e-06,
  -1 2.1409248e-06 -1.7073224e-06,-1 1.703328e-06 -2.1359159e-06,
  -1 1.3191959e-06 -2.5185059e-06,-1 -1.6815468e-06 -9.3106584e-07,
  -1 -7.8020445e-06 2.0430158e-06,-1 -8.315797e-06 2.2827665e-06,
  -1 -7.3184199e-07 -1.5021743e-06,-1 3.450252e-06 -1.1120546e-06,
  -1 5.6189543e-06 -8.6507199e-07,-1 2.2680341e-06 -1.5796253e-06,
  -1 -6.1449697e-06 -8.7549026e-07,-0.99999992 -0.00040094939 6.9625504e-07,
  -1 -4.0191595e-05 -1.7918002e-06,-1 -9.8224513e-06 -1.5571117e-06,
  -1 -3.3757521e-07 -7.2273431e-07,-1 -3.5240411e-07 -7.3178232e-07,
  -1 1.2685137e-05 -4.4347704e-06,-1 7.3575627e-07 5.8674443e-07,
  -1 1.028995e-06 4.9553275e-07,-1 1.540098e-06 3.5150636e-07,
  -1 5.1747245e-06 -4.0368196e-07,-1 7.8472211e-06 -6.8092399e-08,
  -1 3.6926254e-06 -8.4281001e-07,-1 2.3158281e-06 -1.1152324e-06,
  -1 2.3385686e-06 -1.0762035e-06,-1 0 0,
  -1 0 0,-1 0 0,
  -1 -1.4760911e-05 3.0843883e-06,-1 -2.163367e-05 4.5204961e-06,
  -1 -1.1139904e-05 2.3277554e-06,-1 0 0,
  -1 0 0] }
}
}
DEF SHAPE_92 Shape {
 appearance USE APP_1
 geometry DEF FACE_92 IndexedFaceSet {
  coord DEF COORD_92 Coordinate { point [
  28.035239 0.90551181 2.1525017,28.048038 0.90551181 2.1420556,
  28.058376 0.90551181 2.1291691,28.065797 0.90551181 2.114409,
  28.069975 0.90551181 2.0984251,28.035239 0.61023632 2.1525014,
  28.069975 0.61023581 2.0984252,28.065797 0.61023622 2.114409,
  28.058376 0.61023622 2.1291691,28.048038 0.61023622 2.1420556,
  28.070866 0.59842531 2.0866146,28.070788 0.60679586 2.0900938,
  28.070866 0.91732272 2.0866145,28.070789 0.90895482 2.0900911] }
 coordIndex [
  10,13,12,-1,11,4,13,-1,11,13,10,-1,6,3,4,-1,6,4,11,-1,7,3,6,-1,8,2,3,-1,8,3,7,-1,
  9,1,2,-1,9,2,8,-1,5,0,1,-1,5,1,9,-1]
  normalPerVertex TRUE
  normal DEF NORM_92 Normal { vector [
  -0.63229688 1.0017903e-06 -0.77472618,-0.68489186 3.3557593e-07 -0.72864473,
  -0.82185671 0 -0.56969426,-0.9356313 -2.2203167e-07 -0.35297884,
  -0.98463931 3.4601176e-07 -0.17460076,-0.63228995 5.0186719e-07 -0.77473183,
  -0.97508511 -5.3091752e-07 -0.22183106,-0.93562991 0 -0.35298253,
  -0.85984695 0 -0.51055187,-0.73437647 0 -0.67874237,
  -0.99975431 2.0471001e-06 -0.022165542,-0.9964455 2.073006e-06 -0.084239918,
  -0.99975908 -3.7068992e-07 -0.021949681,-0.99803054 3.0521286e-06 -0.062729859] }
}
}
DEF SHAPE_93 Shape {
 appearance USE APP_1
 geometry DEF FACE_93 IndexedFaceSet {
  coord DEF COORD_93 Coordinate { point [
  28.035239 0.61023632 2.1525014,28.008801 0.61023746 2.169802,
  28.062693 0.61023746 2.2521619,28.089132 0.61023622 2.234862,
  28.120516 0.61023622 2.2086937,28.145071 0.61023622 2.1760309,
  28.161489 0.61023622 2.1386112,28.168897 0.61023622 2.0984252,
  28.069975 0.61023581 2.0984252,28.065797 0.61023622 2.114409,
  28.058376 0.61023622 2.1291691,28.048038 0.61023622 2.1420556] }
 coordIndex [
  3,2,1,-1,0,3,1,-1,11,3,0,-1,4,3,11,-1,10,4,11,-1,5,10,9,-1,5,4,10,-1,6,9,8,-1,
  6,5,9,-1,7,6,8,-1]
  normalPerVertex TRUE
  normal DEF NORM_93 Normal { vector [
  -2.2141929e-05 -1 1.3237836e-05,-3.1659213e-05 -1 2.0090788e-05,
  -3.2736721e-05 -1 2.1421196e-05,-1.7460572e-05 -1 1.0925327e-05,
  0 -1 0,0 -1 0,
  6.8564312e-07 -1 4.4225829e-06,4.1559768e-06 -1 7.6611321e-07,
  1.1721959e-06 -1 7.5609794e-06,-1.3750365e-06 -1 5.4366897e-06,
  0 -1 0,-1.322587e-06 -1 5.8562104e-07] }
}
}
DEF SHAPE_94 Shape {
 appearance USE APP_1
 geometry DEF FACE_94 IndexedFaceSet {
  coord DEF COORD_94 Coordinate { point [
  28.169291 0.59842531 2.0866145,28.169257 0.60678714 2.0900874,
  28.168897 0.61023622 2.0984252,28.070866 0.59842531 2.0866146,
  28.070788 0.60679586 2.0900938,28.069975 0.61023581 2.0984252] }
 coordIndex [
  1,3,0,-1,1,4,3,-1,2,5,4,-1,2,4,1,-1]
  normalPerVertex TRUE
  normal DEF NORM_94 Normal { vector [
  1.0737048e-06 -0.38356309 0.92351467,-1.0886709e-05 -0.60391055 0.7970521,
  -2.662188e-05 -0.92418527 0.38194448,1.3279903e-05 -0.38368559 0.92346379,
  -9.8923491e-06 -0.79742537 0.60341758,3.8538236e-06 -0.92431191 0.3816379] }
}
}
DEF SHAPE_95 Shape {
 appearance USE APP_1
 geometry DEF FACE_95 IndexedFaceSet {
  coord DEF COORD_95 Coordinate { point [
  28.488189 0.17716599 2.0866142,28.492126 0.17716485 2.0866145,
  28.492126 0.27559043 2.0866146,28.488189 0.27559159 2.0866142,
  28.446431 0.29288772 2.0866142,28.45538 0.28554328 2.0866142,
  28.46559 0.28008579 2.0866142,28.476668 0.2767255 2.0866142,
  28.186589 0.55273065 2.0866142,28.169292 0.59448819 2.0866142,
  28.170426 0.58296709 2.0866142,28.173787 0.57188875 2.0866142,
  28.179244 0.56167909 2.0866142,28.169291 0.59842531 2.0866145,
  28.070866 0.59842531 2.0866146,28.070867 0.59448819 2.0866142,
  28.116992 0.48313335 2.0866142,28.097408 0.50699763 2.0866142,
  28.082855 0.53422359 2.0866142,28.073894 0.56376556 2.0866142,
  28.376835 0.22329154 2.0866142,28.457466 0.18019272 2.0866142,
  28.427924 0.18915406 2.0866142,28.400698 0.20370676 2.0866142] }
 coordIndex [
  2,0,1,-1,3,0,2,-1,7,21,0,-1,7,0,3,-1,6,22,21,-1,6,23,22,-1,6,21,7,-1,5,23,6,-1,
  20,5,4,-1,20,23,5,-1,8,16,20,-1,8,20,4,-1,12,16,8,-1,17,12,11,-1,17,16,12,-1,18,17,11,-1,
  19,11,10,-1,19,18,11,-1,15,10,9,-1,15,9,13,-1,15,19,10,-1,14,15,13,-1]
  normalPerVertex TRUE
  normal DEF NORM_95 Normal { vector [
  -1.5163184e-05 -6.7723303e-08 1,-8.5734088e-05 -8.6211663e-07 1,
  -9.651054e-05 -4.3104487e-07 1,-2.7325179e-05 0 1,
  0 0 1,0 0 1,
  0 0 1,0 0 1,
  0 0 1,5.0828699e-07 -2.2216182e-05 1,
  2.9045016e-07 -9.0189014e-07 1,0 0 1,
  0 0 1,8.3545779e-07 -9.5552189e-05 1,
  1.1626288e-06 -0.00010373112 0.99999999,4.4284717e-07 -1.5980222e-05 1,
  0 0 1,0 0 1,
  0 0 1,1.3375981e-07 -6.7245724e-07 1,
  0 0 1,0 0 1,
  0 0 1,0 0 1] }
}
}
DEF SHAPE_96 Shape {
 appearance USE APP_1
 geometry DEF FACE_96 IndexedFaceSet {
  coord DEF COORD_96 Coordinate { point [
  28.503936 0.17627412 2.0984251,28.503937 0.27519628 2.0984251,
  28.492126 0.17716485 2.0866145,28.500499 0.17708721 2.0900965,
  28.492126 0.27559043 2.0866146,28.500479 0.27555641 2.0900772] }
 coordIndex [
  3,0,1,-1,5,3,1,-1,2,3,5,-1,4,2,5,-1]
  normalPerVertex TRUE
  normal DEF NORM_96 Normal { vector [
  -0.92435529 1.3289921e-06 0.38153283,-0.92413188 -5.2409431e-05 0.38207364,
  -0.38345498 5.2684711e-05 0.92355957,-0.79742074 5.2128198e-07 0.60342371,
  -0.38291748 -7.964083e-07 0.92378255,-0.60394288 -2.3797357e-07 0.7970276] }
}
}
DEF SHAPE_97 Shape {
 appearance USE APP_1
 geometry DEF FACE_97 IndexedFaceSet {
  coord DEF COORD_97 Coordinate { point [
  28.503937 0.14153851 2.1525017,28.503937 0.1543376 2.1420556,
  28.503937 0.16467547 2.1291691,28.503937 0.17209649 2.1144089,
  28.503936 0.17627412 2.0984251,28.503937 0.27519628 2.0984251,
  28.503937 0.26778831 2.1386111,28.503937 0.25137033 2.1760309,
  28.503937 0.2268157 2.2086937,28.503937 0.19543073 2.2348619,
  28.503938 0.16899264 2.2521619,28.503938 0.11510058 2.169802] }
 coordIndex [
  4,6,5,-1,3,7,6,-1,3,6,4,-1,2,7,3,-1,8,7,2,-1,1,8,2,-1,9,1,0,-1,9,8,1,-1,
  11,9,0,-1,10,9,11,-1]
  normalPerVertex TRUE
  normal DEF NORM_97 Normal { vector [
  -1 -1.2563448e-05 8.2208638e-06,-1 0 0,
  -1 0 0,-1 -1.8325507e-06 7.2456402e-06,
  -1 -1.3835492e-06 1.6785059e-05,-1 1.3846899e-06 1.0481039e-05,
  -1 -8.0926866e-07 9.817954e-06,-1 0 0,
  -1 0 0,-1 -1.2878101e-05 1.0071353e-05,
  -1 -2.9871566e-05 2.5799857e-05,-1 -2.4484012e-05 1.9147786e-05] }
}
}
DEF SHAPE_98 Shape {
 appearance USE APP_1
 geometry DEF FACE_98 IndexedFaceSet {
  coord DEF COORD_98 Coordinate { point [
  28.503937 0.27519628 2.0984251,28.503937 0.26778831 2.1386111,
  28.503937 0.25137033 2.1760309,28.503937 0.2268157 2.2086937,
  28.503937 0.19543073 2.2348619,29.515748 0.19543082 2.234862,
  29.515748 0.22883391 2.2065354,29.515748 0.25426744 2.1708802,
  29.515748 0.27017698 2.1300752,29.515748 0.27559034 2.0866142,
  28.492126 0.27559043 2.0866146,28.500479 0.27555641 2.0900772] }
 coordIndex [
  9,11,0,-1,9,10,11,-1,8,0,1,-1,8,9,0,-1,7,1,2,-1,7,8,1,-1,6,2,3,-1,6,7,2,-1,
  5,3,4,-1,5,6,3,-1]
  normalPerVertex TRUE
  normal DEF NORM_98 Normal { vector [
  0.00015963364 0.98989684 0.14178936,-0.00014456264 0.94804429 0.31813833,
  -7.175734e-05 0.8468445 0.53184056,1.5780471e-05 0.69829925 0.71580595,
  -1.7131374e-07 0.64038707 0.76805234,0.00017414764 0.64369625 0.76528106,
  0.00022998184 0.75711203 0.65328503,0.00032656422 0.8918404 0.45235008,
  0.00040535935 0.97437193 0.22494262,0.00084836813 0.9945374 0.10437735,
  9.372574e-08 0.99995174 0.0098243267,8.0097606e-05 0.99944624 0.033274621] }
}
}
DEF SHAPE_99 Shape {
 appearance USE APP_1
 geometry DEF FACE_99 IndexedFaceSet {
  coord DEF COORD_99 Coordinate { point [
  29.515748 0.17716401 2.0866142,29.515749 0.17716535 1.850347,
  29.515749 0.27559055 1.850347,29.515748 0.27559034 2.0866142,
  29.515748 0.19543082 2.234862,29.515748 0.22883391 2.2065354,
  29.515748 0.25426744 2.1708802,29.515748 0.27017698 2.1300752,
  29.515747 0.15252064 2.2629404,29.515747 0.098628583 2.1805804,
  29.515748 0.14153811 2.152501,29.515748 0.17475907 2.1059302,
  29.515748 0.16768849 2.1240658,29.515748 0.1563845 2.1399123] }
 coordIndex [
  4,8,9,-1,10,4,9,-1,13,4,10,-1,5,4,13,-1,12,5,13,-1,6,5,12,-1,7,12,11,-1,7,6,12,-1,
  3,11,0,-1,3,7,11,-1,1,3,0,-1,2,3,1,-1]
  normalPerVertex TRUE
  normal DEF NORM_99 Normal { vector [
  1 -7.8583114e-07 2.1109777e-06,1 -4.714993e-06 3.9283834e-06,
  1 -8.6441998e-06 5.5652261e-06,1 -4.2258577e-06 3.6042375e-06,
  1 -1.2475574e-05 8.1633621e-06,1 0 0,
  1 0 0,1 -1.7859998e-07 7.0580451e-07,
  1 -2.0111812e-05 1.3160117e-05,1 -2.0111811e-05 1.3160116e-05,
  1 -1.4608979e-05 9.5593509e-06,1 -4.1603164e-07 8.9036925e-07,
  1 0 0,1 0 0] }
}
}
DEF SHAPE_100 Shape {
 appearance USE APP_1
 geometry DEF FACE_100 IndexedFaceSet {
  coord DEF COORD_100 Coordinate { point [
  29.456693 0.10310569 2.2952749,29.456693 0.04921363 2.2129149,
  29.469834 0.050452579 2.2121042,29.482316 0.054106955 2.209713,
  29.493513 0.059994003 2.2058608,29.502864 0.067818481 2.2007409,
  29.509899 0.077187983 2.19461,29.514266 0.087632621 2.1877756,
  29.515747 0.098628583 2.1805804,29.515747 0.15252064 2.2629404,
  29.514266 0.14152468 2.2701355,29.509899 0.13108004 2.27697,
  29.502864 0.12171054 2.2831009,29.493513 0.11388606 2.2882208,
  29.482316 0.10799901 2.292073,29.469834 0.10434464 2.2944642] }
 coordIndex [
  0,1,2,-1,15,2,3,-1,15,0,2,-1,14,3,4,-1,14,15,3,-1,13,4,5,-1,13,14,4,-1,12,5,6,-1,
  12,13,5,-1,11,6,7,-1,11,12,6,-1,10,7,8,-1,10,11,7,-1,9,10,8,-1]
  normalPerVertex TRUE
  normal DEF NORM_100 Normal { vector [
  0.11196469 -0.83151585 0.54410045,0.11196468 -0.83151585 0.54410045,
  0.18576383 -0.82221276 0.53801299,0.39974012 -0.76701398 0.5018938,
  0.5936992 -0.67334391 0.44060101,0.75788366 -0.54590495 0.35721162,
  0.88405949 -0.3910883 0.25590771,0.96589493 -0.21667038 0.14177775,
  0.99371219 -0.093689507 0.061305509,0.99371219 -0.093689501 0.061305506,
  0.98259442 -0.15544296 0.10171374,0.91662852 -0.33449347 0.21887502,
  0.80468706 -0.49679404 0.32507601,0.65238973 -0.63417988 0.41497412,
  0.4673744 -0.73976095 0.48406085,0.25893433 -0.808239 0.5288693] }
}
}
DEF SHAPE_101 Shape {
 appearance USE APP_1
 geometry DEF FACE_101 IndexedFaceSet {
  coord DEF COORD_101 Coordinate { point [
  28.582677 0.10310534 2.2952751,29.456693 0.10310569 2.2952749,
  29.515747 0.15252064 2.2629404,29.514266 0.14152468 2.2701355,
  29.509899 0.13108004 2.27697,29.502864 0.12171054 2.2831009,
  29.493513 0.11388606 2.2882208,29.482316 0.10799901 2.292073,
  29.469834 0.10434464 2.2944642,29.515748 0.19543082 2.234862,
  28.503937 0.19543073 2.2348619,28.503938 0.16899264 2.2521619,
  28.565156 0.10475772 2.2941939,28.548513 0.10963039 2.2910055,
  28.533584 0.11747988 2.2858692,28.521116 0.12791254 2.2790426,
  28.511736 0.14040519 2.2708681,28.505913 0.15433135 2.2617555] }
 coordIndex [
  0,10,11,-1,0,13,12,-1,0,14,13,-1,0,15,14,-1,0,16,15,-1,0,17,16,-1,0,11,17,-1,9,10,0,-1,
  1,9,0,-1,2,9,1,-1,3,2,1,-1,7,1,8,-1,5,4,3,-1,6,3,1,-1,6,1,7,-1,6,5,3,-1]
  normalPerVertex TRUE
  normal DEF NORM_101 Normal { vector [
  2.5637788e-08 0.54754506 0.8367762,-8.1543079e-08 0.54754438 0.83677665,
  -2.2213797e-06 0.54754516 0.83677614,0 0.5475433 0.83677735,
  0 0.5475433 0.83677735,0 0.5475433 0.83677735,
  0 0.5475433 0.83677735,0 0.5475433 0.83677735,
  0 0.5475433 0.83677735,-1.3045543e-07 0.54754502 0.83677622,
  4.8078119e-08 0.54754571 0.83677577,6.6731519e-06 0.54754888 0.8367737,
  0 0.5475433 0.83677735,0 0.5475433 0.83677735,
  0 0.5475433 0.83677735,0 0.5475433 0.83677735,
  0 0.5475433 0.83677735,0 0.5475433 0.83677735] }
}
}
DEF SHAPE_102 Shape {
 appearance USE APP_1
 geometry DEF FACE_102 IndexedFaceSet {
  coord DEF COORD_102 Coordinate { point [
  29.456693 0.10310569 2.2952749,29.456693 0.04921363 2.2129149,
  28.582677 0.049213633 2.2129149,28.582677 0.10310534 2.2952751] }
 coordIndex [
  3,1,0,-1,2,1,3,-1]
  normalPerVertex TRUE
  normal DEF NORM_102 Normal { vector [
  4.6767996e-07 -0.83677735 0.5475433,2.318e-07 -0.8367785 0.54754155,
  0 -0.83677965 0.54753979,2.318e-07 -0.8367785 0.54754155] }
}
}
DEF SHAPE_103 Shape {
 appearance USE APP_1
 geometry DEF FACE_103 IndexedFaceSet {
  coord DEF COORD_103 Coordinate { point [
  28.503938 0.11510058 2.169802,28.505913 0.1004393 2.1793955,
  28.511736 0.086513139 2.1885081,28.521116 0.074020487 2.1966826,
  28.533584 0.063587825 2.2035092,28.548513 0.055738336 2.2086455,
  28.565156 0.050865659 2.2118339,28.582677 0.049213633 2.2129149,
  29.456693 0.04921363 2.2129149,29.469834 0.050452579 2.2121042,
  29.482316 0.054106955 2.209713,29.493513 0.059994003 2.2058608,
  29.502864 0.067818481 2.2007409,29.509899 0.077187983 2.19461,
  29.514266 0.087632621 2.1877756,29.515747 0.098628583 2.1805804,
  29.515748 0.14153811 2.152501,28.503937 0.14153851 2.1525017] }
 coordIndex [
  14,13,12,-1,8,10,9,-1,8,11,10,-1,8,12,11,-1,8,15,14,-1,8,14,12,-1,16,15,8,-1,7,16,8,-1,
  4,6,5,-1,3,6,4,-1,1,3,2,-1,1,7,6,-1,1,6,3,-1,0,7,1,-1,17,16,7,-1,17,7,0,-1]
  normalPerVertex TRUE
  normal DEF NORM_103 Normal { vector [
  -1.2635816e-05 -0.54755387 -0.83677043,0 -0.5475433 -0.83677735,
  0 -0.5475433 -0.83677735,0 -0.5475433 -0.83677735,
  0 -0.5475433 -0.83677735,0 -0.5475433 -0.83677735,
  0 -0.5475433 -0.83677735,-6.0673693e-07 -0.54755069 -0.83677251,
  7.8079106e-07 -0.54755362 -0.8367706,0 -0.5475433 -0.83677735,
  0 -0.5475433 -0.83677735,0 -0.5475433 -0.83677735,
  0 -0.5475433 -0.83677735,0 -0.5475433 -0.83677735,
  0 -0.5475433 -0.83677735,2.1294358e-05 -0.54756112 -0.83676569,
  -1.423992e-08 -0.54755088 -0.83677239,-1.1308243e-06 -0.54754849 -0.83677395] }
}
}
DEF SHAPE_104 Shape {
 appearance USE APP_1
 geometry DEF FACE_104 IndexedFaceSet {
  coord DEF COORD_104 Coordinate { point [
  28.503937 0.14153851 2.1525017,28.503937 0.1543376 2.1420556,
  28.503937 0.16467547 2.1291691,28.503937 0.17209649 2.1144089,
  28.503936 0.17627412 2.0984251,29.515748 0.14153811 2.152501,
  29.515748 0.17716401 2.0866142,29.515748 0.17475907 2.1059302,
  29.515748 0.16768849 2.1240658,29.515748 0.1563845 2.1399123,
  28.492126 0.17716485 2.0866145,28.500499 0.17708721 2.0900965] }
 coordIndex [
  6,11,10,-1,6,4,11,-1,7,3,4,-1,7,4,6,-1,8,2,3,-1,8,3,7,-1,9,1,2,-1,9,2,8,-1,
  5,0,1,-1,5,1,9,-1]
  normalPerVertex TRUE
  normal DEF NORM_104 Normal { vector [
  -7.3107463e-07 -0.63229696 -0.77472612,-3.4884398e-05 -0.68711028 -0.72655314,
  1.6596933e-05 -0.83145497 -0.55559215,3.9203677e-05 -0.93417934 -0.3568038,
  -0.00013991628 -0.98594886 -0.1670474,-0.00016658158 -0.64013363 -0.76826357,
  -0.00042234216 -0.9944568 -0.10514507,-0.0002820749 -0.9688739 -0.24755463,
  -0.00026889059 -0.88385636 -0.46775835,-0.00021111151 -0.74958717 -0.66190561,
  -8.257053e-07 -0.99975151 -0.022291706,-0.00018189133 -0.99718177 -0.075023201] }
}
}
DEF SHAPE_105 Shape {
 appearance USE APP_1
 geometry DEF FACE_105 IndexedFaceSet {
  coord DEF COORD_105 Coordinate { point [
  28.602361 0.17716535 0.68897583,28.60169 0.17716535 0.69407059,
  28.599724 0.17716535 0.69881826,28.596596 0.17716535 0.70289514,
  28.59252 0.17716535 0.70602323,28.587772 0.17716535 0.70798925,
  28.582677 0.17716535 0.70865915,28.488189 0.17716655 0.70866142,
  28.488188 0.17716535 0.97244168,28.494793 0.17716535 0.97871122,
  28.49978 0.17716535 0.98633053,28.502882 0.17716535 0.99489184,
  28.503935 0.17716535 1.003937,28.503936 0.17716535 1.0236221,
  28.502948 0.17716535 1.0323825,28.500037 0.17716535 1.0407037,
  28.495347 0.17716535 1.0481684,28.489113 0.17716535 1.0544021,
  28.481649 0.17716535 1.0590922,28.473327 0.17716535 1.0620034,
  28.464567 0.17716535 1.0629897,28.238189 0.17716371 1.062992,
  28.238189 0.1771644 1.4173228,28.464567 0.17716535 1.4173238,
  28.473327 0.17716535 1.4183116,28.481649 0.17716535 1.4212228,
  28.489113 0.17716535 1.4259129,28.495347 0.17716535 1.4321466,
  28.500037 0.17716535 1.4396112,28.502948 0.17716535 1.4479325,
  28.503935 0.17716535 1.4566929,28.503936 0.17716535 1.476378,
  28.502882 0.17716535 1.4854231,28.49978 0.17716535 1.4939845,
  28.494793 0.17716535 1.5016038,28.488188 0.17716535 1.5078733,
  28.488189 0.17716599 2.0866142,28.492126 0.17716485 2.0866145,
  29.515748 0.17716401 2.0866142,29.515749 0.17716535 1.850347,
  29.518908 0.17716535 1.8241457,29.528204 0.17716535 1.799446,
  29.543105 0.17716535 1.7776638,29.562756 0.17716535 1.7600475,
  29.586031 0.17716535 1.7476068,29.611596 0.17716535 1.7410549,
  29.637985 0.17716535 1.7407672,29.663687 0.17716535 1.7467602,
  29.856101 0.17716535 1.8167909,29.879049 0.17716535 1.8221412,
  29.902611 0.17716535 1.8218843,29.925437 0.17716535 1.8160344,
  29.946218 0.17716535 1.8049267,29.963763 0.17716535 1.7891978,
  29.977067 0.17716535 1.7697494,29.985367 0.17716535 1.7476962,
  29.988188 0.17716535 1.7243021,29.988189 0.17716535 1.5275591,
  29.985721 0.17716535 1.5056574,29.978442 0.17716535 1.484854,
  29.966716 0.17716535 1.4661919,29.951131 0.17716535 1.4506072,
  29.932469 0.17716535 1.4388811,29.911665 0.17716535 1.4316019,
  29.889764 0.17716535 1.4291344,29.141732 0.17716535 1.4291337,
  29.117202 0.17716535 1.4263697,29.093903 0.17716535 1.4182169,
  29.073001 0.17716535 1.4050838,29.055546 0.17716535 1.3876288,
  29.042413 0.17716535 1.3667273,29.03426 0.17716535 1.3434275,
  29.031497 0.17716535 1.3188976,29.031497 0.17716535 1.1060447,
  29.034656 0.17716535 1.0798434,29.043952 0.17716535 1.0551437,
  29.058853 0.17716535 1.0333615,29.078504 0.17716535 1.0157452,
  29.101779 0.17716535 1.0033045,29.127344 0.17716535 0.99675259,
  29.153733 0.17716535 0.99646487,29.179435 0.17716535 1.0024579,
  29.38366 0.17716535 1.0767875,29.406608 0.17716535 1.0821377,
  29.43017 0.17716535 1.0818809,29.452996 0.17716535 1.076031,
  29.473777 0.17716535 1.0649232,29.491322 0.17716535 1.0491944,
  29.504626 0.17716535 1.029746,29.512926 0.17716535 1.0076927,
  29.515747 0.17716535 0.98429864,29.515748 0.17716535 0.70866142,
  28.838583 0.17716535 0.70866054,28.833488 0.17716535 0.70798926,
  28.82874 0.17716535 0.70602329,28.824664 0.17716535 0.7028953,
  28.821536 0.17716535 0.69881855,28.81957 0.17716535 0.69407102,
  28.8189 0.17716535 0.68897638,28.818897 0.17716535 0.61023606,
  28.818225 0.17716535 0.60514144,28.816259 0.17716535 0.60039393,
  28.813131 0.17716535 0.59631721,28.809055 0.17716535 0.59318925,
  28.804307 0.17716535 0.59122331,28.799213 0.17716535 0.59055344,
  28.622047 0.17716535 0.59055219,28.616952 0.17716535 0.59122336,
  28.612205 0.17716535 0.59318933,28.608128 0.17716535 0.59631732,
  28.605 0.17716535 0.60039406,28.603034 0.17716535 0.60514159,
  28.602364 0.17716535 0.61023622] }
 coordIndex [
  63,62,61,-1,58,60,59,-1,58,61,60,-1,57,63,61,-1,57,61,58,-1,57,64,63,-1,87,89,88,-1,85,89,87,-1,
  85,87,86,-1,84,89,85,-1,83,89,84,-1,82,89,83,-1,82,90,89,-1,104,102,101,-1,104,103,102,-1,99,101,100,-1,
  99,105,104,-1,99,104,101,-1,81,90,82,-1,81,91,90,-1,53,55,54,-1,80,91,81,-1,92,91,80,-1,92,80,79,-1,
  98,105,99,-1,51,53,52,-1,51,55,53,-1,78,92,79,-1,77,92,78,-1,49,51,50,-1,49,55,51,-1,48,56,55,-1,
  48,57,56,-1,48,55,49,-1,76,92,77,-1,108,107,106,-1,110,109,108,-1,110,108,106,-1,111,110,106,-1,112,111,106,-1,
  75,92,76,-1,75,93,92,-1,74,93,75,-1,47,57,48,-1,47,64,57,-1,0,106,105,-1,0,112,106,-1,0,105,98,-1,
  0,98,97,-1,1,0,97,-1,2,1,97,-1,2,97,96,-1,46,64,47,-1,3,2,96,-1,3,96,95,-1,4,3,95,-1,
  4,95,94,-1,45,64,46,-1,65,42,41,-1,65,43,42,-1,65,44,43,-1,40,65,41,-1,39,65,40,-1,39,66,65,-1,
  9,6,5,-1,8,7,6,-1,8,6,9,-1,10,5,4,-1,10,4,94,-1,10,9,5,-1,11,10,94,-1,11,94,93,-1,
  12,11,93,-1,12,93,74,-1,13,12,74,-1,14,13,74,-1,14,74,73,-1,15,14,73,-1,16,73,72,-1,16,15,73,-1,
  26,17,16,-1,27,16,72,-1,27,26,16,-1,25,17,26,-1,25,18,17,-1,28,27,72,-1,24,19,18,-1,24,20,19,-1,
  24,18,25,-1,29,28,72,-1,29,72,71,-1,30,29,71,-1,30,71,70,-1,23,20,24,-1,31,30,70,-1,32,31,70,-1,
  32,70,69,-1,33,32,69,-1,33,69,68,-1,34,33,68,-1,22,21,20,-1,22,20,23,-1,37,66,39,-1,37,34,68,-1,
  37,35,34,-1,37,39,38,-1,37,67,66,-1,37,68,67,-1,36,35,37,-1,64,45,65,-1,45,44,65,-1]
  normalPerVertex TRUE
  normal DEF NORM_105 Normal { vector [
  0 -1 0,0 -1 0,
  0 -1 0,0 -1 0,
  0 -1 0,0 -1 0,
  -1.1007145e-05 -1 -3.9428339e-06,-1.2619718e-05 -1 -4.5204683e-06,
  -1.1538944e-05 -1 -4.1333279e-06,0 -1 0,
  0 -1 0,0 -1 0,
  0 -1 0,0 -1 0,
  0 -1 0,0 -1 0,
  0 -1 0,0 -1 0,
  0 -1 0,0 -1 0,
  5.5343972e-06 -1 9.3048781e-07,7.2621252e-06 -1 1.9332026e-06,
  5.7491662e-06 -1 9.6659652e-07,4.0783951e-06 -1 0,
  0 -1 0,0 -1 0,
  0 -1 0,0 -1 0,
  0 -1 0,0 -1 0,
  0 -1 0,0 -1 0,
  0 -1 0,0 -1 0,
  -1.4940843e-07 -1 -8.50047e-07,-0.00010844356 -0.99999999 -1.3060063e-07,
  -0.00029014188 -0.99999996 1.1056286e-06,-5.9394868e-07 -1 -1.6306579e-06,
  -8.1832498e-07 -1 -5.672588e-06,1.920114e-08 -1 -1.9890494e-06,
  0 -1 0,0 -1 0,
  0 -1 0,0 -1 0,
  0 -1 0,0 -1 0,
  0 -1 0,0 -1 0,
  0 -1 0,0 -1 0,
  0 -1 0,0 -1 0,
  0 -1 0,0 -1 0,
  0 -1 0,0 -1 0,
  0 -1 0,0 -1 0,
  0 -1 0,0 -1 0,
  0 -1 0,0 -1 0,
  0 -1 0,0 -1 0,
  0 -1 0,0 -1 0,
  3.8926654e-07 -1 -3.8000253e-07,2.5259256e-07 -1 -5.2452004e-07,
  -1.1165285e-07 -1 -8.0219298e-07,0 -1 0,
  0 -1 0,0 -1 0,
  0 -1 0,0 -1 0,
  0 -1 0,0 -1 0,
  0 -1 0,0 -1 0,
  0 -1 0,0 -1 0,
  0 -1 0,0 -1 0,
  0 -1 0,0 -1 0,
  0 -1 0,0 -1 0,
  0 -1 0,0 -1 0,
  0 -1 0,0 -1 0,
  0 -1 0,0 -1 0,
  0 -1 0,0 -1 0,
  0 -1 0,0 -1 0,
  0 -1 0,0 -1 0,
  0 -1 0,0 -1 0,
  0 0 1,0 -1 0,
  0 -1 0,0 0 1,
  0 -1 0,0 -1 0,
  0 -1 0,0 0 1,
  0 -1 0,0 0 1,
  0 -1 0,0 -1 0,
  0 -1 0] }
}
}
DEF SHAPE_106 Shape {
 appearance USE APP_1
 geometry DEF FACE_106 IndexedFaceSet {
  coord DEF COORD_106 Coordinate { point [
  28.464567 0.17894793 0.96456775,28.432392 0.1873828 0.96456693,
  28.402707 0.20238692 0.96456693,28.376834 0.22329111 0.96456693,
  28.376834 0.22329084 0.70866142,28.400698 0.20370677 0.70866142,
  28.427924 0.18915406 0.70866142,28.457466 0.18019272 0.70866142,
  28.488189 0.17716655 0.70866142,28.488188 0.17716535 0.97244168,
  28.479401 0.17741323 0.96747159,28.472061 0.17799483 0.96528785] }
 coordIndex [
  8,9,10,-1,8,10,11,-1,7,0,1,-1,7,11,0,-1,7,8,11,-1,6,1,2,-1,6,7,1,-1,5,2,3,-1,
  5,6,2,-1,4,5,3,-1]
  normalPerVertex TRUE
  normal DEF NORM_106 Normal { vector [
  -0.23032463 -0.97311244 0.0016573759,-0.33410986 -0.94253372 0.00088687412,
  -0.52048038 -0.8538734 0.00062799718,-0.63131855 -0.77552347 0.00047806387,
  -0.63437707 -0.77302376 1.5450689e-06,-0.58171232 -0.8133946 4.6978871e-05,
  -0.40697122 -0.91344096 -0.00018751003,-0.20907939 -0.97789842 -0.0007018145,
  -0.081653251 -0.99665839 -0.0021929337,-0.02819258 -0.99960251 -4.5687017e-06,
  -0.051020006 -0.99869733 -0.00078057612,-0.099427892 -0.99504168 -0.0024817564] }
}
}
DEF SHAPE_107 Shape {
 appearance USE APP_1
 geometry DEF FACE_107 IndexedFaceSet {
  coord DEF COORD_107 Coordinate { point [
  28.376834 0.22329111 0.96456693,28.116992 0.48313335 0.96456693,
  28.464567 0.17894793 0.96456775,28.432392 0.1873828 0.96456693,
  28.402707 0.20238692 0.96456693,28.464567 0.2805207 0.96456693,
  28.446431 0.29288803 0.96456693,28.451945 0.28802102 0.96456693,
  28.458022 0.28387701 0.96456693,28.186589 0.55273041 0.96456693,
  28.169292 0.5944881 0.96456693,28.170426 0.58296703 0.96456693,
  28.173787 0.57188871 0.96456693,28.179244 0.56167907 0.96456693,
  28.169291 0.6496063 0.96456711,28.070866 0.6496063 0.9645674,
  28.070867 0.59448817 0.96456696,28.097408 0.50699763 0.96456693,
  28.082855 0.53422358 0.96456693,28.073894 0.56376554 0.96456693] }
 coordIndex [
  5,3,2,-1,5,4,3,-1,8,4,5,-1,7,4,8,-1,0,4,7,-1,6,0,7,-1,1,0,6,-1,9,1,6,-1,
  13,1,9,-1,17,13,12,-1,17,1,13,-1,18,17,12,-1,19,12,11,-1,19,18,12,-1,16,11,10,-1,16,10,14,-1,
  16,19,11,-1,15,16,14,-1]
  normalPerVertex TRUE
  normal DEF NORM_107 Normal { vector [
  0 0 1,0 0 1,
  -2.3407821e-05 8.0862747e-06 1,-1.1740691e-05 4.0558433e-06 1,
  0 0 1,-1.0573886e-05 3.6527683e-06 1,
  0 0 1,0 0 1,
  0 0 1,0 0 1,
  2.6438021e-07 -2.7288942e-06 1,1.5107521e-07 -4.6911171e-07 1,
  0 0 1,0 0 1,
  1.5862843e-06 -5.665257e-06 1,2.9081797e-06 -8.0257551e-06 1,
  1.2000846e-06 -4.2611466e-06 1,0 0 1,
  0 0 1,6.9574002e-08 -3.4977364e-07 1] }
}
}
DEF SHAPE_108 Shape {
 appearance USE APP_1
 geometry DEF FACE_108 IndexedFaceSet {
  coord DEF COORD_108 Coordinate { point [
  28.488188 0.17716535 0.97244168,28.479401 0.17741323 0.96747159,
  28.472061 0.17799483 0.96528785,28.464567 0.17894793 0.96456775,
  28.464567 0.2805207 0.96456693,28.470728 0.27823074 0.96505334,
  28.476849 0.27669101 0.96653473,28.48269 0.27584755 0.96898708,
  28.488189 0.27559101 0.97244148,28.503935 0.27559055 1.003937,
  28.502882 0.27559055 0.99489182,28.49978 0.27559055 0.98633051,
  28.494793 0.27559055 0.97871121,28.503935 0.17716535 1.003937,
  28.494793 0.17716535 0.97871122,28.49978 0.17716535 0.98633053,
  28.502882 0.17716535 0.99489184] }
 coordIndex [
  9,16,13,-1,10,15,16,-1,10,16,9,-1,11,14,15,-1,11,15,10,-1,12,0,14,-1,12,14,11,-1,8,0,12,-1,
  7,1,0,-1,7,0,8,-1,6,2,1,-1,6,1,7,-1,5,3,2,-1,5,2,6,-1,4,3,5,-1]
  normalPerVertex TRUE
  normal DEF NORM_108 Normal { vector [
  -0.60627823 0.00089166268 0.7952521,-0.40040059 0.0014985108 0.91633898,
  -0.20450712 0.00073223725 0.9788648,-0.087872063 0.00058121896 0.9961316,
  -0.078695732 7.9861087e-06 0.99689868,-0.13438219 0.00013148695 0.99092957,
  -0.30198659 -1.0287536e-05 0.95331217,-0.47531679 0.00099640768 0.87981416,
  -0.62634836 2.4147884e-06 0.77954328,-0.99329955 0 0.11556817,
  -0.96362387 0 0.26726211,-0.87642739 0 0.48153404,
  -0.742334 7.9907041e-07 0.67003003,-0.99329958 2.6276897e-08 0.11556789,
  -0.79203324 0 0.61047797,-0.9111169 0 0.41214803,
  -0.98144152 0 0.1917617] }
}
}
DEF SHAPE_109 Shape {
 appearance USE APP_1
 geometry DEF FACE_109 IndexedFaceSet {
  coord DEF COORD_109 Coordinate { point [
  28.503935 0.17716535 1.003937,28.503935 0.27559055 1.003937,
  28.503935 0.27559055 1.023622,28.503936 0.17716535 1.0236221] }
 coordIndex [
  2,0,3,-1,1,0,2,-1]
  normalPerVertex TRUE
  normal DEF NORM_109 Normal { vector [
  -1 -6.9540695e-06 3.4770347e-05,-1 0 0,
  -1 -6.9540695e-06 3.4770347e-05,-1 -1.3908174e-05 6.9540867e-05] }
}
}
DEF SHAPE_110 Shape {
 appearance USE APP_1
 geometry DEF FACE_110 IndexedFaceSet {
  coord DEF COORD_110 Coordinate { point [
  28.464567 0.27559055 1.0629897,28.473327 0.27559055 1.0620034,
  28.481649 0.27559055 1.0590922,28.489113 0.27559055 1.0544021,
  28.495347 0.27559055 1.0481684,28.500037 0.27559055 1.0407037,
  28.502948 0.27559055 1.0323825,28.503935 0.27559055 1.023622,
  28.464567 0.17716535 1.0629897,28.503936 0.17716535 1.0236221,
  28.502948 0.17716535 1.0323825,28.500037 0.17716535 1.0407037,
  28.495347 0.17716535 1.0481684,28.489113 0.17716535 1.0544021,
  28.481649 0.17716535 1.0590922,28.473327 0.17716535 1.0620034] }
 coordIndex [
  9,6,7,-1,10,5,6,-1,10,6,9,-1,11,4,5,-1,11,5,10,-1,12,3,4,-1,12,4,11,-1,13,2,3,-1,
  13,3,12,-1,14,1,2,-1,14,2,13,-1,15,0,1,-1,15,1,14,-1,8,0,15,-1]
  normalPerVertex TRUE
  normal DEF NORM_110 Normal { vector [
  -0.11187949 0 -0.99372178,-0.25889025 0 -0.96590674,
  -0.467359 0 -0.88406762,-0.6523865 0 -0.75788644,
  -0.80469233 0 -0.59369205,-0.91663732 0 -0.39971993,
  -0.98259714 -4.64697e-06 -0.18574947,-0.99372181 -1.3863092e-05 -0.1118792,
  -0.1118792 2.5469649e-08 -0.99372181,-0.99371314 -6.9187945e-06 -0.11195625,
  -0.96589369 0 -0.25893895,-0.88406762 0 -0.467359,
  -0.75788644 0 -0.6523865,-0.59369205 0 -0.80469233,
  -0.39971993 0 -0.91663732,-0.18569911 0 -0.98260666] }
}
}
DEF SHAPE_111 Shape {
 appearance USE APP_1
 geometry DEF FACE_111 IndexedFaceSet {
  coord DEF COORD_111 Coordinate { point [
  28.19882 0.13779529 1.0629921,28.199808 0.14655573 1.0629921,
  28.202719 0.15487696 1.0629921,28.207409 0.16234163 1.0629921,
  28.213643 0.16857532 1.0629921,28.221107 0.17326539 1.0629921,
  28.229429 0.17617658 1.0629921,28.238189 0.17716371 1.062992,
  28.464567 0.17716535 1.0629897,28.464567 0.27559055 1.0629897,
  28.238189 0.27559002 1.0629921,28.207527 0.2721346 1.0629921,
  28.178402 0.26194359 1.0629921,28.152276 0.24552721 1.0629921,
  28.130457 0.22370864 1.0629921,28.114041 0.197582 1.0629921,
  28.10385 0.16845739 1.0629921,28.100395 0.13779528 1.0629921,
  28.100394 0.039370083 1.0629923,28.198819 0.03937008 1.0629923] }
 coordIndex [
  10,9,8,-1,7,11,10,-1,7,10,8,-1,6,11,7,-1,5,12,11,-1,5,11,6,-1,4,13,12,-1,4,12,5,-1,
  14,4,3,-1,14,13,4,-1,15,3,2,-1,15,14,3,-1,16,1,0,-1,16,2,1,-1,16,15,2,-1,17,16,0,-1,
  19,17,0,-1,18,17,19,-1]
  normalPerVertex TRUE
  normal DEF NORM_111 Normal { vector [
  0 -1.5593661e-06 -1,0 0 -1,
  0 0 -1,0 0 -1,
  0 0 -1,0 0 -1,
  -7.6171459e-06 -1.7385526e-06 -1,-9.2754401e-06 1.2303609e-06 -1,
  -1.0582281e-05 6.9541722e-07 -1,-1.0884624e-05 0 -1,
  -9.921009e-06 7.3952377e-07 -1,-1.7536241e-06 1.5453208e-07 -1,
  0 0 -1,0 0 -1,
  0 0 -1,0 0 -1,
  0 0 -1,0 -1.8896153e-06 -1,
  0 -2.1839481e-06 -1,0 -2.1839479e-06 -1] }
}
}
DEF SHAPE_112 Shape {
 appearance USE APP_1
 geometry DEF FACE_112 IndexedFaceSet {
  coord DEF COORD_112 Coordinate { point [
  28.238189 0.27559002 1.0629921,28.238189 0.27558965 1.417323,
  28.207527 0.2721346 1.0629921,28.178402 0.26194359 1.0629921,
  28.152276 0.24552721 1.0629921,28.130457 0.22370864 1.0629921,
  28.114041 0.197582 1.0629921,28.10385 0.16845739 1.0629921,
  28.100395 0.13779528 1.0629921,28.100394 0.13779527 1.4173228,
  28.10385 0.16845739 1.4173228,28.114041 0.19758199 1.4173228,
  28.130457 0.22370864 1.4173228,28.152276 0.2455272 1.4173228,
  28.178402 0.26194359 1.4173228,28.207527 0.2721346 1.4173228] }
 coordIndex [
  15,1,0,-1,15,0,2,-1,14,2,3,-1,14,3,4,-1,14,15,2,-1,13,4,5,-1,13,14,4,-1,12,5,6,-1,
  12,13,5,-1,11,6,7,-1,11,12,6,-1,10,7,8,-1,10,11,7,-1,9,10,8,-1]
  normalPerVertex TRUE
  normal DEF NORM_112 Normal { vector [
  -0.11197881 0.99371059 5.2815993e-07,-0.11197279 0.99371127 1.0564963e-06,
  -0.2589581 0.96588856 0,-0.43388094 0.90097021 0,
  -0.59370634 0.80468179 0,-0.75788077 0.65239308 0,
  -0.8840512 0.46739006 0,-0.9658908 0.25894973 0,
  -0.99371141 0.1119716 -1.1626792e-06,-0.99370991 0.11198486 -2.3243625e-06,
  -0.98259188 0.18577725 -7.7914179e-07,-0.91661964 0.39976047 0,
  -0.80468177 0.59370636 0,-0.65239306 0.75788079 0,
  -0.43388094 0.90097021 0,-0.18578196 0.98259099 3.541439e-07] }
}
}
DEF SHAPE_113 Shape {
 appearance USE APP_1
 geometry DEF FACE_113 IndexedFaceSet {
  coord DEF COORD_113 Coordinate { point [
  28.464567 0.17716535 1.4173238,28.238189 0.1771644 1.4173228,
  28.464567 0.27559055 1.4173253,28.238189 0.27558965 1.417323,
  28.100394 0.13779527 1.4173228,28.10385 0.16845739 1.4173228,
  28.114041 0.19758199 1.4173228,28.130457 0.22370864 1.4173228,
  28.152276 0.2455272 1.4173228,28.178402 0.26194359 1.4173228,
  28.207527 0.2721346 1.4173228,28.100394 0.03937008 1.4173226,
  28.198819 0.03937008 1.4173225,28.198821 0.13779528 1.4173228,
  28.229429 0.17617658 1.4173228,28.221107 0.17326539 1.4173228,
  28.213643 0.16857532 1.4173228,28.207409 0.16234162 1.4173228,
  28.202719 0.15487695 1.4173228,28.199808 0.14655571 1.4173228] }
 coordIndex [
  4,11,12,-1,13,4,12,-1,19,5,4,-1,19,4,13,-1,18,6,5,-1,18,5,19,-1,17,7,6,-1,17,6,18,-1,
  16,7,17,-1,8,7,16,-1,9,16,15,-1,9,8,16,-1,10,15,14,-1,10,9,15,-1,3,14,1,-1,3,10,14,-1,
  0,3,1,-1,2,3,0,-1]
  normalPerVertex TRUE
  normal DEF NORM_113 Normal { vector [
  -7.2563828e-06 -8.3448955e-06 1,-4.06935e-06 -1.3908095e-06 1,
  -1.0279873e-05 -1.5298988e-05 1,-6.9435271e-06 -7.763128e-06 1,
  6.4983366e-07 -2.469402e-06 1,0 0 1,
  0 0 1,0 0 1,
  0 0 1,0 0 1,
  -1.9042552e-06 -4.3463106e-07 1,1.5599618e-06 -2.1839565e-06 1,
  7.7997382e-07 -2.9639414e-06 1,0 -3.4379168e-06 1,
  -2.7413217e-06 -8.8506289e-07 1,0 0 1,
  0 0 1,0 0 1,
  0 0 1,0 0 1] }
}
}
DEF SHAPE_114 Shape {
 appearance USE APP_1
 geometry DEF FACE_114 IndexedFaceSet {
  coord DEF COORD_114 Coordinate { point [
  28.503935 0.27559055 1.4566929,28.502948 0.27559055 1.4479325,
  28.500037 0.27559055 1.4396112,28.495347 0.27559055 1.4321466,
  28.489113 0.27559055 1.4259129,28.481649 0.27559055 1.4212228,
  28.473327 0.27559055 1.4183116,28.464567 0.27559055 1.4173253,
  28.503935 0.17716535 1.4566929,28.464567 0.17716535 1.4173238,
  28.473327 0.17716535 1.4183116,28.481649 0.17716535 1.4212228,
  28.489113 0.17716535 1.4259129,28.495347 0.17716535 1.4321466,
  28.500037 0.17716535 1.4396112,28.502948 0.17716535 1.4479325] }
 coordIndex [
  9,6,7,-1,10,5,6,-1,10,6,9,-1,11,4,5,-1,11,5,10,-1,12,3,4,-1,12,4,11,-1,13,2,3,-1,
  13,3,12,-1,14,1,2,-1,14,2,13,-1,15,0,1,-1,15,1,14,-1,8,0,15,-1]
  normalPerVertex TRUE
  normal DEF NORM_114 Normal { vector [
  -0.99372178 0 0.11187949,-0.96590674 0 0.25889025,
  -0.88406762 0 0.467359,-0.75788644 0 0.6523865,
  -0.59369205 0 0.80469233,-0.39971993 0 0.91663732,
  -0.18575449 -5.1102365e-06 0.98259619,-0.1118792 -1.5245148e-05 0.99372181,
  -0.99372181 2.5399712e-08 0.1118792,-0.11196391 -7.6097942e-06 0.99371227,
  -0.25894381 0 0.96589239,-0.467359 0 0.88406762,
  -0.6523865 0 0.75788644,-0.80469233 0 0.59369205,
  -0.91663732 0 0.39971993,-0.98260666 0 0.18569911] }
}
}
DEF SHAPE_115 Shape {
 appearance USE APP_1
 geometry DEF FACE_115 IndexedFaceSet {
  coord DEF COORD_115 Coordinate { point [
  28.503936 0.17716535 1.476378,28.503935 0.27559055 1.476378,
  28.503935 0.17716535 1.4566929,28.503935 0.27559055 1.4566929] }
 coordIndex [
  1,2,0,-1,3,2,1,-1]
  normalPerVertex TRUE
  normal DEF NORM_115 Normal { vector [
  -1 -1.390815e-05 6.9540746e-05,-1 -6.9540735e-06 3.4770366e-05,
  -1 -6.9540735e-06 3.4770366e-05,-1 0 0] }
}
}
DEF SHAPE_116 Shape {
 appearance USE APP_1
 geometry DEF FACE_116 IndexedFaceSet {
  coord DEF COORD_116 Coordinate { point [
  28.503936 0.17716535 1.476378,28.502882 0.17716535 1.4854231,
  28.49978 0.17716535 1.4939845,28.494793 0.17716535 1.5016038,
  28.488188 0.17716535 1.5078733,28.503935 0.27559055 1.476378,
  28.488188 0.27559055 1.5078733,28.494793 0.27559055 1.5016037,
  28.49978 0.27559055 1.4939844,28.502882 0.27559055 1.4854231,
  28.464567 0.28052073 1.5157472,28.470638 0.27825775 1.5152769,
  28.476694 0.27672263 1.5138281,28.482642 0.27585122 1.5113547,
  28.464567 0.17894793 1.5157469,28.47936 0.17741536 1.5128594,
  28.472089 0.17799177 1.5150219] }
 coordIndex [
  11,14,10,-1,11,16,14,-1,12,15,16,-1,12,16,11,-1,13,4,15,-1,13,15,12,-1,6,4,13,-1,7,2,3,-1,
  7,3,4,-1,7,4,6,-1,8,1,2,-1,8,2,7,-1,9,0,1,-1,9,1,8,-1,5,0,9,-1]
  normalPerVertex TRUE
  normal DEF NORM_116 Normal { vector [
  -0.99329092 -6.9006414e-06 -0.11564233,-0.96361088 1.1945256e-08 -0.26730895,
  -0.87642728 1.3534955e-08 -0.48153423,-0.76775805 0 -0.64073987,
  -0.60581519 0.00090169885 -0.79560489,-0.99329958 -1.3832333e-05 -0.11556791,
  -0.625869 1.2764177e-08 -0.7799282,-0.76775833 0 -0.64073953,
  -0.91111685 -1.0382125e-08 -0.41214813,-0.98143203 -4.6384075e-06 -0.19181024,
  -0.077226028 2.650979e-06 -0.99701361,-0.13306131 0.00015560073 -0.9911078,
  -0.30091475 -5.5399362e-05 -0.95365104,-0.47392866 0.0009868696 -0.88056269,
  -0.087442866 0.0006312712 -0.99616934,-0.39976769 0.0014829891 -0.91661529,
  -0.20329336 0.0007476859 -0.97911759] }
}
}
DEF SHAPE_117 Shape {
 appearance USE APP_1
 geometry DEF FACE_117 IndexedFaceSet {
  coord DEF COORD_117 Coordinate { point [
  28.376834 0.22329084 1.515748,28.402707 0.20238691 1.515748,
  28.432392 0.18738279 1.515748,28.464567 0.17894793 1.5157469,
  28.464567 0.28052073 1.5157472,28.458022 0.28387693 1.515748,
  28.451946 0.28802084 1.515748,28.446431 0.29288813 1.515748,
  28.186589 0.55273025 1.515748,28.179244 0.56167909 1.515748,
  28.173787 0.57188875 1.515748,28.170426 0.5829671 1.515748,
  28.169292 0.59448819 1.515748,28.169291 0.6496063 1.5157476,
  28.070866 0.6496063 1.5157476,28.070867 0.59448819 1.515748,
  28.073894 0.56376557 1.515748,28.082855 0.53422359 1.515748,
  28.097408 0.50699764 1.515748,28.116992 0.48313406 1.515748] }
 coordIndex [
  2,4,3,-1,1,5,4,-1,1,6,5,-1,1,4,2,-1,0,7,6,-1,0,6,1,-1,19,8,7,-1,19,9,8,-1,
  19,7,0,-1,18,10,9,-1,18,9,19,-1,17,10,18,-1,16,11,10,-1,16,10,17,-1,15,12,11,-1,15,13,12,-1,
  15,11,16,-1,14,13,15,-1]
  normalPerVertex TRUE
  normal DEF NORM_117 Normal { vector [
  0 0 -1,-9.9869626e-06 2.6526555e-06 -1,
  -1.8608841e-05 -2.3901234e-06 -1,-3.3330215e-05 2.6954056e-06 -1,
  -2.6010992e-05 4.1273327e-06 -1,-4.6371223e-05 3.1476855e-05 -1,
  0 0 -1,0 0 -1,
  0 0 -1,0 0 -1,
  0 0 -1,0 0 -1,
  0 -7.0287419e-06 -1,0 -8.4979291e-06 -1,
  0 -8.4979296e-06 -1,0 -6.1436363e-06 -1,
  0 0 -1,0 0 -1,
  0 0 -1,0 0 -1] }
}
}
DEF SHAPE_118 Shape {
 appearance USE APP_1
 geometry DEF FACE_118 IndexedFaceSet {
  coord DEF COORD_118 Coordinate { point [
  28.464567 0.28052073 1.5157472,28.470638 0.27825775 1.5152769,
  28.476694 0.27672263 1.5138281,28.482642 0.27585122 1.5113547,
  28.488188 0.27559055 1.5078733,28.488189 0.27559159 2.0866142,
  28.446431 0.29288772 2.0866142,28.45538 0.28554328 2.0866142,
  28.46559 0.28008579 2.0866142,28.476668 0.2767255 2.0866142,
  28.446431 0.29288813 1.515748,28.458022 0.28387693 1.515748,
  28.451946 0.28802084 1.515748] }
 coordIndex [
  3,5,4,-1,3,9,5,-1,2,9,3,-1,1,8,9,-1,1,9,2,-1,0,8,1,-1,11,7,8,-1,11,8,0,-1,
  12,6,7,-1,12,7,11,-1,10,6,12,-1]
  normalPerVertex TRUE
  normal DEF NORM_118 Normal { vector [
  0.40686082 0.91349016 -3.2826816e-05,0.29472993 0.95558057 -0.00021150635,
  0.19658199 0.98048739 4.1610469e-06,0.097855045 0.99520065 -0.00024789249,
  0.04694084 0.99889767 -1.8391031e-06,0.081367592 0.9966841 -0.00033482975,
  0.64513419 0.76406923 -0.00028196752,0.55748589 0.83018637 -0.00027773414,
  0.39175057 0.92007141 -0.00029164279,0.19536141 0.98073126 -0.00032418918,
  0.6617602 0.74971557 1.0122216e-06,0.49359074 0.86969429 -0.00015705787,
  0.62292693 0.78228001 -0.00014830662] }
}
}
DEF SHAPE_119 Shape {
 appearance USE APP_1
 geometry DEF FACE_119 IndexedFaceSet {
  coord DEF COORD_119 Coordinate { point [
  28.186589 0.55273025 1.515748,28.186589 0.55273065 2.0866142,
  28.446431 0.29288772 2.0866142,28.446431 0.29288813 1.515748] }
 coordIndex [
  1,2,3,-1,1,3,0,-1]
  normalPerVertex TRUE
  normal DEF NORM_119 Normal { vector [
  0.70710567 0.7071079 -1.013997e-06,0.70710678 0.70710678 0,
  0.7071079 0.70710567 1.013998e-06,0.70710678 0.70710678 0] }
}
}
DEF SHAPE_120 Shape {
 appearance USE APP_1
 geometry DEF FACE_120 IndexedFaceSet {
  coord DEF COORD_120 Coordinate { point [
  28.186589 0.55273025 1.515748,28.179244 0.56167909 1.515748,
  28.173787 0.57188875 1.515748,28.170426 0.5829671 1.515748,
  28.169292 0.59448819 1.515748,28.186589 0.55273065 2.0866142,
  28.169292 0.59448819 2.0866142,28.170426 0.58296709 2.0866142,
  28.173787 0.57188875 2.0866142,28.179244 0.56167909 2.0866142] }
 coordIndex [
  0,9,5,-1,1,8,9,-1,1,9,0,-1,2,7,8,-1,2,8,1,-1,3,6,7,-1,3,7,2,-1,4,6,3,-1]
  normalPerVertex TRUE
  normal DEF NORM_120 Normal { vector [
  0.77298128 0.63442884 -5.0470575e-07,0.84923955 0.52800775 0,
  0.93594175 0.35215486 0,0.98666457 0.16276679 3.7934987e-07,
  0.99519167 0.097946579 1.1331807e-06,0.77296547 0.63444809 -1.0098678e-06,
  0.99518894 0.097974395 5.6636078e-07,0.97386046 0.22714711 0,
  0.91082184 0.41279967 0,0.81276954 0.58258534 -3.380691e-07] }
}
}
DEF SHAPE_121 Shape {
 appearance USE APP_1
 geometry DEF FACE_121 IndexedFaceSet {
  coord DEF COORD_121 Coordinate { point [
  28.070866 0.76771607 1.3976378,28.169291 0.76771633 1.3976378,
  28.070866 0.6496063 1.5157476,28.070866 0.67588828 1.5127865,
  28.070866 0.70085241 1.5040513,28.070866 0.72324683 1.4899801,
  28.070866 0.74194858 1.4712783,28.070866 0.75601984 1.4488839,
  28.070866 0.76475501 1.4239198,28.169291 0.6496063 1.5157476,
  28.169291 0.76475502 1.4239198,28.169291 0.75601984 1.4488839,
  28.169291 0.74194858 1.4712783,28.169291 0.72324683 1.4899801,
  28.169291 0.70085241 1.5040513,28.169291 0.67588829 1.5127865] }
 coordIndex [
  3,9,2,-1,3,15,9,-1,4,14,15,-1,4,15,3,-1,5,13,14,-1,5,14,4,-1,6,12,13,-1,6,13,5,-1,
  7,11,12,-1,7,12,6,-1,8,10,11,-1,8,11,7,-1,0,1,10,-1,0,10,8,-1]
  normalPerVertex TRUE
  normal DEF NORM_121 Normal { vector [
  1.3135876e-06 -0.99371257 -0.11196125,2.6231715e-06 -0.99371203 -0.11196609,
  0 -0.11195638 -0.99371312,0 -0.18576684 -0.98259385,
  0 -0.39975947 -0.91662008,0 -0.593706 -0.80468204,
  0 -0.75788092 -0.65239291,0 -0.88405161 -0.46738929,
  0 -0.9658912 -0.25894826,0 -0.11195639 -0.99371312,
  8.7930388e-07 -0.98259325 -0.18577003,0 -0.91662008 -0.39975947,
  0 -0.80468204 -0.593706,0 -0.65239291 -0.75788092,
  0 -0.46738929 -0.88405161,0 -0.25894826 -0.9658912] }
}
}
DEF SHAPE_122 Shape {
 appearance USE APP_1
 geometry DEF FACE_122 IndexedFaceSet {
  coord DEF COORD_122 Coordinate { point [
  28.070866 0.76771607 1.3976378,28.169291 0.76771633 1.3976378,
  28.169291 0.76771607 1.0826772,28.070866 0.76771633 1.0826772] }
 coordIndex [
  3,1,0,-1,3,2,1,-1]
  normalPerVertex TRUE
  normal DEF NORM_122 Normal { vector [
  2.6438e-06 -1 -8.2618751e-07,0 -1 0,
  -2.6438e-06 -1 8.2618751e-07,0 -1 0] }
}
}
DEF SHAPE_123 Shape {
 appearance USE APP_1
 geometry DEF FACE_123 IndexedFaceSet {
  coord DEF COORD_123 Coordinate { point [
  28.169291 0.6496063 0.96456711,28.070866 0.6496063 0.9645674,
  28.070866 0.76771633 1.0826772,28.070866 0.76475502 1.0563952,
  28.070866 0.75601984 1.0314311,28.070866 0.74194858 1.0090366,
  28.070866 0.72324683 0.99033489,28.070866 0.70085241 0.97626362,
  28.070866 0.67588829 0.96752845,28.169291 0.76771607 1.0826772,
  28.169291 0.67588828 0.96752845,28.169291 0.70085241 0.97626362,
  28.169291 0.72324683 0.99033489,28.169291 0.74194858 1.0090366,
  28.169291 0.75601984 1.0314311,28.169291 0.76475501 1.0563952] }
 coordIndex [
  3,9,2,-1,3,15,9,-1,4,14,15,-1,4,15,3,-1,5,13,14,-1,5,14,4,-1,6,12,13,-1,6,13,5,-1,
  7,11,12,-1,7,12,6,-1,8,10,11,-1,8,11,7,-1,1,0,10,-1,1,10,8,-1]
  normalPerVertex TRUE
  normal DEF NORM_123 Normal { vector [
  2.8858887e-06 -0.11196706 0.99371192,1.444946e-06 -0.11196173 0.99371252,
  -2.6245052e-06 -0.99371203 0.1119661,-8.7975093e-07 -0.98259325 0.18577003,
  0 -0.91662008 0.39975947,0 -0.80468204 0.593706,
  0 -0.65239291 0.75788092,0 -0.46738929 0.88405161,
  0 -0.25894826 0.9658912,-1.3142544e-06 -0.99371257 0.11196125,
  9.6736843e-07 -0.18577034 0.98259319,0 -0.39975947 0.91662008,
  0 -0.593706 0.80468204,0 -0.75788092 0.65239291,
  0 -0.88405161 0.46738929,0 -0.9658912 0.25894826] }
}
}
DEF SHAPE_124 Shape {
 appearance USE APP_1
 geometry DEF FACE_124 IndexedFaceSet {
  coord DEF COORD_124 Coordinate { point [
  28.070867 0.59448819 1.515748,28.070867 0.59448819 2.0866142,
  28.073894 0.56376557 1.515748,28.082855 0.53422359 1.515748,
  28.097408 0.50699764 1.515748,28.116992 0.48313406 1.515748,
  28.116992 0.48313335 2.0866142,28.097408 0.50699763 2.0866142,
  28.082855 0.53422359 2.0866142,28.073894 0.56376556 2.0866142] }
 coordIndex [
  5,6,7,-1,4,7,8,-1,4,5,7,-1,3,8,9,-1,3,4,8,-1,2,9,1,-1,2,3,9,-1,0,2,1,-1]
  normalPerVertex TRUE
  normal DEF NORM_124 Normal { vector [
  -0.99518267 -0.098038037 6.9289798e-07,-0.9951833 -0.098031665 3.4666212e-07,
  -0.98665723 -0.16281127 2.3195869e-07,-0.93593939 -0.35216113 0,
  -0.84924846 -0.52799342 0,-0.77301362 -0.63438942 -8.6619527e-07,
  -0.77302378 -0.63437705 -1.7316809e-06,-0.81279326 -0.58255224 -5.7970857e-07,
  -0.91082462 -0.41279355 0,-0.97385565 -0.22716774 0] }
}
}
DEF SHAPE_125 Shape {
 appearance USE APP_1
 geometry DEF FACE_125 IndexedFaceSet {
  coord DEF COORD_125 Coordinate { point [
  28.376835 0.22329154 2.0866142,28.116992 0.48313335 2.0866142,
  28.376834 0.22329084 1.515748,28.116992 0.48313406 1.515748] }
 coordIndex [
  1,2,0,-1,1,3,2,-1]
  normalPerVertex TRUE
  normal DEF NORM_125 Normal { vector [
  -0.70710487 -0.70710869 1.7406397e-06,-0.70710678 -0.70710678 0,
  -0.70710678 -0.70710678 0,-0.70710869 -0.70710487 -1.7406331e-06] }
}
}
DEF SHAPE_126 Shape {
 appearance USE APP_1
 geometry DEF FACE_126 IndexedFaceSet {
  coord DEF COORD_126 Coordinate { point [
  28.488188 0.17716535 1.5078733,28.47936 0.17741536 1.5128594,
  28.472089 0.17799177 1.5150219,28.464567 0.17894793 1.5157469,
  28.488189 0.17716599 2.0866142,28.457466 0.18019272 2.0866142,
  28.427924 0.18915406 2.0866142,28.400698 0.20370676 2.0866142,
  28.376835 0.22329154 2.0866142,28.376834 0.22329084 1.515748,
  28.402707 0.20238691 1.515748,28.432392 0.18738279 1.515748] }
 coordIndex [
  1,0,4,-1,2,4,5,-1,2,1,4,-1,3,2,5,-1,11,5,6,-1,11,3,5,-1,10,6,7,-1,10,11,6,-1,
  9,7,8,-1,9,10,7,-1]
  normalPerVertex TRUE
  normal DEF NORM_126 Normal { vector [
  -0.02830534 -0.99959932 1.1296546e-06,-0.051109631 -0.99869299 0.00035244442,
  -0.099586898 -0.99502824 0.0011161206,-0.23022513 -0.97313711 -0.00074167549,
  -0.081851217 -0.99664407 0.00098848229,-0.20910396 -0.97789337 0.00031486841,
  -0.40697113 -0.91344102 8.4055939e-05,-0.58171733 -0.81339101 -2.0251153e-05,
  -0.63440179 -0.77300347 1.7316928e-06,-0.63132576 -0.77551773 -0.00021311163,
  -0.52047701 -0.85387563 -0.00028149858,-0.3341099 -0.94253404 -0.00039756473] }
}
}
DEF SHAPE_127 Shape {
 appearance USE APP_1
 geometry DEF FACE_127 IndexedFaceSet {
  coord DEF COORD_127 Coordinate { point [
  28.238189 0.1771644 1.4173228,28.238189 0.17716371 1.062992,
  28.19882 0.13779529 1.0629921,28.199808 0.14655573 1.0629921,
  28.202719 0.15487696 1.0629921,28.207409 0.16234163 1.0629921,
  28.213643 0.16857532 1.0629921,28.221107 0.17326539 1.0629921,
  28.229429 0.17617658 1.0629921,28.198821 0.13779528 1.4173228,
  28.229429 0.17617658 1.4173228,28.221107 0.17326539 1.4173228,
  28.213643 0.16857532 1.4173228,28.207409 0.16234162 1.4173228,
  28.202719 0.15487695 1.4173228,28.199808 0.14655571 1.4173228] }
 coordIndex [
  10,1,0,-1,10,8,1,-1,11,6,7,-1,11,7,8,-1,11,8,10,-1,12,5,6,-1,12,6,11,-1,13,4,5,-1,
  13,5,12,-1,14,3,4,-1,14,4,13,-1,15,2,3,-1,15,3,14,-1,9,2,15,-1]
  normalPerVertex TRUE
  normal DEF NORM_127 Normal { vector [
  0.11204855 -0.99370273 1.9233667e-06,0.11201016 -0.99370706 9.6218851e-07,
  0.99371231 -0.11196361 -2.1126312e-06,0.96589249 -0.25894342 0,
  0.88406773 -0.46735881 0,0.75788659 -0.65238633 0,
  0.59369224 -0.80469219 0,0.43384535 -0.90098735 0,
  0.2589195 -0.9658989 0,0.99372184 -0.111879 -4.2310233e-06,
  0.18578495 -0.98259043 6.4472635e-07,0.43384536 -0.90098735 0,
  0.65238657 -0.75788638 0,0.80469241 -0.59369195 0,
  0.91663738 -0.39971979 0,0.98259624 -0.1857542 -1.4182548e-06] }
}
}
DEF SHAPE_128 Shape {
 appearance USE APP_1
 geometry DEF FACE_128 IndexedFaceSet {
  coord DEF COORD_128 Coordinate { point [
  28.19882 0.13779529 1.0629921,28.198819 0.03937008 1.0629923,
  28.198821 0.13779528 1.4173228,28.198819 0.03937008 1.4173225,
  28.198819 -0.059054565 1.3188976,28.198819 -0.056587105 1.3407993,
  28.198819 -0.04930785 1.3616027,28.198819 -0.037581825 1.3802648,
  28.198819 -0.021997044 1.3958495,28.198819 -0.0033350185 1.4075756,
  28.198819 0.017468426 1.4148548,28.198819 -0.059054565 1.1614173,
  28.198819 0.017468427 1.0654601,28.198819 -0.0033350172 1.0727394,
  28.198819 -0.021997043 1.0844654,28.198819 -0.037581824 1.1000502,
  28.198819 -0.049307849 1.1187122,28.198819 -0.056587105 1.1395157] }
 coordIndex [
  3,5,4,-1,3,6,5,-1,3,7,6,-1,3,8,7,-1,3,9,8,-1,3,10,9,-1,2,3,4,-1,11,2,4,-1,
  12,14,13,-1,1,15,14,-1,1,16,15,-1,1,17,16,-1,1,11,17,-1,1,14,12,-1,0,2,11,-1,0,11,1,-1]
  normalPerVertex TRUE
  normal DEF NORM_128 Normal { vector [
  1 -7.3329789e-06 -4.9225978e-06,1 -6.3002798e-06 -6.3002583e-06,
  1 -1.0011977e-05 -7.3259622e-07,1 -1.6062298e-05 1.4992222e-05,
  1 -1.4567348e-05 5.0723316e-06,1 -1.7453993e-06 3.9835783e-07,
  1 -2.2152108e-06 1.0667731e-06,1 -2.8903264e-06 2.304949e-06,
  1 -3.9778381e-06 4.9880714e-06,1 -6.0983359e-06 1.2663517e-05,
  1 -9.2259918e-06 2.6367039e-05,1 -8.6413346e-06 -3.4805322e-06,
  1 0 0,1 0 0,
  1 0 0,1 0 0,
  1 0 0,1 0 0] }
}
}
DEF SHAPE_129 Shape {
 appearance USE APP_1
 geometry DEF FACE_129 IndexedFaceSet {
  coord DEF COORD_129 Coordinate { point [
  28.198819 0.03937008 1.0629923,28.100394 0.039370083 1.0629923,
  28.198819 0.017468427 1.0654601,28.198819 -0.0033350172 1.0727394,
  28.198819 -0.021997043 1.0844654,28.198819 -0.037581824 1.1000502,
  28.198819 -0.049307849 1.1187122,28.198819 -0.056587105 1.1395157,
  28.198819 -0.059054565 1.1614173,28.100394 -0.059054872 1.1614173,
  28.100394 -0.056587105 1.1395157,28.100394 -0.04930785 1.1187122,
  28.100394 -0.037581825 1.1000502,28.100394 -0.021997043 1.0844654,
  28.100394 -0.0033350168 1.0727394,28.100394 0.017468428 1.0654601] }
 coordIndex [
  15,1,0,-1,15,0,2,-1,14,2,3,-1,14,15,2,-1,13,3,4,-1,13,4,5,-1,13,14,3,-1,12,5,6,-1,
  12,13,5,-1,11,6,7,-1,11,12,6,-1,10,7,8,-1,10,11,7,-1,9,10,8,-1]
  normalPerVertex TRUE
  normal DEF NORM_129 Normal { vector [
  0 -0.1119678 -0.99371184,0 -0.11196779 -0.99371184,
  0 -0.25895023 -0.96589067,0 -0.46738781 -0.88405239,
  0 -0.62348824 -0.78183272,0 -0.75788118 -0.6523926,
  0 -0.88405238 -0.46738783,0 -0.96589195 -0.25894546,
  1.5497967e-06 -0.99371276 -0.11195956,3.0973159e-06 -0.99371199 -0.11196643,
  1.0382404e-06 -0.98259362 -0.18576809,0 -0.9166209 -0.39975757,
  0 -0.80468252 -0.59370534,0 -0.62348825 -0.78183272,
  0 -0.39975755 -0.91662091,0 -0.18577351 -0.98259259] }
}
}
DEF SHAPE_130 Shape {
 appearance USE APP_1
 geometry DEF FACE_130 IndexedFaceSet {
  coord DEF COORD_130 Coordinate { point [
  28.198819 -0.059054565 1.1614173,28.100394 -0.059054872 1.1614173,
  28.100394 -0.059054565 1.3188976,28.198819 -0.059054565 1.3188976] }
 coordIndex [
  1,3,2,-1,0,3,1,-1]
  normalPerVertex TRUE
  normal DEF NORM_130 Normal { vector [
  3.119924e-06 -1 0,1.5599622e-06 -1 9.7497789e-07,
  0 -1 1.949954e-06,1.5599622e-06 -1 9.7497789e-07] }
}
}
DEF SHAPE_131 Shape {
 appearance USE APP_1
 geometry DEF FACE_131 IndexedFaceSet {
  coord DEF COORD_131 Coordinate { point [
  28.100394 0.03937008 1.4173226,28.100394 0.017468427 1.4148548,
  28.100394 -0.0033350172 1.4075756,28.100394 -0.021997043 1.3958495,
  28.100394 -0.037581824 1.3802648,28.100394 -0.049307849 1.3616027,
  28.100394 -0.056587105 1.3407993,28.100394 -0.059054565 1.3188976,
  28.100394 -0.059054872 1.1614173,28.100394 -0.056587105 1.1395157,
  28.100394 -0.04930785 1.1187122,28.100394 -0.037581825 1.1000502,
  28.100394 -0.021997043 1.0844654,28.100394 -0.0033350168 1.0727394,
  28.100394 0.017468428 1.0654601,28.100394 0.039370083 1.0629923,
  28.100395 0.13779528 1.0629921,28.100394 0.13779527 1.4173228] }
 coordIndex [
  6,5,4,-1,1,3,2,-1,1,4,3,-1,1,6,4,-1,7,1,0,-1,7,6,1,-1,17,7,0,-1,8,7,17,-1,
  13,12,11,-1,14,9,8,-1,14,10,9,-1,14,11,10,-1,14,13,11,-1,15,14,8,-1,16,8,17,-1,16,15,8,-1]
  normalPerVertex TRUE
  normal DEF NORM_131 Normal { vector [
  -1 4.4766284e-06 -4.4766131e-06,-1 0 0,
  -1 0 0,-1 0 0,
  -1 0 0,-1 0 0,
  -1 0 0,-1 3.0658508e-06 -1.1791715e-06,
  -1 5.4096022e-06 -3.4048709e-07,-1 0 0,
  -1 0 0,-1 0 0,
  -1 0 0,-1 0 0,
  -1 1.3661725e-06 1.0894862e-06,-1 1.1495266e-05 1.0729461e-05,
  -1 6.6119213e-06 -5.603339e-07,-1 4.8365614e-06 -1.948054e-06] }
}
}
DEF SHAPE_132 Shape {
 appearance USE APP_1
 geometry DEF FACE_132 IndexedFaceSet {
  coord DEF COORD_132 Coordinate { point [
  28.100394 0.03937008 1.4173226,28.198819 0.03937008 1.4173225,
  28.100394 0.017468427 1.4148548,28.100394 -0.0033350172 1.4075756,
  28.100394 -0.021997043 1.3958495,28.100394 -0.037581824 1.3802648,
  28.100394 -0.049307849 1.3616027,28.100394 -0.056587105 1.3407993,
  28.100394 -0.059054565 1.3188976,28.198819 -0.059054565 1.3188976,
  28.198819 -0.056587105 1.3407993,28.198819 -0.04930785 1.3616027,
  28.198819 -0.037581825 1.3802648,28.198819 -0.021997044 1.3958495,
  28.198819 -0.0033350185 1.4075756,28.198819 0.017468426 1.4148548] }
 coordIndex [
  8,9,10,-1,7,10,11,-1,7,8,10,-1,6,11,12,-1,6,7,11,-1,5,12,13,-1,5,6,12,-1,4,13,14,-1,
  4,5,13,-1,3,14,15,-1,3,4,14,-1,2,15,1,-1,2,3,15,-1,0,2,1,-1]
  normalPerVertex TRUE
  normal DEF NORM_132 Normal { vector [
  1.5501506e-06 -0.11196781 0.99371183,7.7571571e-07 -0.11196437 0.99371222,
  5.1962074e-07 -0.18577121 0.98259303,0 -0.39975756 0.91662091,
  0 -0.59370533 0.80468254,0 -0.75788119 0.6523926,
  0 -0.88405238 0.46738783,0 -0.96589195 0.25894546,
  0 -0.99371354 0.11195268,0 -0.99371354 0.11195267,
  0 -0.98259447 0.18576358,0 -0.91662091 0.39975757,
  0 -0.80468253 0.59370534,0 -0.65239259 0.75788119,
  0 -0.46738782 0.88405239,0 -0.25894806 0.96589125] }
}
}
DEF SHAPE_133 Shape {
 appearance USE APP_1
 geometry DEF FACE_133 IndexedFaceSet {
  coord DEF COORD_133 Coordinate { point [
  28.169291 0.43083251 0.70866132,28.324533 0.27559055 0.70866142,
  28.116992 0.48313406 0.70866142,28.116992 0.48313335 0.96456693,
  28.376834 0.22329111 0.96456693,28.376834 0.22329084 0.70866142] }
 coordIndex [
  4,1,5,-1,3,0,1,-1,3,2,0,-1,3,1,4,-1]
  normalPerVertex TRUE
  normal DEF NORM_133 Normal { vector [
  -0.70711109 -0.70710247 1.3450671e-06,-0.70710551 -0.70710806 3.6222545e-06,
  -0.70712388 -0.70708968 -3.8829558e-06,-0.70710827 -0.70710529 3.0139515e-06,
  -0.70710487 -0.70710869 3.8788299e-06,-0.70709918 -0.70711438 1.5531838e-06] }
}
}
DEF SHAPE_134 Shape {
 appearance USE APP_1
 geometry DEF FACE_134 IndexedFaceSet {
  coord DEF COORD_134 Coordinate { point [
  28.267716 0.27559077 0.70866142,28.324533 0.27559055 0.70866142,
  28.169291 0.43083251 0.70866132,28.169292 0.37401575 0.70866142,
  28.245815 0.27805859 0.70866142,28.225011 0.28533786 0.70866142,
  28.206349 0.29706389 0.70866142,28.190765 0.31264867 0.70866142,
  28.179039 0.33131069 0.70866142,28.171759 0.35211411 0.70866142] }
 coordIndex [
  3,4,0,-1,3,5,4,-1,3,6,5,-1,3,7,6,-1,3,8,7,-1,3,9,8,-1,1,3,0,-1,2,3,1,-1]
  normalPerVertex TRUE
  normal DEF NORM_134 Normal { vector [
  0 0 1,6.4371502e-07 1.0153012e-06 1,
  1.0518403e-06 1.659018e-06 1,4.6821407e-07 7.3849191e-07 1,
  0 0 1,0 0 1,
  0 0 1,0 0 1,
  0 0 1,0 0 1] }
}
}
DEF SHAPE_135 Shape {
 appearance USE APP_1
 geometry DEF FACE_135 IndexedFaceSet {
  coord DEF COORD_135 Coordinate { point [
  28.818899 0.27559055 0.68897028,28.819568 0.27559055 0.69406623,
  28.821534 0.27559055 0.69881526,28.824662 0.27559055 0.70289342,
  28.828739 0.27559055 0.70602253,28.833488 0.27559055 0.70798916,
  28.838583 0.27559055 0.70865991,28.917323 0.27559055 0.70866129,
  28.858268 0.27559055 0.6496063,28.858268 0.27559055 0.46456693,
  28.562992 0.27559055 0.46456693,28.562992 0.27559057 0.47244094,
  28.267716 0.27559078 0.47244094,28.267716 0.27559077 0.70866142,
  28.324533 0.27559055 0.70866142,28.582677 0.27559055 0.70866054,
  28.587773 0.27559055 0.70798885,28.592522 0.27559055 0.70602155,
  28.5966 0.27559055 0.7028915,28.599728 0.27559055 0.69881224,
  28.601692 0.27559055 0.69406214,28.60236 0.27559055 0.68896528,
  28.602362 0.27559055 0.6496063,28.818898 0.27559055 0.6496063] }
 coordIndex [
  12,14,13,-1,17,16,15,-1,19,18,17,-1,19,17,15,-1,20,19,15,-1,21,20,15,-1,22,15,14,-1,22,21,15,-1,
  11,14,12,-1,11,22,14,-1,1,3,2,-1,1,4,3,-1,1,5,4,-1,6,5,1,-1,0,6,1,-1,23,22,11,-1,
  8,0,23,-1,8,6,0,-1,7,6,8,-1,9,11,10,-1,9,8,23,-1,9,23,11,-1]
  normalPerVertex TRUE
  normal DEF NORM_135 Normal { vector [
  0 -1 0,0 -1 0,
  0 0 1,0 -1 0,
  0 -1 0,0 -1 0,
  0 -1 0,0 -1 0,
  0 -1 0,-6.6652281e-08 -1 9.2178121e-08,
  0 -1 2.924885e-06,-2.5472669e-07 -1 -2.8773255e-07,
  -1.2054083e-06 -1 -6.9427944e-07,-3.7833043e-06 -1 -7.4225894e-08,
  -6.7760717e-07 -1 -4.2772592e-07,0 -1 0,
  0 0 1,0 -1 0,
  0 0 1,0 -1 0,
  0 -1 0,0 -1 0,
  -1.283937e-08 -1 -1.0748363e-07,-4.1975754e-08 -1 -5.8051604e-08] }
}
}
DEF SHAPE_136 Shape {
 appearance USE APP_1
 geometry DEF FACE_136 IndexedFaceSet {
  coord DEF COORD_136 Coordinate { point [
  28.169291 0.3740149 0.47244097,28.169292 0.33464567 0.47244094,
  28.169291 0.49999777 0.47244116,28.070866 0.49999988 0.47244131,
  28.070868 0.33464567 0.47244094,28.228346 0.17716603 0.47244094,
  28.193304 0.18111497 0.47244094,28.160019 0.19276186 0.47244094,
  28.13016 0.21152346 0.47244094,28.105224 0.23645896 0.47244094,
  28.086463 0.26631799 0.47244094,28.074816 0.29960325 0.47244094,
  28.383029 0.1771673 0.47244094,28.522222 0.23482212 0.47244094,
  28.492392 0.21034201 0.47244094,28.45836 0.19215115 0.47244094,
  28.421432 0.18094942 0.47244094,28.562992 0.27559057 0.47244094,
  28.267716 0.27559078 0.47244094,28.228346 0.2755924 0.47244094,
  28.170773 0.32150482 0.47244094,28.17514 0.30902284 0.47244094,
  28.182176 0.29782572 0.47244094,28.191527 0.28847499 0.47244094,
  28.202724 0.28143961 0.47244094,28.215206 0.2770724 0.47244094] }
 coordIndex [
  18,14,13,-1,18,15,14,-1,18,16,15,-1,18,12,16,-1,18,13,17,-1,0,2,3,-1,4,1,0,-1,4,20,1,-1,
  4,0,3,-1,5,18,19,-1,5,19,25,-1,5,12,18,-1,6,25,24,-1,6,5,25,-1,11,21,20,-1,11,20,4,-1,
  7,24,23,-1,7,6,24,-1,10,22,21,-1,10,21,11,-1,8,7,23,-1,9,23,22,-1,9,22,10,-1,9,8,23,-1]
  normalPerVertex TRUE
  normal DEF NORM_136 Normal { vector [
  9.2279101e-07 -1.7644127e-06 1,0 -4.3860349e-07 1,
  1.5594724e-06 -1.5238056e-06 1,1.0474903e-06 -1.9237896e-06 1,
  4.2982319e-07 -1.5481156e-06 1,0 0 1,
  0 0 1,0 0 1,
  0 0 1,0 0 1,
  0 0 1,0 0 1,
  0 0 1,0 0 1,
  0 0 1,0 0 1,
  0 0 1,0 0 1,
  0 0 1,0 0 1,
  0 0 1,0 0 1,
  0 0 1,0 0 1,
  0 0 1,0 0 1] }
}
}
DEF SHAPE_137 Shape {
 appearance USE APP_1
 geometry DEF FACE_137 IndexedFaceSet {
  coord DEF COORD_137 Coordinate { point [
  28.169291 0.59842305 0.68897278,28.169291 0.59775392 0.69406822,
  28.169291 0.59578832 0.69881666,28.169291 0.5926603 0.70289426,
  28.169291 0.58858319 0.70602291,28.169291 0.58383505 0.70798924,
  28.169291 0.5787397 0.70865991,28.169291 0.43083251 0.70866132,
  28.169292 0.37401575 0.70866142,28.169291 0.3740149 0.47244097,
  28.169291 0.49999777 0.47244116,28.169291 0.52190007 0.47490857,
  28.169291 0.54270419 0.48218772,28.169291 0.56136682 0.49391391,
  28.169291 0.57695206 0.50949907,28.169291 0.58867833 0.52816165,
  28.169291 0.59595758 0.54896573,28.169291 0.59842494 0.57086801] }
 coordIndex [
  1,3,2,-1,1,4,3,-1,1,5,4,-1,6,5,1,-1,0,6,1,-1,17,6,0,-1,7,6,17,-1,11,13,12,-1,
  10,14,13,-1,10,15,14,-1,10,16,15,-1,10,17,16,-1,10,7,17,-1,10,13,11,-1,9,8,7,-1,9,7,10,-1]
  normalPerVertex TRUE
  normal DEF NORM_137 Normal { vector [
  -1 0 0,-1 0 0,
  0 0 1,-1 0 0,
  -1 0 0,-1 0 0,
  -1 0 0,-1 -1.7627137e-06 7.1057263e-08,
  -1 -9.7285364e-06 1.6818852e-06,-1 -3.7481984e-06 2.4344638e-07,
  -1 -5.6310558e-07 -2.1744266e-07,-1 -1.0251454e-06 2.1288316e-06,
  -1 0 0,-1 -7.5962167e-07 1.2089643e-06,
  -1 -4.8587868e-07 3.874732e-07,-1 -3.7238959e-07 1.7932753e-07,
  -1 -2.9341329e-07 6.6963896e-08,-1 -6.7269322e-08 -6.9556405e-08] }
}
}
DEF SHAPE_138 Shape {
 appearance USE APP_1
 geometry DEF FACE_138 IndexedFaceSet {
  coord DEF COORD_138 Coordinate { point [
  28.070866 0.59842497 0.57086638,28.070866 0.59595733 0.54896465,
  28.070866 0.58867808 0.52816113,28.070866 0.57695204 0.50949905,
  28.070866 0.56136721 0.49391422,28.070866 0.54270512 0.48218817,
  28.070866 0.5219016 0.47490892,28.070866 0.49999988 0.47244131,
  28.169291 0.59842494 0.57086801,28.169291 0.49999777 0.47244116,
  28.169291 0.52190007 0.47490857,28.169291 0.54270419 0.48218772,
  28.169291 0.56136682 0.49391391,28.169291 0.57695206 0.50949907,
  28.169291 0.58867833 0.52816165,28.169291 0.59595758 0.54896573] }
 coordIndex [
  0,15,8,-1,1,14,15,-1,1,15,0,-1,2,13,14,-1,2,14,1,-1,3,13,2,-1,4,12,13,-1,4,13,3,-1,
  5,11,12,-1,5,12,4,-1,6,10,11,-1,6,11,5,-1,7,9,10,-1,7,10,6,-1]
  normalPerVertex TRUE
  normal DEF NORM_138 Normal { vector [
  -4.4470532e-07 -0.99371355 0.11195262,2.168428e-07 -0.96589213 0.25894477,
  1.3101812e-08 -0.88405301 0.46738665,0 -0.78183293 0.62348799,
  -1.3121494e-08 -0.65239228 0.75788146,1.9065619e-07 -0.46738525 0.88405375,
  3.9438017e-07 -0.25894284 0.96589265,4.7092644e-07 -0.11195308 0.99371349,
  -2.1442471e-06 -0.9937144 0.11194507,-8.4263311e-07 -0.11194725 0.99371415,
  -2.8253046e-07 -0.18575964 0.98259521,-5.982639e-07 -0.39975066 0.91662392,
  -3.9447805e-07 -0.59370273 0.80468446,-3.0590947e-07 -0.78183304 0.62348785,
  -4.207024e-07 -0.91662266 0.39975355,-7.1882619e-07 -0.98259498 0.18576087] }
}
}
DEF SHAPE_139 Shape {
 appearance USE APP_1
 geometry DEF FACE_139 IndexedFaceSet {
  coord DEF COORD_139 Coordinate { point [
  28.169291 0.59842305 0.68897278,28.169291 0.59842494 0.57086801,
  28.070866 0.59842497 0.57086638,28.070866 0.59842305 0.68897638] }
 coordIndex [
  2,0,3,-1,1,0,2,-1]
  normalPerVertex TRUE
  normal DEF NORM_139 Normal { vector [
  -1.4711135e-07 -1 -1.6159259e-05,-2.8310901e-07 -1 -1.6045924e-05,
  -1.4711135e-07 -1 -1.6159259e-05,-1.1119724e-08 -1 -1.6272589e-05] }
}
}
DEF SHAPE_140 Shape {
 appearance USE APP_1
 geometry DEF FACE_140 IndexedFaceSet {
  coord DEF COORD_140 Coordinate { point [
  28.070866 0.59842305 0.68897638,28.169291 0.59842305 0.68897278,
  28.070866 0.59448768 0.70078703,28.070866 0.59664051 0.69716434,
  28.070866 0.59797266 0.69316634,28.071657 0.57874139 0.70866142,
  28.071023 0.58752813 0.70657536,28.169291 0.5787397 0.70865991,
  28.169291 0.59775392 0.69406822,28.169291 0.59578832 0.69881666,
  28.169291 0.5926603 0.70289426,28.169291 0.58858319 0.70602291,
  28.169291 0.58383505 0.70798924] }
 coordIndex [
  1,4,0,-1,8,3,4,-1,8,4,1,-1,9,2,3,-1,9,3,8,-1,10,6,2,-1,10,2,9,-1,11,6,10,-1,
  12,5,6,-1,12,6,11,-1,7,5,12,-1]
  normalPerVertex TRUE
  normal DEF NORM_140 Normal { vector [
  -3.9231094e-06 -0.99427229 -0.10687659,-0.00055697812 -0.99280995 -0.11970004,
  0.0020632006 -0.74053541 -0.67201418,-1.3748581e-06 -0.91509231 -0.40324443,
  -0.00013973927 -0.98339082 -0.1815006,0.0034009378 -0.19462708 -0.98087141,
  0.0034107109 -0.46692664 -0.88428948,-1.7568598e-05 -0.13049758 -0.99144863,
  -0.00069352768 -0.96130228 -0.2754949,-0.00083839623 -0.86424085 -0.50307758,
  0.002261809 -0.67602188 -0.73687808,0.0004992354 -0.49997966 -0.866037,
  0.0022103919 -0.24578627 -0.96932153] }
}
}
DEF SHAPE_141 Shape {
 appearance USE APP_1
 geometry DEF FACE_141 IndexedFaceSet {
  coord DEF COORD_141 Coordinate { point [
  28.071657 0.57874139 0.70866142,28.079292 0.54367086 0.70866142,
  28.09467 0.51124016 0.70866142,28.116992 0.48313406 0.70866142,
  28.116992 0.48313335 0.96456693,28.097408 0.50699763 0.96456693,
  28.082855 0.53422358 0.96456693,28.073894 0.56376554 0.96456693,
  28.070867 0.59448817 0.96456696,28.070866 0.59448768 0.70078703,
  28.071023 0.58752813 0.70657536] }
 coordIndex [
  3,4,5,-1,2,5,6,-1,2,3,5,-1,1,6,7,-1,1,2,6,-1,0,7,8,-1,0,1,7,-1,10,0,8,-1,
  9,10,8,-1]
  normalPerVertex TRUE
  normal DEF NORM_141 Normal { vector [
  -0.98875109 -0.14956954 -0.00049001502,-0.94977222 -0.3129373 -0.001722868,
  -0.85923499 -0.51157938 -0.0013279115,-0.77845139 -0.62770403 -0.0010415162,
  -0.77302376 -0.63437707 -3.8629875e-06,-0.81426707 -0.58049039 -0.00020105179,
  -0.91665578 -0.39967757 0.00014644395,-0.9794677 -0.20160089 0.0003243817,
  -0.99667023 -0.081508397 0.0021996829,-0.99974483 -0.02258928 4.5612176e-06,
  -0.9987593 -0.049792625 0.00073904247] }
}
}
DEF SHAPE_142 Shape {
 appearance USE APP_1
 geometry DEF FACE_142 IndexedFaceSet {
  coord DEF COORD_142 Coordinate { point [
  28.071657 0.57874139 0.70866142,28.079292 0.54367086 0.70866142,
  28.09467 0.51124016 0.70866142,28.116992 0.48313406 0.70866142,
  28.169291 0.43083251 0.70866132,28.169291 0.5787397 0.70865991] }
 coordIndex [
  1,0,5,-1,2,1,5,-1,3,2,5,-1,4,3,5,-1]
  normalPerVertex TRUE
  normal DEF NORM_142 Normal { vector [
  -1.5452624e-05 -3.3641114e-06 -1,-1.4797674e-05 -5.0449499e-06 -1,
  -1.2932716e-05 -8.0540652e-06 -1,-1.1492868e-05 -9.4935339e-06 -1,
  -1.1365816e-05 -9.5630353e-06 -1,-1.2741061e-05 -7.8133468e-06 -1] }
}
}
DEF SHAPE_143 Shape {
 appearance USE APP_1
 geometry DEF FACE_143 IndexedFaceSet {
  coord DEF COORD_143 Coordinate { point [
  28.228346 0.27559129 0.17716537,28.228346 0.2755924 0.47244094,
  28.169292 0.33464567 0.47244094,28.170773 0.32150482 0.47244094,
  28.17514 0.30902284 0.47244094,28.182176 0.29782572 0.47244094,
  28.191527 0.28847499 0.47244094,28.202724 0.28143961 0.47244094,
  28.215206 0.2770724 0.47244094,28.169292 0.33464569 0.1771653,
  28.215205 0.27707149 0.17716528,28.202723 0.28143892 0.17716554,
  28.191526 0.28847447 0.17716567,28.182175 0.29782534 0.17716567,
  28.17514 0.30902258 0.17716554,28.170772 0.32150469 0.17716528] }
 coordIndex [
  0,8,1,-1,10,7,8,-1,10,8,0,-1,11,6,7,-1,11,7,10,-1,12,5,6,-1,12,6,11,-1,13,4,5,-1,
  13,5,12,-1,14,3,4,-1,14,4,13,-1,15,2,3,-1,15,3,14,-1,9,2,15,-1]
  normalPerVertex TRUE
  normal DEF NORM_143 Normal { vector [
  0.11192546 0.99371661 -3.4372599e-06,0.11191865 0.99371737 -3.7441413e-06,
  0.99371184 0.1119678 -1.629999e-06,0.96589067 0.25895023 -2.9385469e-06,
  0.88405838 0.46737648 -2.4271996e-06,0.75788347 0.65238995 -2.2146821e-06,
  0.59370064 0.804686 -2.3140163e-06,0.39974366 0.91662697 -2.7225726e-06,
  0.18573783 0.98259934 -3.3428404e-06,0.99371561 0.11193427 -1.1892201e-07,
  0.25892791 0.96589665 -2.934971e-06,0.4673797 0.88405668 -2.423615e-06,
  0.65239114 0.75788245 -2.2110974e-06,0.8046857 0.59370104 -2.3104312e-06,
  0.91662594 0.39974602 -2.7189866e-06,0.9825932 0.18577027 -2.12764e-06] }
}
}
DEF SHAPE_144 Shape {
 appearance USE APP_1
 geometry DEF FACE_144 IndexedFaceSet {
  coord DEF COORD_144 Coordinate { point [
  28.228346 0.21653701 0.11810959,28.202064 0.21949757 0.11811033,
  28.1771 0.22823245 0.11811084,28.154706 0.24230362 0.11811111,
  28.136004 0.26100542 0.11811111,28.121933 0.28339999 0.11811084,
  28.113198 0.30836426 0.11811033,28.110238 0.33464632 0.11810959,
  28.228346 0.27559129 0.17716537,28.215205 0.27707149 0.17716528,
  28.202723 0.28143892 0.17716554,28.191526 0.28847447 0.17716567,
  28.182175 0.29782534 0.17716567,28.17514 0.30902258 0.17716554,
  28.170772 0.32150469 0.17716528,28.169292 0.33464569 0.1771653,
  28.194447 0.25280637 0.14763822,28.165709 0.27200844 0.14763852,
  28.146507 0.30074684 0.14763822] }
 coordIndex [
  16,0,1,-1,16,1,2,-1,16,2,3,-1,16,8,0,-1,16,9,8,-1,16,10,9,-1,16,11,10,-1,17,3,4,-1,
  17,12,11,-1,17,11,16,-1,17,16,3,-1,18,4,5,-1,18,5,6,-1,18,6,7,-1,18,13,12,-1,18,14,13,-1,
  18,15,14,-1,18,7,15,-1,18,12,17,-1,18,17,4,-1]
  normalPerVertex TRUE
  normal DEF NORM_144 Normal { vector [
  0.12099199 0.69228073 -0.71141291,0.15401604 0.67493392 -0.72162543,
  0.30606145 0.63558692 -0.70877052,0.41806952 0.56173278 -0.71391467,
  0.56173492 0.41806668 -0.71391465,0.63558869 0.30605796 -0.70877045,
  0.67493458 0.15401225 -0.72162563,0.69228137 0.12098864 -0.71141286,
  0.13064967 0.70671058 -0.69533504,0.16069344 0.70414588 -0.69163299,
  0.30750862 0.63859432 -0.70543302,0.41996695 0.58161985 -0.69666786,
  0.58162096 0.4199654 -0.69666787,0.63859466 0.30750843 -0.70543279,
  0.70414564 0.16069223 -0.69163352,0.70671125 0.13064669 -0.69533492,
  0.25158603 0.6550899 -0.71243364,0.49762492 0.49762281 -0.71045125,
  0.65509093 0.25158327 -0.71243367] }
}
}
DEF SHAPE_145 Shape {
 appearance USE APP_1
 geometry DEF FACE_145 IndexedFaceSet {
  coord DEF COORD_145 Coordinate { point [
  28.692845 0.40544334 0.33464567,28.691798 0.40439609 0.32150482,
  28.68871 0.40130801 0.30902284,28.683735 0.39633325 0.29782572,
  28.677123 0.38972128 0.28847499,28.669205 0.38180372 0.28143961,
  28.660379 0.37297763 0.2770724,28.651087 0.36368565 0.2755924,
  28.522222 0.23482242 0.27559065,28.522222 0.23482212 0.47244094,
  28.562992 0.27559057 0.47244094,28.562992 0.27559055 0.46456693,
  28.671919 0.38451735 0.46456693,28.678996 0.39159469 0.45731318,
  28.684851 0.39744918 0.44813469,28.689226 0.40182427 0.43743367,
  28.69193 0.40452824 0.42567902,28.692844 0.40544261 0.41338583] }
 coordIndex [
  11,10,9,-1,8,11,9,-1,15,14,13,-1,16,13,12,-1,16,15,13,-1,17,12,11,-1,17,16,12,-1,7,11,8,-1,
  7,17,11,-1,0,17,7,-1,1,7,6,-1,1,0,7,-1,3,2,1,-1,3,5,4,-1,3,6,5,-1,3,1,6,-1]
  normalPerVertex TRUE
  normal DEF NORM_145 Normal { vector [
  0.70710676 -0.7071068 2.9718653e-08,0.70710678 -0.70710678 0,
  0.70710678 -0.70710678 0,0.70710678 -0.70710678 0,
  0.70710678 -0.70710678 0,0.70710678 -0.70710678 0,
  0.70710678 -0.70710678 0,0.70710426 -0.70710931 -2.3505294e-06,
  0.70710031 -0.70711326 -4.0785284e-06,0.70709597 -0.7071176 -2.0349142e-06,
  0.70709636 -0.7071172 2.0682365e-06,0.70710313 -0.70711043 -2.2544892e-06,
  0.70710677 -0.70710679 -5.7923523e-08,0.70710667 -0.7071069 -1.5203561e-07,
  0.70710668 -0.70710688 -1.3655958e-07,0.70710668 -0.70710688 -1.3655967e-07,
  0.70710667 -0.70710689 -1.4546098e-07,0.70710679 -0.70710678 0] }
}
}
DEF SHAPE_146 Shape {
 appearance USE APP_1
 geometry DEF FACE_146 IndexedFaceSet {
  coord DEF COORD_146 Coordinate { point [
  28.623248 0.47504049 0.41338583,28.623248 0.47504056 0.33464565,
  28.692844 0.40544261 0.41338583,28.692845 0.40544334 0.33464567] }
 coordIndex [
  0,2,3,-1,0,3,1,-1]
  normalPerVertex TRUE
  normal DEF NORM_146 Normal { vector [
  0.70711106 0.70710251 7.1989382e-06,0.70710771 0.70710586 1.2759879e-06,
  0.70711441 0.70709916 1.312189e-05,0.70711106 0.70710251 7.1989382e-06] }
}
}
DEF SHAPE_147 Shape {
 appearance USE APP_1
 geometry DEF FACE_147 IndexedFaceSet {
  coord DEF COORD_147 Coordinate { point [
  28.623248 0.39152464 0.27559124,28.629787 0.39930038 0.27646553,
  28.635403 0.40918337 0.27948246,28.639401 0.42171556 0.28551749,
  28.640475 0.43615998 0.29497184,28.637536 0.45189146 0.30817366,
  28.631856 0.46411239 0.32083168,28.623248 0.47504056 0.33464565,
  28.692845 0.40544334 0.33464567,28.691798 0.40439609 0.32150482,
  28.68871 0.40130801 0.30902284,28.683735 0.39633325 0.29782572,
  28.677123 0.38972128 0.28847499,28.669205 0.38180372 0.28143961,
  28.660379 0.37297763 0.2770724,28.651087 0.36368565 0.2755924] }
 coordIndex [
  14,0,1,-1,14,15,0,-1,13,1,2,-1,13,14,1,-1,12,2,3,-1,12,13,2,-1,11,3,4,-1,11,12,3,-1,
  10,4,5,-1,10,11,4,-1,9,5,6,-1,9,10,5,-1,8,6,7,-1,8,9,6,-1]
  normalPerVertex TRUE
  normal DEF NORM_147 Normal { vector [
  0.073967063 0.06862932 -0.99489642,0.17327277 0.16774257 -0.97048389,
  0.30954101 0.30318968 -0.90125489,0.43953506 0.43421815 -0.78629735,
  0.55593137 0.55420335 -0.6195151,0.64177538 0.64100581 -0.42099395,
  0.6944816 0.69448379 -0.18811584,0.70217216 0.70217028 -0.11794557,
  0.70208104 0.70270547 -0.11527028,0.68239888 0.68306568 -0.26029416,
  0.61803766 0.62120672 -0.48180045,0.52116392 0.52668442 -0.67155915,
  0.40131342 0.40890778 -0.81959866,0.26927103 0.27625806 -0.92259124,
  0.13008213 0.13211576 -0.98266173,0.079159159 0.079118016 -0.99371735] }
}
}
DEF SHAPE_148 Shape {
 appearance USE APP_1
 geometry DEF FACE_148 IndexedFaceSet {
  coord DEF COORD_148 Coordinate { point [
  28.494384 0.26266106 0.27559035,28.470519 0.24307697 0.27559063,
  28.443293 0.22852414 0.27559092,28.413751 0.21956298 0.27559063,
  28.383029 0.21653681 0.27559002,28.326772 0.2165353 0.27558959,
  28.326772 0.17716535 0.27558959,28.383029 0.17716622 0.27559055,
  28.421432 0.18094942 0.27559055,28.45836 0.19215115 0.27559055,
  28.492392 0.21034201 0.27559055,28.522222 0.23482242 0.27559065,
  28.651087 0.36368565 0.2755924,28.623248 0.39152464 0.27559124] }
 coordIndex [
  11,13,12,-1,11,0,13,-1,10,1,0,-1,10,2,1,-1,10,0,11,-1,9,2,10,-1,8,3,2,-1,8,4,3,-1,
  8,2,9,-1,7,5,4,-1,7,4,8,-1,6,5,7,-1]
  normalPerVertex TRUE
  normal DEF NORM_148 Normal { vector [
  6.4519758e-06 -2.5175852e-06 -1,-8.8132952e-06 -3.4719663e-06 -1,
  -2.0086511e-06 4.849286e-06 -1,1.3875695e-05 4.8090223e-06 -1,
  8.5425922e-06 -8.6844421e-06 -1,1.2355659e-05 -6.7030698e-06 -1,
  1.7046502e-05 0 -1,9.5476183e-06 -8.4087504e-06 -1,
  5.7804642e-06 8.9687786e-07 -1,-3.558157e-06 8.5901509e-06 -1,
  -3.2427666e-06 -4.0292396e-07 -1,1.7126932e-05 -7.6031967e-06 -1,
  2.7461654e-05 -1.393208e-05 -1,1.8211679e-05 -7.968612e-06 -1] }
}
}
DEF SHAPE_149 Shape {
 appearance USE APP_1
 geometry DEF FACE_149 IndexedFaceSet {
  coord DEF COORD_149 Coordinate { point [
  28.452625 0.30441882 0.33464535,28.494384 0.26266106 0.27559035,
  28.623248 0.39152464 0.27559124,28.629787 0.39930038 0.27646553,
  28.635403 0.40918337 0.27948246,28.639401 0.42171556 0.28551749,
  28.640475 0.43615998 0.29497184,28.637536 0.45189146 0.30817366,
  28.631856 0.46411239 0.32083168,28.623248 0.47504056 0.33464565] }
 coordIndex [
  2,4,3,-1,2,5,4,-1,2,6,5,-1,2,7,6,-1,8,7,2,-1,9,8,2,-1,0,2,1,-1,0,9,2,-1]
  normalPerVertex TRUE
  normal DEF NORM_149 Normal { vector [
  -0.499996 0.5000019 -0.70710826,-0.49999693 0.50000624 -0.70710454,
  -0.49999704 0.50000147 -0.70710784,-0.50012293 0.5000393 -0.70699205,
  -0.5000542 0.50000764 -0.70706305,-0.50002372 0.49999636 -0.70709258,
  -0.50001346 0.49999477 -0.70710096,-0.50000896 0.49999483 -0.7071041,
  -0.50000526 0.49999548 -0.70710626,-0.49999571 0.49999849 -0.70711089] }
}
}
DEF SHAPE_150 Shape {
 appearance USE APP_1
 geometry DEF FACE_150 IndexedFaceSet {
  coord DEF COORD_150 Coordinate { point [
  28.326772 0.2165353 0.27558959,28.326772 0.17716535 0.27558959,
  28.320159 0.21597401 0.27502923,28.313753 0.21431945 0.27337455,
  28.307598 0.21155011 0.27060523,28.303428 0.20886722 0.26792233,
  28.299634 0.2056869 0.26474202,28.292895 0.19722213 0.25627724,
  28.288862 0.18777526 0.24683038,28.287403 0.17716536 0.2362205,
  28.318011 0.17716535 0.27460178,28.30969 0.17716535 0.27169059,
  28.302225 0.17716535 0.26700052,28.295992 0.17716535 0.26076683,
  28.291302 0.17716535 0.25330216,28.28839 0.17716535 0.24498093] }
 coordIndex [
  8,15,9,-1,14,15,8,-1,7,14,8,-1,13,14,7,-1,6,12,13,-1,6,13,7,-1,5,12,6,-1,4,11,12,-1,
  4,12,5,-1,3,10,11,-1,3,11,4,-1,2,1,10,-1,2,10,3,-1,0,1,2,-1]
  normalPerVertex TRUE
  normal DEF NORM_150 Normal { vector [
  0.084432391 0 -0.99642921,0.10009944 0.0026907057 -0.9949738,
  0.14502274 0.00094587719 -0.98942787,0.33016626 0.00058663307 -0.94392261,
  0.49336962 0.0020726989 -0.86981729,0.59238288 0.00094998396 -0.80565602,
  0.72773545 -0.0034483229 -0.68584928,0.85017603 -0.0082439647 -0.52643401,
  0.95431002 -0.010834102 -0.29862185,0.99340655 -0.024596634 -0.11197513,
  0.22864066 0.0032565117 -0.97350544,0.42490246 0.0034706645 -0.90523248,
  0.60714876 0.0047618697 -0.79457391,0.77731219 0.00014134598 -0.62911505,
  0.9023154 0.0010674932 -0.43107515,0.97491954 -0.0045075843 -0.22251194] }
}
}
DEF SHAPE_151 Shape {
 appearance USE APP_1
 geometry DEF FACE_151 IndexedFaceSet {
  coord DEF COORD_151 Coordinate { point [
  28.522222 0.23482212 0.47244094,28.522222 0.23482242 0.27559065,
  28.492392 0.21034201 0.47244094,28.45836 0.19215115 0.47244094,
  28.421432 0.18094942 0.47244094,28.383029 0.1771673 0.47244094,
  28.383029 0.17716622 0.27559055,28.421432 0.18094942 0.27559055,
  28.45836 0.19215115 0.27559055,28.492392 0.21034201 0.27559055] }
 coordIndex [
  9,1,0,-1,9,0,2,-1,9,2,3,-1,8,3,4,-1,8,9,3,-1,7,4,5,-1,7,8,4,-1,6,7,5,-1]
  normalPerVertex TRUE
  normal DEF NORM_151 Normal { vector [
  0.63438156 -0.77302008 -1.0938437e-06,0.63438587 -0.77301654 -2.1876891e-06,
  0.55556272 -0.83147463 0,0.41279317 -0.91082479 0,
  0.22716372 -0.97385658 0,0.098023927 -0.99518406 2.7355688e-06,
  0.098037807 -0.99518269 5.4696104e-06,0.16280663 -0.986658 1.8310412e-06,
  0.35216156 -0.93593923 0,0.555565 -0.83147311 -5.497591e-07] }
}
}
DEF SHAPE_152 Shape {
 appearance USE APP_1
 geometry DEF FACE_152 IndexedFaceSet {
  coord DEF COORD_152 Coordinate { point [
  28.376834 0.22329084 0.70866142,28.400698 0.20370677 0.70866142,
  28.427924 0.18915406 0.70866142,28.457466 0.18019272 0.70866142,
  28.488189 0.17716655 0.70866142,28.582677 0.17716535 0.70865915,
  28.582677 0.27559055 0.70866054,28.324533 0.27559055 0.70866142] }
 coordIndex [
  4,6,5,-1,3,6,4,-1,2,6,3,-1,1,6,2,-1,0,6,1,-1,7,6,0,-1]
  normalPerVertex TRUE
  normal DEF NORM_152 Normal { vector [
  -3.3690819e-06 -3.5697413e-06 -1,-3.0397537e-06 -4.5493961e-06 -1,
  -2.421927e-06 -5.8470473e-06 -1,-1.4553483e-06 -7.3164412e-06 -1,
  -1.7878117e-05 8.2202444e-06 -1,-2.395434e-05 1.4053476e-05 -1,
  -7.7476751e-06 -3.3433002e-07 -1,-3.4097206e-06 -3.4097939e-06 -1] }
}
}
DEF SHAPE_153 Shape {
 appearance USE APP_1
 geometry DEF FACE_153 IndexedFaceSet {
  coord DEF COORD_153 Coordinate { point [
  28.582677 0.27559055 0.70866054,28.587773 0.27559055 0.70798885,
  28.592522 0.27559055 0.70602155,28.5966 0.27559055 0.7028915,
  28.599728 0.27559055 0.69881224,28.601692 0.27559055 0.69406214,
  28.60236 0.27559055 0.68896528,28.582677 0.17716535 0.70865915,
  28.602361 0.17716535 0.68897583,28.60169 0.17716535 0.69407059,
  28.599724 0.17716535 0.69881826,28.596596 0.17716535 0.70289514,
  28.59252 0.17716535 0.70602323,28.587772 0.17716535 0.70798925] }
 coordIndex [
  0,13,7,-1,1,12,13,-1,1,13,0,-1,2,11,12,-1,2,12,1,-1,3,10,11,-1,3,11,2,-1,4,9,10,-1,
  4,10,3,-1,5,8,9,-1,5,9,4,-1,6,8,5,-1]
  normalPerVertex TRUE
  normal DEF NORM_153 Normal { vector [
  -0.13051525 5.7744165e-06 -0.9914463,-0.30093216 -1.4919401e-06 -0.95364555,
  -0.53753744 -2.2943785e-06 -0.84323988,-0.73755621 -3.0948383e-06 -0.67528574,
  -0.88726178 -3.8947372e-06 -0.46126623,-0.97642102 -9.8088223e-06 -0.21587496,
  -0.9915333 -2.9166926e-05 -0.12985263,-0.13036651 1.3607179e-05 -0.99146587,
  -0.99148251 -8.8076017e-06 -0.13023992,-0.95370154 3.0801681e-06 -0.30075466,
  -0.84336038 2.289848e-06 -0.53734837,-0.67547338 1.4904094e-06 -0.73738437,
  -0.46151879 6.9041054e-07 -0.88713043,-0.21617459 4.5707577e-06 -0.97635472] }
}
}
DEF SHAPE_154 Shape {
 appearance USE APP_1
 geometry DEF FACE_154 IndexedFaceSet {
  coord DEF COORD_154 Coordinate { point [
  28.60236 0.27559055 0.68896528,28.602361 0.17716535 0.68897583,
  28.602364 0.17716535 0.61023622,28.602363 0.23622046 0.61023614,
  28.602362 0.27559055 0.6496063] }
 coordIndex [
  4,1,0,-1,3,2,1,-1,3,1,4,-1]
  normalPerVertex TRUE
  normal DEF NORM_154 Normal { vector [
  -1 -1.5390154e-05 -5.4447048e-05,-1 -1.3143063e-05 -3.6765295e-05,
  -1 -2.3413991e-05 -3.8317769e-05,-1 -1.2279038e-05 -2.9966506e-05,
  -1 -8.0070264e-06 -3.5988971e-05] }
}
}
DEF SHAPE_155 Shape {
 appearance USE APP_1
 geometry DEF FACE_155 IndexedFaceSet {
  coord DEF COORD_155 Coordinate { point [
  28.602363 0.23622046 0.61023614,28.602364 0.17716535 0.61023622,
  28.603759 0.22894244 0.60295819,28.607063 0.2234558 0.59747155,
  28.611959 0.2193184 0.59333414,28.622047 0.21653556 0.59055206,
  28.622047 0.17716535 0.59055219,28.616952 0.17716535 0.59122336,
  28.612205 0.17716535 0.59318933,28.608128 0.17716535 0.59631732,
  28.605 0.17716535 0.60039406,28.603034 0.17716535 0.60514159] }
 coordIndex [
  5,6,7,-1,4,7,8,-1,4,8,9,-1,4,5,7,-1,3,9,10,-1,3,4,9,-1,2,10,11,-1,2,11,1,-1,
  2,3,10,-1,0,2,1,-1]
  normalPerVertex TRUE
  normal DEF NORM_155 Normal { vector [
  -0.98211347 -2.3248618e-05 -0.18829002,-0.98604397 0.0031517794 -0.16645526,
  -0.95330384 0.0023822321 -0.30200351,-0.77209479 0.0025931362 -0.63550209,
  -0.45433925 0.0076772937 -0.89079566,-0.21970426 0.011797378 -0.97549519,
  -0.13061217 -3.1653497e-06 -0.99143354,-0.26224764 0.0090354179 -0.96495831,
  -0.49994813 5.3134038e-05 -0.86605535,-0.68547024 0.00044349933 -0.72810051,
  -0.86385079 8.7716234e-05 -0.50374776,-0.96595669 0.002602691 -0.25869073] }
}
}
DEF SHAPE_156 Shape {
 appearance USE APP_1
 geometry DEF FACE_156 IndexedFaceSet {
  coord DEF COORD_156 Coordinate { point [
  28.818898 0.27559055 0.6496063,28.602362 0.27559055 0.6496063,
  28.602363 0.23622046 0.61023614,28.603759 0.22894244 0.60295819,
  28.607063 0.2234558 0.59747155,28.611959 0.2193184 0.59333414,
  28.622047 0.21653556 0.59055206,28.799213 0.21653556 0.59055206,
  28.818897 0.23622046 0.61023608,28.817501 0.22894241 0.60295817,
  28.814197 0.22345581 0.59747156,28.809301 0.21931842 0.59333417] }
 coordIndex [
  6,4,3,-1,6,5,4,-1,2,6,3,-1,1,6,2,-1,10,11,7,-1,9,10,7,-1,8,9,7,-1,0,7,6,-1,
  0,6,1,-1,0,8,7,-1]
  normalPerVertex TRUE
  normal DEF NORM_156 Normal { vector [
  -1.0959615e-06 0.70710245 -0.70711111,1.7450532e-06 0.70710256 -0.70711101,
  3.024487e-05 0.70710721 -0.70710635,3.5483776e-05 0.70711154 -0.70710202,
  5.9183961e-05 0.70713233 -0.70708123,7.9490289e-05 0.70715431 -0.70705924,
  1.3256221e-06 0.70710256 -0.70711101,-2.9880888e-06 0.70710288 -0.70711068,
  -3.2554117e-05 0.70710722 -0.70710634,-3.2084506e-05 0.70710913 -0.70710443,
  -5.9326238e-05 0.70713251 -0.70708104,-7.9523709e-05 0.70715438 -0.70705917] }
}
}
DEF SHAPE_157 Shape {
 appearance USE APP_1
 geometry DEF FACE_157 IndexedFaceSet {
  coord DEF COORD_157 Coordinate { point [
  28.799213 0.21653556 0.59055206,28.799213 0.17716535 0.59055344,
  28.622047 0.21653556 0.59055206,28.622047 0.17716535 0.59055219] }
 coordIndex [
  1,3,2,-1,0,1,2,-1]
  normalPerVertex TRUE
  normal DEF NORM_157 Normal { vector [
  0 -3.5120838e-05 -1,3.5476447e-06 -1.9156773e-05 -1,
  3.5476447e-06 -1.9156773e-05 -1,7.0952247e-06 -3.1926998e-06 -1] }
}
}
DEF SHAPE_158 Shape {
 appearance USE APP_1
 geometry DEF FACE_158 IndexedFaceSet {
  coord DEF COORD_158 Coordinate { point [
  28.799213 0.21653556 0.59055206,28.799213 0.17716535 0.59055344,
  28.818897 0.23622046 0.61023608,28.817501 0.22894241 0.60295817,
  28.814197 0.22345581 0.59747156,28.809301 0.21931842 0.59333417,
  28.818897 0.17716535 0.61023606,28.818225 0.17716535 0.60514144,
  28.816259 0.17716535 0.60039393,28.813131 0.17716535 0.59631721,
  28.809055 0.17716535 0.59318925,28.804307 0.17716535 0.59122331] }
 coordIndex [
  3,2,6,-1,3,6,7,-1,3,7,8,-1,4,8,9,-1,4,3,8,-1,5,9,10,-1,5,10,11,-1,5,4,9,-1,
  0,11,1,-1,0,5,11,-1]
  normalPerVertex TRUE
  normal DEF NORM_158 Normal { vector [
  0.21962634 0.011787512 -0.97551285,0.13036368 -3.5137243e-05 -0.99146624,
  0.98211137 4.2324886e-06 -0.18830099,0.95328395 0.0023888267 -0.30206623,
  0.77209364 0.002593044 -0.63550349,0.4543355 0.0076774561 -0.89079757,
  0.98602405 0.0031638282 -0.16657301,0.96591761 0.0025958493 -0.25883668,
  0.86384817 8.750945e-05 -0.50375225,0.68546732 0.00044323554 -0.72810326,
  0.49994111 5.3040923e-05 -0.8660594,0.26218858 0.009028208 -0.96497442] }
}
}
DEF SHAPE_159 Shape {
 appearance USE APP_1
 geometry DEF FACE_159 IndexedFaceSet {
  coord DEF COORD_159 Coordinate { point [
  28.818897 0.17716535 0.61023606,28.8189 0.17716535 0.68897638,
  28.818897 0.23622046 0.61023608,28.818898 0.27559055 0.6496063,
  28.818899 0.27559055 0.68897028] }
 coordIndex [
  1,0,2,-1,1,2,3,-1,1,3,4,-1]
  normalPerVertex TRUE
  normal DEF NORM_159 Normal { vector [
  1 4.2577449e-06 -3.8322872e-05,1 8.8672622e-06 -3.2481333e-05,
  1 6.8803792e-06 -3.63559e-05,1 1.117217e-05 -2.9560374e-05,
  1 1.4033971e-05 -2.2405873e-05] }
}
}
DEF SHAPE_160 Shape {
 appearance USE APP_1
 geometry DEF FACE_160 IndexedFaceSet {
  coord DEF COORD_160 Coordinate { point [
  28.838583 0.17716535 0.70866054,28.833488 0.17716535 0.70798926,
  28.82874 0.17716535 0.70602329,28.824664 0.17716535 0.7028953,
  28.821536 0.17716535 0.69881855,28.81957 0.17716535 0.69407102,
  28.8189 0.17716535 0.68897638,28.838583 0.27559055 0.70865991,
  28.818899 0.27559055 0.68897028,28.819568 0.27559055 0.69406623,
  28.821534 0.27559055 0.69881526,28.824662 0.27559055 0.70289342,
  28.828739 0.27559055 0.70602253,28.833488 0.27559055 0.70798916] }
 coordIndex [
  0,13,7,-1,1,13,0,-1,2,12,13,-1,2,13,1,-1,3,11,12,-1,3,12,2,-1,4,10,11,-1,4,11,3,-1,
  5,9,10,-1,5,10,4,-1,6,8,9,-1,6,9,5,-1]
  normalPerVertex TRUE
  normal DEF NORM_160 Normal { vector [
  0.13056738 -3.9026689e-06 -0.99143944,0.25882243 0 -0.96592492,
  0.46149465 1.6340601e-07 -0.88714299,0.67544108 6.7394789e-07 -0.73741396,
  0.84332794 1.184262e-06 -0.53739929,0.95370668 1.6943482e-06 -0.30073836,
  0.99146714 6.1999502e-06 -0.13035682,0.13050253 -7.3181609e-06 -0.99144798,
  0.99146806 5.833541e-06 -0.13034986,0.97639075 1.9586041e-06 -0.21601181,
  0.88720613 -2.2069862e-06 -0.46137326,0.73749335 -1.6964847e-06 -0.6753544,
  0.53748216 -1.1857551e-06 -0.84327512,0.25880311 -2.3518342e-06 -0.96593009] }
}
}
DEF SHAPE_161 Shape {
 appearance USE APP_1
 geometry DEF FACE_161 IndexedFaceSet {
  coord DEF COORD_161 Coordinate { point [
  28.858268 0.20669291 0.22440945,28.858268 0.57086614 0.22440945,
  28.858268 0.57086614 0.46456693,28.858268 0.27559055 0.46456693,
  28.858268 0.27559055 0.6496063,28.858268 0.19685039 0.6496063,
  28.858268 0.19685039 0.59055118,28.858268 0.20669291 0.59055118] }
 coordIndex [
  7,5,4,-1,6,5,7,-1,3,2,1,-1,3,7,4,-1,0,3,1,-1,7,3,0,-1]
  normalPerVertex TRUE
  normal DEF NORM_161 Normal { vector [
  -1 0 0,-1 0 0,
  -1 0 0,-1 0 0,
  -1 0 0,-1 0 0,
  -1 0 0,-1 0 0] }
}
}
DEF SHAPE_162 Shape {
 appearance USE APP_1
 geometry DEF FACE_162 IndexedFaceSet {
  coord DEF COORD_162 Coordinate { point [
  28.858268 0.57086614 0.46456693,28.858268 0.57086614 0.22440945,
  28.681102 0.57086614 0.22440945,28.681102 0.57086614 0.46456693] }
 coordIndex [
  1,3,2,-1,1,0,3,-1]
  normalPerVertex TRUE
  normal DEF NORM_162 Normal { vector [
  0 -1 0,0 -1 0,
  0 -1 0,0 -1 0] }
}
}
DEF SHAPE_163 Shape {
 appearance USE APP_1
 geometry DEF FACE_163 IndexedFaceSet {
  coord DEF COORD_163 Coordinate { point [
  28.681102 0.57086614 0.46456693,28.681102 0.57086614 0.22440945,
  28.42042 0.31018442 0.46456693,28.42042 0.31018464 0.22440945] }
 coordIndex [
  1,2,3,-1,0,2,1,-1]
  normalPerVertex TRUE
  normal DEF NORM_163 Normal { vector [
  0.7071063 -0.70710726 0,0.707106 -0.70710757 -6.5461569e-07,
  0.707106 -0.70710757 -6.5461569e-07,0.7071057 -0.70710787 -1.3092314e-06] }
}
}
DEF SHAPE_164 Shape {
 appearance USE APP_1
 geometry DEF FACE_164 IndexedFaceSet {
  coord DEF COORD_164 Coordinate { point [
  28.858268 0.19685039 0.59055118,28.858268 0.20669291 0.59055118,
  30.19685 0.19685039 0.59055118,30.19685 0.20669291 0.59055118] }
 coordIndex [
  3,0,1,-1,3,2,0,-1]
  normalPerVertex TRUE
  normal DEF NORM_164 Normal { vector [
  0 0 -1,0 0 -1,
  0 0 -1,0 0 -1] }
}
}
DEF SHAPE_165 Shape {
 appearance USE APP_1
 geometry DEF FACE_165 IndexedFaceSet {
  coord DEF COORD_165 Coordinate { point [
  30.19685 0.20669291 0.59055118,30.19685 0.20669291 0.22440945,
  30.19685 0.57086614 0.22440945,30.19685 0.57086614 0.46456693,
  30.19685 0.27559055 0.46456693,30.19685 0.27559055 0.6496063,
  30.19685 0.19685039 0.6496063,30.19685 0.19685039 0.59055118] }
 coordIndex [
  2,4,1,-1,6,7,0,-1,5,6,0,-1,5,0,4,-1,3,4,2,-1,0,1,4,-1]
  normalPerVertex TRUE
  normal DEF NORM_165 Normal { vector [
  1 0 0,1 0 0,
  1 0 0,1 0 0,
  1 0 0,1 0 0,
  1 0 0,1 0 0] }
}
}
DEF SHAPE_166 Shape {
 appearance USE APP_1
 geometry DEF FACE_166 IndexedFaceSet {
  coord DEF COORD_166 Coordinate { point [
  30.137795 0.19685039 0.70866142,30.19685 0.19685039 0.6496063,
  30.19685 0.27559055 0.6496063,30.137795 0.27559055 0.70866142] }
 coordIndex [
  2,3,0,-1,1,2,0,-1]
  normalPerVertex TRUE
  normal DEF NORM_166 Normal { vector [
  0.70710678 0 0.70710678,0.70710678 0 0.70710678,
  0.70710678 0 0.70710678,0.70710678 0 0.70710678] }
}
}
DEF SHAPE_167 Shape {
 appearance USE APP_1
 geometry DEF FACE_167 IndexedFaceSet {
  coord DEF COORD_167 Coordinate { point [
  30.216535 0.27559055 0.70866054,30.221631 0.27559055 0.70798894,
  30.22638 0.27559055 0.70602194,30.230457 0.27559055 0.70289234,
  30.233585 0.27559055 0.69881366,30.23555 0.27559055 0.69406413,
  30.236219 0.27559055 0.68896778,30.23622 0.27559055 0.6496063,
  30.452756 0.27559055 0.6496063,30.452758 0.27559055 0.68897277,
  30.453427 0.27559055 0.69406824,30.455393 0.27559055 0.6988167,
  30.458521 0.27559055 0.7028943,30.462598 0.27559055 0.70602295,
  30.467346 0.27559055 0.70798927,30.472442 0.27559055 0.70865991,
  30.730585 0.27559055 0.70866132,30.787402 0.2755911 0.70866142,
  30.787402 0.27559071 0.47244094,30.492126 0.27559057 0.47244094,
  30.492126 0.27559055 0.46456693,30.19685 0.27559055 0.46456693,
  30.19685 0.27559055 0.6496063,30.137795 0.27559055 0.70866142] }
 coordIndex [
  4,3,2,-1,5,2,1,-1,5,4,2,-1,22,0,23,-1,6,1,0,-1,6,5,1,-1,6,0,22,-1,7,6,22,-1,
  21,7,22,-1,10,12,11,-1,9,13,12,-1,9,14,13,-1,9,15,14,-1,9,12,10,-1,8,15,9,-1,19,8,7,-1,
  19,7,21,-1,16,15,8,-1,16,8,19,-1,20,19,21,-1,18,17,16,-1,18,16,19,-1]
  normalPerVertex TRUE
  normal DEF NORM_167 Normal { vector [
  0 -1 0,0 -1 0,
  0 -1 0,0 0 1,
  0 -1 0,0 -1 0,
  0 -1 0,4.1975806e-08 -1 -5.8051647e-08,
  1.2839351e-08 -1 -1.0748367e-07,0 -1 0,
  0 -1 0,0 0 1,
  0 -1 0,0 -1 0,
  0 -1 0,0 -1 0,
  1.088345e-06 -1 -1.4806503e-07,9.7285184e-06 -1 1.6818804e-06,
  1.9459877e-06 -1 -1.9003609e-07,1.7060229e-07 -1 -2.028111e-07,
  0 -1 2.924885e-06,6.6652304e-08 -1 9.2178198e-08,
  0 -1 0,0 -1 0] }
}
}
DEF SHAPE_168 Shape {
 appearance USE APP_1
 geometry DEF FACE_168 IndexedFaceSet {
  coord DEF COORD_168 Coordinate { point [
  30.672089 0.1771673 0.47244094,30.826772 0.17716681 0.47244094,
  30.984251 0.33464567 0.47244094,30.980302 0.29960326 0.47244094,
  30.968655 0.26631799 0.47244094,30.949894 0.23645897 0.47244094,
  30.924958 0.21152346 0.47244094,30.895099 0.19276186 0.47244094,
  30.861814 0.18111497 0.47244094,30.984252 0.49999988 0.47244116,
  30.885827 0.49999777 0.47244116,30.885827 0.37401473 0.47244097,
  30.885826 0.33464567 0.47244094,30.826772 0.27559129 0.47244094,
  30.839913 0.2770724 0.47244094,30.852394 0.28143961 0.47244094,
  30.863592 0.28847499 0.47244094,30.872942 0.29782572 0.47244094,
  30.879978 0.30902285 0.47244094,30.884345 0.32150482 0.47244094,
  30.787402 0.27559071 0.47244094,30.492126 0.27559057 0.47244094,
  30.532896 0.23482288 0.47244094,30.633686 0.18094942 0.47244094,
  30.596759 0.19215115 0.47244094,30.562726 0.210342 0.47244094] }
 coordIndex [
  11,2,9,-1,11,9,10,-1,12,2,11,-1,19,3,2,-1,19,2,12,-1,18,4,3,-1,18,3,19,-1,17,5,4,-1,
  17,4,18,-1,6,17,16,-1,6,5,17,-1,7,16,15,-1,7,6,16,-1,8,14,13,-1,8,15,14,-1,8,7,15,-1,
  1,13,20,-1,1,8,13,-1,0,1,20,-1,23,0,20,-1,24,23,20,-1,25,24,20,-1,22,25,20,-1,21,22,20,-1]
  normalPerVertex TRUE
  normal DEF NORM_168 Normal { vector [
  0 0 1,0 0 1,
  -1.8697839e-07 -9.4100292e-07 1,0 0 1,
  0 0 1,0 0 1,
  0 0 1,0 0 1,
  0 0 1,-1.6208325e-07 -1.3967622e-06 1,
  0 -1.5238052e-06 1,-1.4278794e-07 -1.3001261e-06 1,
  0 -4.386049e-07 1,0 0 1,
  0 0 1,0 0 1,
  0 0 1,0 0 1,
  0 0 1,0 0 1,
  0 0 1,0 0 1,
  0 0 1,0 0 1,
  0 0 1,0 0 1] }
}
}
DEF SHAPE_169 Shape {
 appearance USE APP_1
 geometry DEF FACE_169 IndexedFaceSet {
  coord DEF COORD_169 Coordinate { point [
  30.826772 0.27559129 0.47244094,30.787402 0.27559071 0.47244094,
  30.826772 0.27559146 0.17716552,30.787402 0.2755907 0.17716543] }
 coordIndex [
  1,0,2,-1,1,2,3,-1]
  normalPerVertex TRUE
  normal DEF NORM_169 Normal { vector [
  -1.4871804e-05 1 5.7791158e-07,-1.7068017e-05 1 2.8508935e-07,
  -1.7068017e-05 1 2.8508935e-07,-1.9264223e-05 1 0] }
}
}
DEF SHAPE_170 Shape {
 appearance USE APP_1
 geometry DEF FACE_170 IndexedFaceSet {
  coord DEF COORD_170 Coordinate { point [
  30.787402 0.27559071 0.47244094,30.787402 0.2755911 0.70866142,
  30.787402 0.2755907 0.17716543,30.787402 0.27559077 0.11811024,
  30.809303 0.27805859 0.11811024,30.830107 0.28533786 0.11811024,
  30.848769 0.2970639 0.11811024,30.864354 0.31264867 0.11811024,
  30.87608 0.33131069 0.11811024,30.883359 0.35211412 0.11811024,
  30.885826 0.37401575 0.11811024,30.885827 0.37401473 0.17716556,
  30.885827 0.37401473 0.47244097,30.885827 0.37401552 0.70866142,
  30.883359 0.35211391 0.70866142,30.876079 0.33131051 0.70866142,
  30.864353 0.31264852 0.70866142,30.848769 0.29706378 0.70866142,
  30.830107 0.28533779 0.70866142,30.809303 0.27805856 0.70866142] }
 coordIndex [
  14,12,13,-1,9,10,11,-1,9,11,12,-1,9,12,14,-1,8,14,15,-1,8,9,14,-1,7,15,16,-1,7,8,15,-1,
  6,16,17,-1,6,7,16,-1,5,17,18,-1,5,6,17,-1,0,19,1,-1,4,18,19,-1,4,5,18,-1,4,19,0,-1,
  2,4,0,-1,3,4,2,-1]
  normalPerVertex TRUE
  normal DEF NORM_170 Normal { vector [
  0.1119702 -0.99371156 4.1285643e-07,0.11195253 -0.99371356 2.0745703e-06,
  0.11197392 -0.99371115 -3.9137589e-07,0.11196915 -0.99371168 -2.1843487e-06,
  0.23470969 -0.97206551 -7.4422721e-08,0.46738818 -0.8840522 -1.1343381e-08,
  0.65239271 -0.75788109 -1.2147744e-08,0.80468248 -0.59370541 -1.2952108e-08,
  0.91662077 -0.39975788 -1.3756466e-08,0.98038166 -0.1971086 -1.6364867e-07,
  0.99371262 -0.11196081 -5.0423899e-06,0.99371132 -0.11197236 -7.0491975e-07,
  0.99371129 -0.11197265 1.281541e-07,0.99371159 -0.11196994 3.0287361e-07,
  0.97031156 -0.24185839 4.7282778e-08,0.88405195 -0.46738865 1.2147699e-08,
  0.75788077 -0.65239308 1.1343341e-08,0.59370505 -0.80468274 1.0538985e-08,
  0.39975751 -0.91662093 0,0.20417714 -0.97893396 3.4789553e-07] }
}
}
DEF SHAPE_171 Shape {
 appearance USE APP_1
 geometry DEF FACE_171 IndexedFaceSet {
  coord DEF COORD_171 Coordinate { point [
  30.885827 0.37401473 0.47244097,30.885827 0.37401473 0.17716556,
  30.885826 0.33464567 0.47244094,30.885826 0.33464566 0.17716533] }
 coordIndex [
  1,2,0,-1,3,2,1,-1]
  normalPerVertex TRUE
  normal DEF NORM_171 Normal { vector [
  -1 2.5358456e-05 -1.6365344e-07,-1 1.9712162e-05 -9.164737e-07,
  -1 1.9712162e-05 -9.164737e-07,-1 1.4065872e-05 -1.6692934e-06] }
}
}
DEF SHAPE_172 Shape {
 appearance USE APP_1
 geometry DEF FACE_172 IndexedFaceSet {
  coord DEF COORD_172 Coordinate { point [
  30.826772 0.27559146 0.17716552,30.839913 0.2770724 0.17716535,
  30.852394 0.28143961 0.17716535,30.863592 0.28847499 0.17716535,
  30.872942 0.29782572 0.17716535,30.879978 0.30902284 0.17716535,
  30.884345 0.32150482 0.17716535,30.885826 0.33464566 0.17716533,
  30.885826 0.33464567 0.47244094,30.826772 0.27559129 0.47244094,
  30.839913 0.2770724 0.47244094,30.852394 0.28143961 0.47244094,
  30.863592 0.28847499 0.47244094,30.872942 0.29782572 0.47244094,
  30.879978 0.30902285 0.47244094,30.884345 0.32150482 0.47244094] }
 coordIndex [
  10,1,0,-1,10,0,9,-1,11,2,1,-1,11,1,10,-1,12,3,2,-1,12,4,3,-1,12,2,11,-1,13,5,4,-1,
  13,4,12,-1,14,6,5,-1,14,5,13,-1,15,7,6,-1,15,6,14,-1,8,7,15,-1]
  normalPerVertex TRUE
  normal DEF NORM_172 Normal { vector [
  -0.11199506 0.99370876 2.8718017e-07,-0.25894204 0.96589286 0,
  -0.46737449 0.88405944 0,-0.62348383 0.78183625 0,
  -0.75788364 0.65238975 0,-0.88405943 0.46737449 0,
  -0.96589176 0.25894616 0,-0.99371009 0.11198326 -8.2954884e-07,
  -0.99371217 0.11196484 -1.6599777e-06,-0.11200142 0.99370805 5.7367066e-07,
  -0.18578381 0.98259065 1.9229783e-07,-0.39974024 0.91662846 0,
  -0.62348382 0.78183625 0,-0.80468703 0.59369924 0,
  -0.91662846 0.39974024 0,-0.98259211 0.18577606 -5.5643388e-07] }
}
}
DEF SHAPE_173 Shape {
 appearance USE APP_1
 geometry DEF FACE_173 IndexedFaceSet {
  coord DEF COORD_173 Coordinate { point [
  30.826772 0.27559146 0.17716552,30.839913 0.2770724 0.17716535,
  30.852394 0.28143961 0.17716535,30.863592 0.28847499 0.17716535,
  30.872942 0.29782572 0.17716535,30.879978 0.30902284 0.17716535,
  30.884345 0.32150482 0.17716535,30.885826 0.33464566 0.17716533,
  30.826772 0.21653701 0.11810958,30.944881 0.33464576 0.1181101,
  30.94192 0.30836379 0.11811032,30.933185 0.28339963 0.11811084,
  30.919114 0.26100517 0.11811111,30.900412 0.24230347 0.11811111,
  30.878018 0.22823238 0.11811084,30.853054 0.21949755 0.11811032,
  30.908611 0.30074672 0.14763845,30.889409 0.27200849 0.14763876,
  30.860671 0.25280655 0.14763845] }
 coordIndex [
  16,4,5,-1,16,5,6,-1,16,6,7,-1,16,9,10,-1,16,10,11,-1,16,11,12,-1,16,7,9,-1,17,3,4,-1,
  17,12,13,-1,17,4,16,-1,17,16,12,-1,18,0,1,-1,18,1,2,-1,18,2,3,-1,18,8,0,-1,18,13,14,-1,
  18,14,15,-1,18,15,8,-1,18,17,13,-1,18,3,17,-1]
  normalPerVertex TRUE
  normal DEF NORM_173 Normal { vector [
  -0.13065562 0.70670561 -0.69533897,-0.1607136 0.70412418 -0.6916504,
  -0.30750732 0.63858297 -0.70544386,-0.41995999 0.58161072 -0.69667968,
  -0.58161091 0.41995973 -0.69667968,-0.63858301 0.30750734 -0.70544382,
  -0.70412415 0.16071335 -0.69165049,-0.70669828 0.130665 -0.69534467,
  -0.12099139 0.6922808 -0.71141295,-0.69227498 0.12100915 -0.71141559,
  -0.67493474 0.15403276 -0.7216211,-0.63558763 0.30606005 -0.70877049,
  -0.56173391 0.41806814 -0.71391459,-0.41806858 0.56173358 -0.71391459,
  -0.30606056 0.63558739 -0.70877049,-0.15401555 0.67493423 -0.72162524,
  -0.65508323 0.25159225 -0.71243757,-0.49762021 0.49761985 -0.71045662,
  -0.25158614 0.6550859 -0.71243728] }
}
}
DEF SHAPE_174 Shape {
 appearance USE APP_1
 geometry DEF FACE_174 IndexedFaceSet {
  coord DEF COORD_174 Coordinate { point [
  30.570862 1.0283913 0.1181106,30.588764 1.0430842 0.11811204,
  30.609189 1.0540017 0.11811259,30.631352 1.0607225 0.11811203,
  30.6544 1.0629896 0.11811013,30.826776 1.0629912 0.11811071,
  30.857343 1.0589667 0.11811193,30.885828 1.0471681 0.11811246,
  30.910288 1.0283993 0.11811264,30.929057 1.0039393 0.11811246,
  30.940856 0.97545502 0.11811193,30.944881 0.94488749 0.11811064,
  30.944881 0.33464576 0.1181101,30.94192 0.30836379 0.11811032,
  30.933185 0.28339963 0.11811084,30.919114 0.26100517 0.11811111,
  30.900412 0.24230347 0.11811111,30.878018 0.22823238 0.11811084,
  30.853054 0.21949755 0.11811032,30.826772 0.21653701 0.11810958,
  30.826772 0.17716681 0.11811024,30.861814 0.18111497 0.11811024,
  30.895099 0.19276186 0.11811024,30.924958 0.21152346 0.11811024,
  30.949894 0.23645897 0.11811024,30.968655 0.26631799 0.11811024,
  30.980302 0.29960325 0.11811024,30.984251 0.33464567 0.11811024,
  30.984251 0.94488189 0.11811024,30.980302 0.9799243 0.11811024,
  30.968655 1.0132096 0.11811024,30.949894 1.0430686 0.11811024,
  30.924958 1.0680041 0.11811024,30.895099 1.0867657 0.11811024,
  30.861814 1.0984126 0.11811024,30.826772 1.1023612 0.11811024,
  30.654378 1.1023614 0.11811027,30.623656 1.0993341 0.11811031,
  30.594116 1.0903725 0.11811031,30.566891 1.07582 0.11811032,
  30.543028 1.0562358 0.11811032,30.483443 0.99665329 0.11811096,
  30.511281 0.96881315 0.11811067] }
 coordIndex [
  18,20,19,-1,18,21,20,-1,17,22,21,-1,17,21,18,-1,16,23,22,-1,16,22,17,-1,24,16,15,-1,24,23,16,-1,
  25,15,14,-1,25,24,15,-1,26,14,13,-1,26,25,14,-1,27,13,12,-1,27,26,13,-1,0,42,41,-1,40,0,41,-1,
  1,0,40,-1,39,1,40,-1,38,2,1,-1,38,1,39,-1,37,3,2,-1,37,2,38,-1,36,4,3,-1,36,3,37,-1,
  28,12,11,-1,28,27,12,-1,35,5,4,-1,35,4,36,-1,29,28,11,-1,29,11,10,-1,34,6,5,-1,34,5,35,-1,
  30,10,9,-1,30,29,10,-1,33,7,6,-1,33,6,34,-1,31,9,8,-1,31,30,9,-1,32,8,7,-1,32,7,33,-1,
  32,31,8,-1]
  normalPerVertex TRUE
  normal DEF NORM_174 Normal { vector [
  3.2162902e-06 2.0591316e-06 -1,3.4872152e-05 -2.1595716e-05 -1,
  1.8302692e-05 -4.9006718e-05 -1,-2.6989239e-05 -3.0607548e-05 -1,
  -3.6908381e-06 -3.6733214e-06 -1,6.6009751e-06 -1.6374415e-05 -1,
  4.2590855e-06 -4.7483338e-05 -1,-2.2122126e-05 -5.0999081e-05 -1,
  -4.1408944e-05 -4.1409733e-05 -1,-5.0998783e-05 -2.2123189e-05 -1,
  -4.7567166e-05 4.9968231e-06 -1,-1.1866277e-05 2.3874511e-06 -1,
  -3.2619417e-06 2.422709e-07 -1,-1.8457694e-06 -8.0723674e-06 -1,
  -1.3058516e-05 -3.7480642e-06 -1,-1.7526828e-05 9.2124007e-06 -1,
  -1.1082562e-05 1.7021416e-05 -1,3.7480301e-06 1.3058529e-05 -1,
  1.4492231e-05 -2.1401444e-06 -1,3.018525e-05 -1.6650282e-05 -1,
  1.2791951e-05 -5.8512711e-06 -1,3.0811397e-06 7.9145919e-06 -1,
  -5.938556e-06 1.6955015e-05 -1,-1.3807116e-05 1.7313606e-05 -1,
  -1.6889322e-05 1.4339141e-05 -1,-1.6955003e-05 5.9385349e-06 -1,
  -7.9145568e-06 -3.0811593e-06 -1,3.0712634e-06 -3.3062687e-07 -1,
  -3.593551e-06 3.9250606e-07 -1,-3.2234999e-05 5.7635199e-06 -1,
  -4.8185142e-05 -1.6849428e-05 -1,-4.7407225e-05 -3.5257119e-05 -1,
  -3.5256532e-05 -4.7407318e-05 -1,-1.6848651e-05 -4.8184569e-05 -1,
  4.9211324e-06 -3.2727155e-05 -1,1.3099177e-06 -4.858804e-06 -1,
  -8.1414571e-06 -2.940048e-06 -1,4.1664012e-06 -4.906163e-05 -1,
  2.7183691e-05 -4.5894737e-05 -1,2.4137301e-05 -3.644618e-05 -1,
  1.4090415e-05 -7.4532074e-06 -1,-2.986731e-06 -2.928479e-06 -1,
  -5.672713e-06 4.4697583e-06 -1] }
}
}
DEF SHAPE_175 Shape {
 appearance USE APP_1
 geometry DEF FACE_175 IndexedFaceSet {
  coord DEF COORD_175 Coordinate { point [
  30.826772 0.17716681 0.11811024,30.813631 0.17716535 0.11959209,
  30.801149 0.17716535 0.12395929,30.789952 0.17716535 0.13099467,
  30.780601 0.17716535 0.1403454,30.773566 0.17716535 0.15154253,
  30.769198 0.17716535 0.16402451,30.767718 0.17716535 0.17716535,
  30.767717 0.27559057 0.17716537,30.826772 0.21653701 0.11810958,
  30.816645 0.21741123 0.11898607,30.805686 0.22042888 0.12200369,
  30.793998 0.2264647 0.1280395,30.783027 0.2359192 0.137494,
  30.773982 0.24912106 0.15069586,30.769358 0.26177831 0.16335311] }
 coordIndex [
  1,9,0,-1,10,1,2,-1,10,9,1,-1,11,2,3,-1,11,10,2,-1,12,3,4,-1,12,11,3,-1,13,4,5,-1,
  13,12,4,-1,14,5,6,-1,14,13,5,-1,15,6,7,-1,15,14,6,-1,8,15,7,-1]
  normalPerVertex TRUE
  normal DEF NORM_175 Normal { vector [
  -0.11205672 -1.6545281e-05 -0.99370181,-0.18548674 0.0014420122 -0.98264571,
  -0.38576842 0.0049336475 -0.92258246,-0.57293323 0.0053639711 -0.81958449,
  -0.74095845 0.0038998046 -0.67153955,-0.87628844 0.0022389669 -0.48178165,
  -0.96553601 0.00047007694 -0.26026907,-0.99333745 0.00043881562 -0.11524109,
  -0.99302333 -4.2564762e-06 -0.11791803,-0.10098191 -0.0037573298 -0.99488117,
  -0.24118526 -0.0039039796 -0.97047124,-0.43330718 -0.0044859694 -0.90123513,
  -0.61787064 -0.003755186 -0.7862708,-0.78500916 -0.0012185708 -0.61948295,
  -0.90707586 -0.00054254951 -0.42096686,-0.98215287 4.9233508e-07 -0.18808442] }
}
}
DEF SHAPE_176 Shape {
 appearance USE APP_1
 geometry DEF FACE_176 IndexedFaceSet {
  coord DEF COORD_176 Coordinate { point [
  30.767717 0.27559058 0.33464572,30.767717 0.27559057 0.17716537,
  30.767716 0.17716536 0.23622048,30.767718 0.17716535 0.17716535] }
 coordIndex [
  2,0,1,-1,3,2,1,-1]
  normalPerVertex TRUE
  normal DEF NORM_176 Normal { vector [
  -1 1.2959149e-05 -5.1361497e-06,-1 8.2508664e-06 -1.2983288e-05,
  -1 8.2508664e-06 -1.2983288e-05,-1 -4.3045541e-06 -3.3908993e-05] }
}
}
DEF SHAPE_177 Shape {
 appearance USE APP_1
 geometry DEF FACE_177 IndexedFaceSet {
  coord DEF COORD_177 Coordinate { point [
  30.767717 0.27559058 0.33464572,30.718219 0.27559071 0.33464579,
  30.767717 0.27559057 0.17716537,30.787402 0.2755907 0.17716543,
  30.787402 0.27559077 0.11811024,30.718504 0.27558961 0.11811024,
  30.71837 0.27558945 0.22440945] }
 coordIndex [
  6,0,1,-1,5,2,6,-1,4,3,2,-1,4,2,5,-1,0,6,2,-1]
  normalPerVertex TRUE
  normal DEF NORM_177 Normal { vector [
  1.2186429e-05 -1 4.7624261e-06,-2.7278768e-06 -1 1.1438663e-05,
  1.993557e-05 -1 3.9544086e-08,7.0389663e-06 -1 -1.0462806e-06,
  1.4630437e-05 -1 1.4841231e-06,1.9272954e-05 -1 1.4578017e-07,
  1.4741938e-05 -1 2.9984714e-06] }
}
}
DEF SHAPE_178 Shape {
 appearance USE APP_1
 geometry DEF FACE_178 IndexedFaceSet {
  coord DEF COORD_178 Coordinate { point [
  30.767717 0.27559058 0.33464572,30.767716 0.17716536 0.23622048,
  30.728346 0.21653551 0.27558969,30.734953 0.21597521 0.27503045,
  30.741362 0.21432047 0.27337556,30.747518 0.21155126 0.27060638,
  30.751689 0.20886815 0.26792326,30.755483 0.20568807 0.26474319,
  30.762222 0.19722363 0.25627874,30.766256 0.18777643 0.24683155,
  30.672089 0.21653656 0.27559048,30.672089 0.27559105 0.33464535,
  30.718219 0.27559071 0.33464579] }
 coordIndex [
  12,3,2,-1,12,2,10,-1,12,10,11,-1,0,4,3,-1,0,5,4,-1,0,6,5,-1,0,7,6,-1,0,3,12,-1,
  0,1,9,-1,0,9,8,-1,0,8,7,-1]
  normalPerVertex TRUE
  normal DEF NORM_178 Normal { vector [
  -2.1321455e-07 0.70710661 -0.70710695,5.6146369e-06 0.70710685 -0.70710672,
  1.500639e-05 0.70711344 -0.70710013,1.0900504e-05 0.70710809 -0.70710547,
  -5.7832283e-06 0.70710834 -0.70710522,1.6473458e-06 0.70710665 -0.70710691,
  0 0.70710693 -0.70710663,3.3908221e-07 0.70710688 -0.70710668,
  2.5172871e-07 0.70710689 -0.70710667,1.7868879e-06 0.70710688 -0.70710668,
  7.1972605e-06 0.70711089 -0.70710267,1.199328e-05 0.70710902 -0.70710454,
  9.720232e-06 0.70710979 -0.70710377] }
}
}
DEF SHAPE_179 Shape {
 appearance USE APP_1
 geometry DEF FACE_179 IndexedFaceSet {
  coord DEF COORD_179 Coordinate { point [
  30.718219 0.27559071 0.33464579,30.672089 0.27559105 0.33464535,
  30.672088 0.275591 0.46456693,30.718215 0.27559081 0.46456693] }
 coordIndex [
  3,0,1,-1,2,3,1,-1]
  normalPerVertex TRUE
  normal DEF NORM_179 Normal { vector [
  7.3433921e-06 1 -7.372843e-07,5.7104733e-06 1 -1.5755489e-07,
  4.077457e-06 1 4.2220917e-07,5.7104733e-06 1 -1.5755489e-07] }
}
}
DEF SHAPE_180 Shape {
 appearance USE APP_1
 geometry DEF FACE_180 IndexedFaceSet {
  coord DEF COORD_180 Coordinate { point [
  30.718215 0.27559081 0.46456693,30.695173 0.27786003 0.46456693,
  30.673016 0.284581 0.46456693,30.652596 0.29549571 0.46456693,
  30.634698 0.31018451 0.46456693,30.634698 0.31018442 0.22440945,
  30.652628 0.29547411 0.22440945,30.673088 0.28455126 0.22440945,
  30.695287 0.27783733 0.22440945,30.71837 0.27558945 0.22440945,
  30.718219 0.27559071 0.33464579] }
 coordIndex [
  10,0,1,-1,8,9,10,-1,8,10,1,-1,7,1,2,-1,7,8,1,-1,6,2,3,-1,6,7,2,-1,5,3,4,-1,
  5,6,3,-1]
  normalPerVertex TRUE
  normal DEF NORM_180 Normal { vector [
  -0.098006422 -0.99518578 -2.0446495e-06,-0.20739891 -0.97825645 8.6215225e-06,
  -0.41267493 -0.91087837 5.2654893e-06,-0.58254425 -0.81279899 1.5734752e-07,
  -0.63440134 -0.77300384 5.2117563e-07,-0.63433558 -0.77305781 -7.6803427e-06,
  -0.52783655 -0.84934597 -1.0631131e-05,-0.35178065 -0.93608246 -1.592998e-05,
  -0.17651237 -0.98429842 -2.3004137e-05,-0.096922107 -0.99529196 -0.00012212296,
  -0.097618843 -0.99522388 -4.9425882e-06] }
}
}
DEF SHAPE_181 Shape {
 appearance USE APP_1
 geometry DEF FACE_181 IndexedFaceSet {
  coord DEF COORD_181 Coordinate { point [
  30.374016 0.57086614 0.22440945,30.634698 0.31018442 0.22440945,
  30.374016 0.57086614 0.46456693,30.634698 0.31018451 0.46456693] }
 coordIndex [
  1,2,0,-1,1,3,2,-1]
  normalPerVertex TRUE
  normal DEF NORM_181 Normal { vector [
  -0.7071063 -0.70710726 0,-0.70710618 -0.70710738 2.6184958e-07,
  -0.70710618 -0.70710738 2.6184958e-07,-0.70710606 -0.7071075 5.2369916e-07] }
}
}
DEF SHAPE_182 Shape {
 appearance USE APP_1
 geometry DEF FACE_182 IndexedFaceSet {
  coord DEF COORD_182 Coordinate { point [
  30.19685 0.57086614 0.46456693,30.19685 0.57086614 0.22440945,
  30.374016 0.57086614 0.46456693,30.374016 0.57086614 0.22440945] }
 coordIndex [
  3,0,1,-1,3,2,0,-1]
  normalPerVertex TRUE
  normal DEF NORM_182 Normal { vector [
  0 -1 0,0 -1 0,
  0 -1 0,0 -1 0] }
}
}
DEF SHAPE_183 Shape {
 appearance USE APP_1
 geometry DEF FACE_183 IndexedFaceSet {
  coord DEF COORD_183 Coordinate { point [
  30.602491 0.3044203 0.46456693,30.617406 0.2921791 0.46456693,
  30.634422 0.28308316 0.46456693,30.652886 0.27748211 0.46456693,
  30.672088 0.275591 0.46456693,30.718215 0.27559081 0.46456693,
  30.695173 0.27786003 0.46456693,30.673016 0.284581 0.46456693,
  30.652596 0.29549571 0.46456693,30.634698 0.31018451 0.46456693,
  30.374016 0.57086614 0.46456693,30.19685 0.57086614 0.46456693,
  30.19685 0.27559055 0.46456693,30.492126 0.27559055 0.46456693,
  30.383199 0.38451735 0.46456693,30.452796 0.45411449 0.46456693] }
 coordIndex [
  4,6,5,-1,4,7,6,-1,3,8,7,-1,3,7,4,-1,2,9,8,-1,2,8,3,-1,1,9,2,-1,0,9,1,-1,
  15,9,0,-1,14,11,10,-1,14,10,15,-1,12,14,13,-1,12,11,14,-1,9,15,10,-1]
  normalPerVertex TRUE
  normal DEF NORM_183 Normal { vector [
  0 1.1704264e-08 -1,0 0 -1,
  0 0 -1,0 0 -1,
  0 0 -1,0 0 -1,
  0 0 -1,0 0 -1,
  0 0 -1,-3.5078797e-08 -3.0079854e-08 -1,
  0 0 -1,0 0 -1,
  0 0 -1,0 0 -1,
  0 0 -1,0 -1.6829904e-08 -1] }
}
}
DEF SHAPE_184 Shape {
 appearance USE APP_1
 geometry DEF FACE_184 IndexedFaceSet {
  coord DEF COORD_184 Coordinate { point [
  30.404031 0.36368565 0.27559127,30.394739 0.37297763 0.2770724,
  30.385913 0.38180372 0.28143961,30.377995 0.38972128 0.28847499,
  30.371383 0.39633325 0.29782572,30.366409 0.40130801 0.30902285,
  30.36332 0.40439609 0.32150482,30.362274 0.40544262 0.33464567,
  30.362273 0.40544334 0.41338583,30.363188 0.40452824 0.42567902,
  30.365892 0.40182427 0.43743367,30.370267 0.39744918 0.44813469,
  30.376122 0.39159469 0.45731318,30.383199 0.38451735 0.46456693,
  30.492126 0.27559055 0.46456693,30.492126 0.27559057 0.47244094,
  30.532896 0.23482288 0.47244094,30.532896 0.23482212 0.27559055] }
 coordIndex [
  13,12,11,-1,10,13,11,-1,9,13,10,-1,8,13,9,-1,14,13,8,-1,1,3,2,-1,1,4,3,-1,1,5,4,-1,
  1,6,5,-1,1,7,6,-1,16,15,14,-1,0,8,7,-1,0,14,8,-1,0,7,1,-1,17,16,14,-1,17,14,0,-1]
  normalPerVertex TRUE
  normal DEF NORM_184 Normal { vector [
  -0.70710508 -0.70710848 -1.5813585e-06,-0.70710678 -0.70710678 0,
  -0.70710678 -0.70710678 0,-0.70710678 -0.70710678 0,
  -0.70710678 -0.70710678 0,-0.70710678 -0.70710678 0,
  -0.70710678 -0.70710678 0,-0.70710677 -0.70710679 0,
  -0.70710678 -0.70710678 0,-0.70710679 -0.70710678 -3.1025616e-08,
  -0.70710668 -0.70710688 -1.3657362e-07,-0.70710668 -0.70710688 -1.3660413e-07,
  -0.70710668 -0.70710688 -1.3665844e-07,-0.70710678 -0.70710678 -2.5577019e-08,
  -0.70710203 -0.70711153 -5.4091992e-07,-0.70708309 -0.70713047 2.0682753e-06,
  -0.70708341 -0.70713015 5.3657104e-06,-0.70709846 -0.7071151 -9.9295594e-07] }
}
}
DEF SHAPE_185 Shape {
 appearance USE APP_1
 geometry DEF FACE_185 IndexedFaceSet {
  coord DEF COORD_185 Coordinate { point [
  30.672089 0.1771673 0.47244094,30.672089 0.17716665 0.27559041,
  30.633686 0.18094942 0.47244094,30.596759 0.19215115 0.47244094,
  30.562726 0.210342 0.47244094,30.532896 0.23482288 0.47244094,
  30.532896 0.23482212 0.27559055,30.562726 0.21034201 0.27559055,
  30.596759 0.19215115 0.27559055,30.633686 0.18094942 0.27559055] }
 coordIndex [
  5,6,7,-1,4,7,8,-1,4,5,7,-1,3,8,9,-1,3,4,8,-1,2,9,1,-1,2,3,9,-1,0,2,1,-1]
  normalPerVertex TRUE
  normal DEF NORM_185 Normal { vector [
  -0.098010024 -0.99518543 3.2834437e-06,-0.098018361 -0.99518461 1.641151e-06,
  -0.16280294 -0.9866586 1.0991845e-06,-0.35216154 -0.93593923 0,
  -0.52799159 -0.8492496 0,-0.63438802 -0.77301478 2.734615e-06,
  -0.63437724 -0.77302362 5.4673233e-06,-0.5825509 -0.81279422 1.8302757e-06,
  -0.41279315 -0.9108248 0,-0.22716905 -0.97385534 0] }
}
}
DEF SHAPE_186 Shape {
 appearance USE APP_1
 geometry DEF FACE_186 IndexedFaceSet {
  coord DEF COORD_186 Coordinate { point [
  30.826772 0.17716681 0.11811024,30.813631 0.17716535 0.11959209,
  30.801149 0.17716535 0.12395929,30.789952 0.17716535 0.13099467,
  30.780601 0.17716535 0.1403454,30.773566 0.17716535 0.15154253,
  30.769198 0.17716535 0.16402451,30.767718 0.17716535 0.17716535,
  30.767716 0.17716536 0.23622048,30.766728 0.17716535 0.24498092,
  30.763817 0.17716535 0.25330216,30.759127 0.17716535 0.26076683,
  30.752893 0.17716535 0.26700053,30.745428 0.17716535 0.27169059,
  30.737107 0.17716535 0.27460178,30.728346 0.17716535 0.27558809,
  30.672089 0.17716665 0.27559041,30.672089 0.1771673 0.47244094,
  30.826772 0.17716681 0.47244094] }
 coordIndex [
  1,3,2,-1,6,4,3,-1,6,5,4,-1,6,3,1,-1,7,1,0,-1,7,6,1,-1,8,7,0,-1,9,8,0,-1,
  17,15,14,-1,17,16,15,-1,18,10,9,-1,18,11,10,-1,18,12,11,-1,18,13,12,-1,18,14,13,-1,18,17,14,-1,
  18,9,0,-1]
  normalPerVertex TRUE
  normal DEF NORM_186 Normal { vector [
  2.7011535e-05 -1 2.641425e-06,4.6802201e-05 -1 3.7323421e-05,
  0 -1 0,0 -1 0,
  0 -1 0,0 -1 0,
  0 -1 0,3.6201601e-05 -1 1.4268125e-05,
  2.5358338e-05 -1 3.7019277e-07,2.3666244e-05 -1 2.4304961e-07,
  8.641852e-06 -1 4.1612433e-06,6.1576256e-06 -1 4.910401e-06,
  4.3919623e-06 -1 5.5075101e-06,2.9220935e-06 -1 6.0684572e-06,
  -2.6678815e-06 -1 8.7337409e-06,-1.990988e-05 -1 4.2056877e-06,
  -2.3084043e-05 -1 3.2985665e-06,-8.0991405e-06 -1 7.4499203e-06,
  7.6860126e-06 -1 5.2018467e-06] }
}
}
DEF SHAPE_187 Shape {
 appearance USE APP_1
 geometry DEF FACE_187 IndexedFaceSet {
  coord DEF COORD_187 Coordinate { point [
  30.984251 0.33464567 0.47244094,30.980302 0.29960326 0.47244094,
  30.968655 0.26631799 0.47244094,30.949894 0.23645897 0.47244094,
  30.924958 0.21152346 0.47244094,30.895099 0.19276186 0.47244094,
  30.861814 0.18111497 0.47244094,30.826772 0.17716681 0.47244094,
  30.826772 0.17716681 0.11811024,30.861814 0.18111497 0.11811024,
  30.895099 0.19276186 0.11811024,30.924958 0.21152346 0.11811024,
  30.949894 0.23645897 0.11811024,30.968655 0.26631799 0.11811024,
  30.980302 0.29960325 0.11811024,30.984251 0.33464567 0.11811024] }
 coordIndex [
  15,0,1,-1,14,1,2,-1,14,15,1,-1,13,2,3,-1,13,14,2,-1,12,3,4,-1,12,13,3,-1,11,4,5,-1,
  11,12,4,-1,10,5,6,-1,10,11,5,-1,9,10,6,-1,8,6,7,-1,8,9,6,-1]
  normalPerVertex TRUE
  normal DEF NORM_187 Normal { vector [
  0.99371277 -0.11195952 0,0.98259333 -0.18576961 0,
  0.91661938 -0.39976108 0,0.80468162 -0.59370657 0,
  0.65239318 -0.75788069 0,0.46739054 -0.88405095 0,
  0.22251691 -0.97492883 0,0.11195955 -0.99371276 0,
  0.11195955 -0.99371276 0,0.22251691 -0.97492883 0,
  0.39976109 -0.91661937 0,0.59370658 -0.80468161 0,
  0.7578807 -0.65239317 0,0.88405096 -0.46739053 0,
  0.96589056 -0.25895063 0,0.99371277 -0.11195954 0] }
}
}
DEF SHAPE_188 Shape {
 appearance USE APP_1
 geometry DEF FACE_188 IndexedFaceSet {
  coord DEF COORD_188 Coordinate { point [
  30.984252 0.5984244 0.68897592,30.984252 0.59842476 0.57086614,
  30.984252 0.49999988 0.47244116,30.984252 0.52190157 0.47490891,
  30.984252 0.54270506 0.48218814,30.984252 0.56136713 0.49391415,
  30.984252 0.57695195 0.50949894,30.984252 0.58867801 0.52816098,
  30.984252 0.59595729 0.54896445,30.984251 0.33464567 0.47244094,
  30.984251 0.33464567 0.11811024,30.984251 0.94488189 0.11811024,
  30.984251 0.94488189 2.0866142,30.984252 0.91732272 2.0866146,
  30.984252 0.59842531 2.0866146,30.984251 0.59448819 2.0866142,
  30.984251 0.59448819 1.515748,30.984252 0.6496063 1.5157476,
  30.984252 0.76771633 1.3976378,30.984252 0.76475502 1.4239198,
  30.984252 0.75601984 1.4488839,30.984252 0.74194858 1.4712783,
  30.984252 0.72324683 1.4899801,30.984252 0.70085241 1.5040513,
  30.984252 0.67588829 1.5127865,30.984252 0.76771607 1.0826772,
  30.984252 0.6496063 0.96456711,30.984252 0.67588828 0.96752845,
  30.984252 0.70085241 0.97626362,30.984252 0.72324683 0.99033489,
  30.984252 0.74194858 1.0090366,30.984252 0.75601984 1.0314311,
  30.984252 0.76475501 1.0563952,30.984251 0.59448817 0.96456693,
  30.984252 0.59448761 0.70078712,30.984252 0.59797272 0.69316608,
  30.984252 0.59664054 0.69716426] }
 coordIndex [
  22,12,13,-1,21,12,22,-1,23,22,13,-1,20,12,21,-1,24,13,14,-1,24,23,13,-1,19,12,20,-1,18,12,19,-1,
  17,24,14,-1,16,14,15,-1,16,17,14,-1,34,27,26,-1,34,28,27,-1,34,26,33,-1,36,28,34,-1,35,29,28,-1,
  35,28,36,-1,0,30,29,-1,0,29,35,-1,11,0,1,-1,11,7,6,-1,11,8,7,-1,11,1,8,-1,11,31,30,-1,
  11,32,31,-1,11,25,32,-1,11,30,0,-1,5,11,6,-1,4,11,5,-1,10,3,2,-1,10,4,3,-1,10,2,9,-1,
  10,11,4,-1,11,12,18,-1,11,18,25,-1]
  normalPerVertex TRUE
  normal DEF NORM_188 Normal { vector [
  1 2.6838286e-06 -8.7909466e-07,1 4.1077683e-06 -7.2382057e-08,
  1 -7.7687465e-06 -4.8356516e-07,1 1.0580837e-06 -4.635862e-06,
  1 1.1541683e-07 -3.9455707e-06,1 1.703326e-06 -2.135918e-06,
  1 2.140922e-06 -1.707325e-06,1 2.6296056e-06 -1.2663343e-06,
  1 3.2552368e-06 -7.4295389e-07,1 -8.8049592e-06 0,
  1 -1.7054176e-06 -3.2315449e-06,1 4.4121749e-06 -1.2778493e-06,
  1 1.0002393e-05 -7.4627329e-07,1 4.9881692e-06 -2.3387621e-06,
  1 -5.5081819e-06 -1.1074883e-06,0.99999996 -0.00029013944 -9.6814391e-07,
  1 -3.9534524e-05 -2.6965033e-06,1 -1.4728772e-05 -2.200904e-06,
  1 8.1771687e-06 1.0482963e-08,1 4.3935417e-06 1.0027881e-06,
  1 2.9355134e-06 1.413654e-06,1 2.0989629e-06 1.6738624e-06,
  1 2.3599214e-05 -7.3781391e-06,1 -2.804983e-07 -5.8246675e-07,
  1 2.5136393e-07 -8.191542e-07,1 7.847179e-06 -6.8098036e-08,
  1 -8.6104963e-06 1.7992237e-06,1 0 0,
  1 0 0,1 0 0,
  1 2.3385835e-06 -1.0761997e-06,1 2.315828e-06 -1.1152324e-06,
  1 3.6926698e-06 -8.428015e-07,1 -1.2619576e-05 2.6369492e-06,
  1 -6.4982388e-06 1.3578527e-06,1 0 0,
  1 0 0] }
}
}
DEF SHAPE_189 Shape {
 appearance USE APP_1
 geometry DEF FACE_189 IndexedFaceSet {
  coord DEF COORD_189 Coordinate { point [
  31.019879 0.61023622 2.1525017,31.00708 0.61023622 2.1420556,
  30.996742 0.61023622 2.1291691,30.989321 0.61023622 2.114409,
  30.985143 0.61023567 2.0984252,31.019879 0.90551171 2.1525014,
  30.985143 0.90551222 2.0984252,30.989321 0.90551181 2.114409,
  30.996742 0.90551181 2.1291691,31.00708 0.90551181 2.1420556,
  30.984252 0.91732272 2.0866146,30.98433 0.90895184 2.0900941,
  30.984252 0.59842531 2.0866146,30.98433 0.60679555 2.0900934] }
 coordIndex [
  1,5,0,-1,1,9,5,-1,2,8,9,-1,2,9,1,-1,3,6,7,-1,3,7,8,-1,3,8,2,-1,4,11,6,-1,
  4,6,3,-1,13,10,11,-1,13,11,4,-1,12,10,13,-1]
  normalPerVertex TRUE
  normal DEF NORM_189 Normal { vector [
  0.63229685 -1.001799e-06 -0.77472621,0.68489182 -3.3557858e-07 -0.72864477,
  0.82185664 0 -0.56969436,0.93562993 0 -0.35298248,
  0.98464442 4.6218561e-08 -0.17457194,0.63228994 -5.0298234e-07 -0.77473185,
  0.97508341 0 -0.22183857,0.93562991 0 -0.35298253,
  0.85984692 0 -0.51055194,0.73437644 0 -0.6787424,
  0.99974986 1.5881754e-07 -0.022365499,0.99645193 6.6573342e-08 -0.084163864,
  0.99975019 3.2148781e-07 -0.022350986,0.99803142 1.539786e-07 -0.062715895] }
}
}
DEF SHAPE_190 Shape {
 appearance USE APP_1
 geometry DEF FACE_190 IndexedFaceSet {
  coord DEF COORD_190 Coordinate { point [
  30.985143 0.90551222 2.0984252,30.989321 0.90551181 2.114409,
  30.996742 0.90551181 2.1291691,31.00708 0.90551181 2.1420556,
  31.019879 0.90551171 2.1525014,30.886221 0.90551181 2.0984252,
  30.965987 0.90551181 2.234862,30.934602 0.90551181 2.2086937,
  30.910047 0.90551181 2.1760309,30.893629 0.90551181 2.1386112,
  30.992425 0.90551109 2.2521619,31.046317 0.90551057 2.169802] }
 coordIndex [
  6,10,11,-1,4,6,11,-1,3,6,4,-1,7,6,3,-1,2,7,3,-1,8,2,1,-1,8,7,2,-1,9,1,0,-1,
  9,8,1,-1,5,9,0,-1]
  normalPerVertex TRUE
  normal DEF NORM_190 Normal { vector [
  -1.1721959e-06 1 7.5609794e-06,1.3750365e-06 1 5.4366897e-06,
  0 1 0,1.322587e-06 1 5.8562104e-07,
  2.2141929e-05 1 1.3237836e-05,-4.1559768e-06 1 7.6611321e-07,
  1.4626834e-05 1 7.426485e-06,0 1 0,
  0 1 0,-6.8564312e-07 1 4.4225829e-06,
  2.1961607e-05 1 8.117064e-06,2.6271677e-05 1 1.3438747e-05] }
}
}
DEF SHAPE_191 Shape {
 appearance USE APP_1
 geometry DEF FACE_191 IndexedFaceSet {
  coord DEF COORD_191 Coordinate { point [
  30.885827 0.91732272 2.0866146,30.885861 0.90896724 2.0900793,
  30.886221 0.90551181 2.0984252,30.984252 0.91732272 2.0866146,
  30.98433 0.90895184 2.0900941,30.985143 0.90551222 2.0984252] }
 coordIndex [
  1,3,0,-1,1,4,3,-1,2,5,4,-1,2,4,1,-1]
  normalPerVertex TRUE
  normal DEF NORM_191 Normal { vector [
  -3.3255032e-07 0.38303696 0.92373302,2.7022949e-06 0.60391026 0.79705232,
  4.1504503e-05 0.92413086 0.38207611,-3.9609995e-05 0.38343158 0.92356928,
  1.4421317e-06 0.7974216 0.60342256,-3.8538556e-06 0.92431939 0.3816198] }
}
}
DEF SHAPE_192 Shape {
 appearance USE APP_1
 geometry DEF FACE_192 IndexedFaceSet {
  coord DEF COORD_192 Coordinate { point [
  30.885827 0.91732272 2.0866146,30.885826 0.94488189 2.0866142,
  30.984252 0.91732272 2.0866146,30.984251 0.94488189 2.0866142,
  30.826772 1.1023617 2.0866142,30.861814 1.0984126 2.0866142,
  30.895099 1.0867657 2.0866142,30.924958 1.0680041 2.0866142,
  30.949894 1.0430686 2.0866142,30.968655 1.0132096 2.0866142,
  30.980302 0.97992431 2.0866142,30.759842 1.1023627 2.0866146,
  30.759842 1.0039371 2.0866146,30.826772 1.0039352 2.0866142,
  30.884345 0.95802274 2.0866142,30.879978 0.97050471 2.0866142,
  30.872942 0.98170184 2.0866142,30.863592 0.99105257 2.0866142,
  30.852394 0.99808795 2.0866142,30.839912 1.0024552 2.0866142] }
 coordIndex [
  0,2,3,-1,1,0,3,-1,14,3,10,-1,14,1,3,-1,15,10,9,-1,15,14,10,-1,16,9,8,-1,16,15,9,-1,
  17,16,8,-1,7,17,8,-1,6,18,17,-1,6,17,7,-1,5,19,18,-1,5,18,6,-1,4,12,13,-1,4,13,19,-1,
  4,19,5,-1,11,12,4,-1]
  normalPerVertex TRUE
  normal DEF NORM_192 Normal { vector [
  -1.8000424e-07 1.5991579e-05 1,0 1.0393067e-05 1,
  -3.6000697e-07 1.6634433e-05 1,-9.604439e-08 8.5325852e-06 1,
  4.8455841e-06 1.5057133e-07 1,0 0 1,
  0 0 1,0 0 1,
  0 0 1,0 0 1,
  0 0 1,6.2886486e-06 4.095424e-07 1,
  6.5897815e-06 2.0477039e-07 1,5.7599973e-06 0 1,
  0 0 1,0 0 1,
  0 0 1,0 0 1,
  0 0 1,0 0 1] }
}
}
DEF SHAPE_193 Shape {
 appearance USE APP_1
 geometry DEF FACE_193 IndexedFaceSet {
  coord DEF COORD_193 Coordinate { point [
  30.759842 1.0039371 2.0866146,30.759842 1.1023627 2.0866146,
  30.748032 1.0043313 2.0984252,30.751497 1.003971 2.0900707,
  30.748032 1.1032534 2.0984252,30.751474 1.1024391 2.0900913] }
 coordIndex [
  5,0,1,-1,5,3,0,-1,4,2,3,-1,4,3,5,-1]
  normalPerVertex TRUE
  normal DEF NORM_193 Normal { vector [
  0.38315062 -5.176305e-05 0.92368588,0.38367409 3.7819953e-07 0.92346857,
  0.92368896 -1.4270237e-06 0.3831432,0.79750052 1.0929035e-05 0.60331826,
  0.92397729 6.7193953e-05 0.38244733,0.6038222 1.1589111e-05 0.79711903] }
}
}
DEF SHAPE_194 Shape {
 appearance USE APP_1
 geometry DEF FACE_194 IndexedFaceSet {
  coord DEF COORD_194 Coordinate { point [
  28.295276 1.0039371 2.0866146,28.303631 1.0039712 2.0900792,
  28.307086 1.0043313 2.0984252,30.759842 1.0039371 2.0866146,
  30.748032 1.0043313 2.0984252,30.751497 1.003971 2.0900707,
  30.748031 1.0117393 2.1386112,30.748031 1.0281572 2.1760309,
  30.748031 1.0527119 2.2086937,30.748031 1.0840968 2.234862,
  28.307087 1.0840967 2.234862,28.307087 1.0527119 2.2086937,
  28.307087 1.0281572 2.1760309,28.307087 1.0117393 2.1386111] }
 coordIndex [
  9,10,11,-1,8,9,11,-1,7,11,12,-1,7,8,11,-1,6,12,13,-1,6,7,12,-1,4,13,2,-1,4,6,13,-1,
  5,2,1,-1,5,4,2,-1,3,1,0,-1,3,5,1,-1]
  normalPerVertex TRUE
  normal DEF NORM_194 Normal { vector [
  0 -0.99995167 0.0098312087,4.287919e-08 -0.99960791 0.028000327,
  1.375587e-08 -0.98995115 0.14140978,-1.3258252e-08 -0.99995176 0.0098219187,
  0 -0.98568515 0.16859652,3.2853505e-08 -0.99930088 0.037386572,
  0 -0.94389667 0.33024093,0 -0.84312649 0.53771528,
  0 -0.72469161 0.68907334,1.4087748e-08 -0.64038963 0.76805021,
  2.8394124e-08 -0.64039029 0.76804966,0 -0.72469191 0.68907302,
  0 -0.882162 0.47094607,0 -0.96659594 0.25630507] }
}
}
DEF SHAPE_195 Shape {
 appearance USE APP_1
 geometry DEF FACE_195 IndexedFaceSet {
  coord DEF COORD_195 Coordinate { point [
  30.748031 1.164427 2.169802,30.748031 1.137989 2.1525017,
  30.74803 1.1105349 2.2521619,30.748031 1.0840968 2.234862,
  30.748032 1.0043313 2.0984252,30.748031 1.0117393 2.1386112,
  30.748031 1.0281572 2.1760309,30.748031 1.0527119 2.2086937,
  30.748032 1.1032534 2.0984252,30.748031 1.12519 2.1420556,
  30.748031 1.1148521 2.1291691,30.748031 1.1074311 2.114409] }
 coordIndex [
  8,5,4,-1,11,6,5,-1,11,5,8,-1,10,6,11,-1,7,6,10,-1,9,7,10,-1,3,9,1,-1,3,7,9,-1,
  0,3,1,-1,2,3,0,-1]
  normalPerVertex TRUE
  normal DEF NORM_195 Normal { vector [
  1 2.2833347e-05 1.8693026e-05,1 1.1958739e-05 9.0758721e-06,
  1 2.7143394e-05 2.4014683e-05,1 1.249939e-05 1.057503e-05,
  1 -1.3852896e-06 1.0485656e-05,1 8.0962701e-07 9.8222716e-06,
  1 0 0,1 7.1552438e-07 7.7823148e-07,
  1 1.3841617e-06 1.6792439e-05,1 8.0080186e-07 1.2152987e-06,
  1 0 0,1 1.8333559e-06 7.2488228e-06] }
}
}
DEF SHAPE_196 Shape {
 appearance USE APP_1
 geometry DEF FACE_196 IndexedFaceSet {
  coord DEF COORD_196 Coordinate { point [
  30.669291 1.1764222 2.2952751,28.385827 1.1764214 2.2952746,
  28.307088 1.1105349 2.2521619,28.309062 1.1251962 2.2617555,
  28.314885 1.1391224 2.2708681,28.324266 1.151615 2.2790426,
  28.336734 1.1620477 2.2858692,28.351663 1.1698972 2.2910055,
  28.368306 1.1747698 2.2941939,28.307087 1.0840967 2.234862,
  30.748031 1.0840968 2.234862,30.74803 1.1105349 2.2521619,
  30.686812 1.1747698 2.2941939,30.703455 1.1698972 2.2910055,
  30.718385 1.1620477 2.2858692,30.730852 1.151615 2.2790426,
  30.740233 1.1391224 2.2708681,30.746056 1.1251962 2.2617555] }
 coordIndex [
  3,5,4,-1,3,6,5,-1,1,3,2,-1,1,7,6,-1,1,8,7,-1,1,6,3,-1,9,1,2,-1,13,12,0,-1,
  14,13,0,-1,16,15,14,-1,17,16,14,-1,11,14,0,-1,11,17,14,-1,10,0,1,-1,10,1,9,-1,10,11,0,-1]
  normalPerVertex TRUE
  normal DEF NORM_196 Normal { vector [
  -6.4197451e-08 -0.54754491 0.8367763,3.5529444e-08 -0.54754463 0.83677648,
  2.9658204e-06 -0.54754578 0.83677573,0 -0.5475433 0.83677735,
  0 -0.5475433 0.83677735,0 -0.5475433 0.83677735,
  0 -0.5475433 0.83677735,0 -0.5475433 0.83677735,
  0 -0.5475433 0.83677735,6.8878249e-08 -0.5475444 0.83677663,
  -1.6801564e-08 -0.54754464 0.83677647,-3.0588064e-06 -0.54754586 0.83677568,
  0 -0.5475433 0.83677735,0 -0.5475433 0.83677735,
  0 -0.5475433 0.83677735,0 -0.5475433 0.83677735,
  0 -0.5475433 0.83677735,0 -0.5475433 0.83677735] }
}
}
DEF SHAPE_197 Shape {
 appearance USE APP_1
 geometry DEF FACE_197 IndexedFaceSet {
  coord DEF COORD_197 Coordinate { point [
  28.307088 1.164427 2.169802,28.307088 1.1105349 2.2521619,
  28.309062 1.1251962 2.2617555,28.314885 1.1391224 2.2708681,
  28.324266 1.151615 2.2790426,28.336734 1.1620477 2.2858692,
  28.351663 1.1698972 2.2910055,28.368306 1.1747698 2.2941939,
  28.385827 1.1764214 2.2952746,28.385827 1.2303139 2.2129149,
  28.368306 1.2286619 2.2118339,28.351663 1.2237892 2.2086455,
  28.336734 1.2159397 2.2035092,28.324266 1.2055071 2.1966826,
  28.314885 1.1930144 2.1885081,28.309062 1.1790883 2.1793955] }
 coordIndex [
  15,0,1,-1,15,1,2,-1,14,2,3,-1,14,15,2,-1,13,3,4,-1,13,14,3,-1,12,4,5,-1,12,13,4,-1,
  11,5,6,-1,11,12,5,-1,10,6,7,-1,10,11,6,-1,9,7,8,-1,9,10,7,-1]
  normalPerVertex TRUE
  normal DEF NORM_197 Normal { vector [
  -0.99371538 0.093665759 0.06128997,-0.99371538 0.093665759 0.06128997,
  -0.96589527 0.21666933 0.14177707,-0.88405581 0.39109413 0.25591153,
  -0.75788238 0.54590619 0.35721244,-0.59370238 0.67334194 0.44059972,
  -0.39974916 0.76701068 0.50189164,-0.18576051 0.82221214 0.53801508,
  -0.1119363 0.83151511 0.54410742,-0.1119536 0.83151519 0.54410374,
  -0.25894403 0.80823683 0.52886787,-0.46738135 0.73975788 0.48405883,
  -0.65239121 0.63417881 0.41497342,-0.80468471 0.4967967 0.32507776,
  -0.91662457 0.33450105 0.21887998,-0.98259719 0.1554307 0.10170571] }
}
}
DEF SHAPE_198 Shape {
 appearance USE APP_1
 geometry DEF FACE_198 IndexedFaceSet {
  coord DEF COORD_198 Coordinate { point [
  30.748031 1.164427 2.169802,30.746056 1.1790883 2.1793955,
  30.740233 1.1930144 2.1885081,30.730852 1.2055071 2.1966826,
  30.718385 1.2159397 2.2035092,30.703455 1.2237892 2.2086455,
  30.686812 1.2286619 2.2118339,30.669291 1.2303134 2.2129146,
  28.385827 1.2303139 2.2129149,28.368306 1.2286619 2.2118339,
  28.351663 1.2237892 2.2086455,28.336734 1.2159397 2.2035092,
  28.324266 1.2055071 2.1966826,28.314885 1.1930144 2.1885081,
  28.309062 1.1790883 2.1793955,28.307088 1.164427 2.169802,
  28.307087 1.1379892 2.1525014,30.748031 1.137989 2.1525017] }
 coordIndex [
  6,2,1,-1,6,3,2,-1,6,4,3,-1,6,5,4,-1,7,1,0,-1,7,0,17,-1,7,6,1,-1,8,17,16,-1,
  8,7,17,-1,15,8,16,-1,14,8,15,-1,11,9,8,-1,11,10,9,-1,12,14,13,-1,12,8,14,-1,12,11,8,-1]
  normalPerVertex TRUE
  normal DEF NORM_198 Normal { vector [
  1.2635715e-05 0.54755387 -0.83677043,0 0.5475433 -0.83677735,
  0 0.5475433 -0.83677735,0 0.5475433 -0.83677735,
  0 0.5475433 -0.83677735,0 0.5475433 -0.83677735,
  0 0.5475433 -0.83677735,1.8280092e-07 0.54754789 -0.83677435,
  -7.1132414e-08 0.54754899 -0.83677362,0 0.5475433 -0.83677735,
  0 0.5475433 -0.83677735,0 0.5475433 -0.83677735,
  0 0.5475433 -0.83677735,0 0.5475433 -0.83677735,
  0 0.5475433 -0.83677735,-1.8953966e-05 0.54755916 -0.83676697,
  -1.3793623e-07 0.54755016 -0.83677286,1.5229321e-07 0.54754899 -0.83677363] }
}
}
DEF SHAPE_199 Shape {
 appearance USE APP_1
 geometry DEF FACE_199 IndexedFaceSet {
  coord DEF COORD_199 Coordinate { point [
  28.307087 1.1379892 2.1525014,28.307088 1.164427 2.169802,
  28.307088 1.1105349 2.2521619,28.307087 1.0840967 2.234862,
  28.307087 1.0527119 2.2086937,28.307087 1.0281572 2.1760309,
  28.307087 1.0117393 2.1386111,28.307086 1.0043313 2.0984252,
  28.307086 1.1032534 2.0984252,28.307087 1.1074311 2.114409,
  28.307087 1.1148521 2.1291691,28.307087 1.12519 2.1420556] }
 coordIndex [
  6,8,7,-1,6,9,8,-1,5,10,9,-1,5,9,6,-1,3,1,0,-1,3,2,1,-1,3,0,11,-1,4,11,10,-1,
  4,10,5,-1,4,3,11,-1]
  normalPerVertex TRUE
  normal DEF NORM_199 Normal { vector [
  -1 3.2910563e-05 2.0284262e-05,-1 4.8027543e-05 3.0801365e-05,
  -1 4.9105052e-05 3.2131776e-05,-1 2.6069993e-05 1.655888e-05,
  -1 0 0,-1 0 0,
  -1 1.6120761e-06 9.6525365e-06,-1 1.3846857e-06 1.3379289e-05,
  -1 2.7560525e-06 1.6502259e-05,-1 1.3744439e-06 5.4343516e-06,
  -1 0 0,-1 1.3225968e-06 5.8562549e-07] }
}
}
DEF SHAPE_200 Shape {
 appearance USE APP_1
 geometry DEF FACE_200 IndexedFaceSet {
  coord DEF COORD_200 Coordinate { point [
  28.295276 1.0039371 2.0866146,28.295276 1.1023627 2.0866146,
  28.307086 1.1032534 2.0984252,28.303649 1.1024404 2.0900976,
  28.307086 1.0043313 2.0984252,28.303631 1.0039712 2.0900792] }
 coordIndex [
  5,1,0,-1,5,3,1,-1,4,2,3,-1,4,3,5,-1]
  normalPerVertex TRUE
  normal DEF NORM_200 Normal { vector [
  -0.3830312 -3.3254714e-07 0.92373541,-0.38353709 -5.068469e-05 0.92352547,
  -0.92437578 1.1972104e-06 0.38148318,-0.7974317 2.8295118e-07 0.60340922,
  -0.92416877 5.0991285e-05 0.38198439,-0.60395295 -2.6367215e-07 0.79701997] }
}
}
DEF SHAPE_201 Shape {
 appearance USE APP_1
 geometry DEF FACE_201 IndexedFaceSet {
  coord DEF COORD_201 Coordinate { point [
  28.295276 1.0039371 2.0866146,28.228346 1.0039363 2.0866142,
  28.295276 1.1023627 2.0866146,28.228346 1.1023607 2.0866142,
  28.070867 0.94488188 2.0866142,28.074816 0.9799243 2.0866142,
  28.086463 1.0132096 2.0866142,28.105224 1.0430686 2.0866142,
  28.13016 1.0680041 2.0866142,28.160019 1.0867657 2.0866142,
  28.193304 1.0984126 2.0866142,28.070866 0.91732272 2.0866145,
  28.169291 0.91732272 2.0866146,28.169293 0.94488189 2.0866142,
  28.215206 1.0024551 2.0866142,28.202724 0.99808794 2.0866142,
  28.191526 0.99105255 2.0866142,28.182176 0.98170183 2.0866142,
  28.17514 0.9705047 2.0866142,28.170773 0.95802273 2.0866142] }
 coordIndex [
  3,1,0,-1,3,0,2,-1,3,14,1,-1,4,11,12,-1,4,12,13,-1,4,13,19,-1,5,19,18,-1,5,4,19,-1,
  10,15,14,-1,10,14,3,-1,6,18,17,-1,6,5,18,-1,9,16,15,-1,9,15,10,-1,7,17,16,-1,7,6,17,-1,
  8,7,16,-1,8,16,9,-1]
  normalPerVertex TRUE
  normal DEF NORM_201 Normal { vector [
  -6.5823147e-06 -1.8000078e-07 1,-5.2807837e-06 0 1,
  -6.8470186e-06 -3.6000259e-07 1,-4.8400938e-06 -1.3235779e-07 1,
  -2.2300966e-07 7.3396576e-06 1,0 0 1,
  0 0 1,0 0 1,
  0 0 1,0 0 1,
  0 0 1,-7.1247658e-08 1.3614676e-05 1,
  -2.9451477e-07 1.2817301e-05 1,-5.1778102e-07 9.4100445e-06 1,
  0 0 1,0 0 1,
  0 0 1,0 0 1,
  0 0 1,-1.1095306e-07 8.4354801e-07 1] }
}
}
DEF SHAPE_202 Shape {
 appearance USE APP_1
 geometry DEF FACE_202 IndexedFaceSet {
  coord DEF COORD_202 Coordinate { point [
  28.169292 0.9448819 0.17716547,28.169293 0.94488189 2.0866142,
  28.228346 1.0039363 2.0866142,28.215206 1.0024551 2.0866142,
  28.202724 0.99808794 2.0866142,28.191526 0.99105255 2.0866142,
  28.182176 0.98170183 2.0866142,28.17514 0.9705047 2.0866142,
  28.170773 0.95802273 2.0866142,28.228346 1.0039362 0.17716563,
  28.215205 1.002455 0.17716558,28.202723 0.99808776 0.17716558,
  28.191526 0.99105235 0.17716558,28.182176 0.98170164 0.17716558,
  28.17514 0.97050456 0.17716558,28.170773 0.95802266 0.17716558] }
 coordIndex [
  15,1,0,-1,15,8,1,-1,14,7,8,-1,14,8,15,-1,13,6,7,-1,13,7,14,-1,12,5,6,-1,12,6,13,-1,
  11,4,5,-1,11,5,12,-1,10,3,4,-1,10,4,11,-1,9,2,3,-1,9,3,10,-1]
  normalPerVertex TRUE
  normal DEF NORM_202 Normal { vector [
  0.99370686 -0.11201196 -3.3435153e-07,0.99370953 -0.1119883 -1.6946038e-07,
  0.11200472 -0.99370767 0,0.18579146 -0.9825892 0,
  0.3997431 -0.91662721 0,0.59370135 -0.80468547 0,
  0.75788503 -0.65238814 0,0.8840602 -0.46737304 0,
  0.96589517 -0.25893341 0,0.11200627 -0.9937075 1.7910463e-08,
  0.25895103 -0.96589045 0,0.46737905 -0.88405702 0,
  0.65239293 -0.7578809 0,0.80468895 -0.59369663 0,
  0.91662938 -0.39973815 0,0.98259166 -0.18577845 -1.1207616e-07] }
}
}
DEF SHAPE_203 Shape {
 appearance USE APP_1
 geometry DEF FACE_203 IndexedFaceSet {
  coord DEF COORD_203 Coordinate { point [
  28.069975 0.90551181 2.0984251,28.070789 0.90895482 2.0900911,
  28.070866 0.91732272 2.0866145,28.169291 0.91732272 2.0866146,
  28.169257 0.90896762 2.0900783,28.168897 0.90551222 2.0984252] }
 coordIndex [
  1,3,2,-1,1,4,3,-1,0,5,4,-1,0,4,1,-1]
  normalPerVertex TRUE
  normal DEF NORM_203 Normal { vector [
  -3.7086737e-05 0.92409728 0.38215733,0 0.60381331 0.79712577,
  -6.5795221e-08 0.38366572 0.92347204,3.5107279e-05 0.3833126 0.92361867,
  -1.3785232e-06 0.79748927 0.60333313,-3.937345e-06 0.92395799 0.38249396] }
}
}
DEF SHAPE_204 Shape {
 appearance USE APP_1
 geometry DEF FACE_204 IndexedFaceSet {
  coord DEF COORD_204 Coordinate { point [
  28.169291 0.59842531 2.0866145,28.169257 0.60678714 2.0900874,
  28.168897 0.61023622 2.0984252,28.169291 0.91732272 2.0866146,
  28.169257 0.90896762 2.0900783,28.168897 0.90551222 2.0984252,
  28.161489 0.90551181 2.1386112,28.145071 0.90551181 2.1760309,
  28.120516 0.90551181 2.2086937,28.089132 0.90551171 2.234862,
  28.089132 0.61023622 2.234862,28.120516 0.61023622 2.2086937,
  28.145071 0.61023622 2.1760309,28.161489 0.61023622 2.1386112] }
 coordIndex [
  1,0,3,-1,1,3,4,-1,2,4,5,-1,2,5,6,-1,2,1,4,-1,13,6,7,-1,13,2,6,-1,12,7,8,-1,
  12,13,7,-1,11,8,9,-1,11,12,8,-1,10,11,9,-1]
  normalPerVertex TRUE
  normal DEF NORM_204 Normal { vector [
  0.9999515 -2.735502e-07 0.0098491789,0.99961304 5.7520352e-07 0.027816881,
  0.98746583 -7.1575967e-08 0.1578329,0.99995132 -7.9459916e-08 0.0098665322,
  0.99930199 3.5146514e-07 0.037356764,0.98743197 -3.4042853e-07 0.15804466,
  0.96659615 -1.1309281e-07 0.25630429,0.88216198 0 0.4709461,
  0.75079665 0 0.66053342,0.64038962 1.1774885e-07 0.76805022,
  0.64039027 2.3516546e-07 0.76804967,0.69750284 7.8855989e-08 0.71658201,
  0.84312648 0 0.5377153,0.94389691 0 0.33024024] }
}
}
DEF SHAPE_205 Shape {
 appearance USE APP_1
 geometry DEF FACE_205 IndexedFaceSet {
  coord DEF COORD_205 Coordinate { point [
  27.996806 0.82677165 2.2952751,27.996807 0.68897638 2.2952746,
  28.062693 0.61023746 2.2521619,28.048032 0.61221173 2.2617555,
  28.034106 0.61803488 2.2708681,28.021613 0.62741549 2.2790426,
  28.011181 0.63988316 2.2858692,28.003331 0.65481264 2.2910055,
  27.998459 0.67145525 2.2941939,28.089132 0.61023622 2.234862,
  28.089132 0.90551171 2.234862,28.062693 0.90550996 2.2521619,
  27.998459 0.84429278 2.2941939,28.003331 0.86093539 2.2910055,
  28.011181 0.87586487 2.2858692,28.021613 0.88833254 2.2790426,
  28.034106 0.89771316 2.2708681,28.048032 0.9035363 2.2617555] }
 coordIndex [
  0,10,11,-1,0,13,12,-1,0,14,13,-1,0,15,14,-1,0,16,15,-1,0,17,16,-1,0,11,17,-1,1,9,10,-1,
  1,10,0,-1,2,9,1,-1,3,2,1,-1,6,4,3,-1,6,5,4,-1,6,8,7,-1,6,1,8,-1,6,3,1,-1]
  normalPerVertex TRUE
  normal DEF NORM_205 Normal { vector [
  0.5475451 -7.8079491e-07 0.83677618,0.54754466 3.5068725e-07 0.83677646,
  0.54754578 2.9658004e-06 0.83677573,0.5475433 0 0.83677735,
  0.5475433 0 0.83677735,0.5475433 0 0.83677735,
  0.5475433 0 0.83677735,0.5475433 0 0.83677735,
  0.5475433 0 0.83677735,0.54754468 5.3388161e-07 0.83677645,
  0.54754483 -1.7505353e-07 0.83677635,0.54754702 -4.4487313e-06 0.83677492,
  0.5475433 0 0.83677735,0.5475433 0 0.83677735,
  0.5475433 0 0.83677735,0.5475433 0 0.83677735,
  0.5475433 0 0.83677735,0.5475433 0 0.83677735] }
}
}
DEF SHAPE_206 Shape {
 appearance USE APP_1
 geometry DEF FACE_206 IndexedFaceSet {
  coord DEF COORD_206 Coordinate { point [
  28.008801 0.61023746 2.169802,28.062693 0.61023746 2.2521619,
  28.048032 0.61221173 2.2617555,28.034106 0.61803488 2.2708681,
  28.021613 0.62741549 2.2790426,28.011181 0.63988316 2.2858692,
  28.003331 0.65481264 2.2910055,27.998459 0.67145525 2.2941939,
  27.996807 0.68897638 2.2952746,27.942914 0.68897638 2.2129149,
  27.944566 0.67145525 2.2118339,27.949439 0.65481264 2.2086455,
  27.957289 0.63988316 2.2035092,27.967721 0.62741549 2.1966826,
  27.980214 0.61803488 2.1885081,27.99414 0.61221173 2.1793955] }
 coordIndex [
  15,0,1,-1,15,1,2,-1,14,2,3,-1,14,15,2,-1,13,3,4,-1,13,14,3,-1,12,4,5,-1,12,13,4,-1,
  11,5,6,-1,11,12,5,-1,10,6,7,-1,10,11,6,-1,9,7,8,-1,9,10,7,-1]
  normalPerVertex TRUE
  normal DEF NORM_206 Normal { vector [
  -0.093694704 -0.99371149 0.06130891,-0.093694708 -0.99371149 0.061308913,
  -0.21667849 -0.96589233 0.14178306,-0.39109413 -0.88405581 0.25591153,
  -0.54590619 -0.75788238 0.35721244,-0.67334194 -0.59370238 0.44059972,
  -0.76701068 -0.39974916 0.50189164,-0.82221214 -0.18576051 0.53801508,
  -0.83151511 -0.1119363 0.54410742,-0.83151519 -0.1119536 0.54410374,
  -0.80823682 -0.25894403 0.52886787,-0.73975788 -0.46738136 0.48405883,
  -0.63417881 -0.65239122 0.41497342,-0.4967967 -0.80468472 0.32507775,
  -0.33450104 -0.91662458 0.21887997,-0.15544967 -0.98259291 0.10171813] }
}
}
DEF SHAPE_207 Shape {
 appearance USE APP_1
 geometry DEF FACE_207 IndexedFaceSet {
  coord DEF COORD_207 Coordinate { point [
  28.008801 0.90550996 2.169802,27.99414 0.9035363 2.1793955,
  27.980214 0.89771316 2.1885081,27.967721 0.88833254 2.1966826,
  27.957289 0.87586487 2.2035092,27.949439 0.86093539 2.2086455,
  27.944566 0.84429279 2.2118339,27.942915 0.82677165 2.2129146,
  27.942914 0.68897638 2.2129149,27.944566 0.67145525 2.2118339,
  27.949439 0.65481264 2.2086455,27.957289 0.63988316 2.2035092,
  27.967721 0.62741549 2.1966826,27.980214 0.61803488 2.1885081,
  27.99414 0.61221173 2.1793955,28.008801 0.61023746 2.169802,
  28.035239 0.61023632 2.1525014,28.035239 0.90551181 2.1525017] }
 coordIndex [
  8,10,9,-1,8,11,10,-1,8,12,11,-1,8,13,12,-1,8,14,13,-1,8,15,14,-1,16,15,8,-1,4,6,5,-1,
  1,3,2,-1,1,4,3,-1,1,7,6,-1,1,6,4,-1,0,7,1,-1,17,8,7,-1,17,16,8,-1,17,7,0,-1]
  normalPerVertex TRUE
  normal DEF NORM_207 Normal { vector [
  -0.54755387 1.2635873e-05 -0.83677043,-0.5475433 0 -0.83677735,
  -0.5475433 0 -0.83677735,-0.5475433 0 -0.83677735,
  -0.5475433 0 -0.83677735,-0.5475433 0 -0.83677735,
  -0.5475433 0 -0.83677735,-0.54754874 2.3644739e-06 -0.83677379,
  -0.54754942 -6.978144e-07 -0.83677335,-0.5475433 0 -0.83677735,
  -0.5475433 0 -0.83677735,-0.5475433 0 -0.83677735,
  -0.5475433 0 -0.83677735,-0.5475433 0 -0.83677735,
  -0.5475433 0 -0.83677735,-0.54755916 -1.8953805e-05 -0.83676697,
  -0.54755071 -1.0691715e-06 -0.8367725,-0.54754945 1.5867016e-06 -0.83677333] }
}
}
DEF SHAPE_208 Shape {
 appearance USE APP_1
 geometry DEF FACE_208 IndexedFaceSet {
  coord DEF COORD_208 Coordinate { point [
  28.008801 0.90550996 2.169802,28.035239 0.90551181 2.1525017,
  28.062693 0.90550996 2.2521619,28.089132 0.90551171 2.234862,
  28.168897 0.90551222 2.0984252,28.161489 0.90551181 2.1386112,
  28.145071 0.90551181 2.1760309,28.120516 0.90551181 2.2086937,
  28.069975 0.90551181 2.0984251,28.048038 0.90551181 2.1420556,
  28.058376 0.90551181 2.1291691,28.065797 0.90551181 2.114409] }
 coordIndex [
  9,3,7,-1,1,3,9,-1,10,7,6,-1,10,9,7,-1,11,6,5,-1,11,10,6,-1,0,2,3,-1,0,3,1,-1,
  8,5,4,-1,8,11,5,-1]
  normalPerVertex TRUE
  normal DEF NORM_208 Normal { vector [
  -4.7454544e-05 1 3.1677094e-05,-3.1701329e-05 1 2.1994381e-05,
  -4.6376992e-05 1 3.0346629e-05,-2.5449645e-05 1 1.7404385e-05,
  -4.1559162e-06 1 9.4641461e-06,-1.7238035e-06 1 3.9255671e-06,
  0 1 0,-7.1551892e-07 1 7.7822543e-07,
  -2.9470623e-06 1 6.7112585e-06,-8.0079562e-07 1 1.2152892e-06,
  0 1 0,0 1 0] }
}
}
DEF SHAPE_209 Shape {
 appearance USE APP_1
 geometry DEF FACE_209 IndexedFaceSet {
  coord DEF COORD_209 Coordinate { point [
  28.062693 0.90550996 2.2521619,28.008801 0.90550996 2.169802,
  27.99414 0.9035363 2.1793955,27.980214 0.89771316 2.1885081,
  27.967721 0.88833254 2.1966826,27.957289 0.87586487 2.2035092,
  27.949439 0.86093539 2.2086455,27.944566 0.84429279 2.2118339,
  27.942915 0.82677165 2.2129146,27.996806 0.82677165 2.2952751,
  27.998459 0.84429278 2.2941939,28.003331 0.86093539 2.2910055,
  28.011181 0.87586487 2.2858692,28.021613 0.88833254 2.2790426,
  28.034106 0.89771316 2.2708681,28.048032 0.9035363 2.2617555] }
 coordIndex [
  0,1,2,-1,15,2,3,-1,15,0,2,-1,14,3,4,-1,14,15,3,-1,13,4,5,-1,13,14,4,-1,12,5,6,-1,
  12,13,5,-1,11,6,7,-1,11,12,6,-1,10,7,8,-1,10,11,7,-1,9,10,8,-1]
  normalPerVertex TRUE
  normal DEF NORM_209 Normal { vector [
  -0.093665734 0.99371539 0.061289954,-0.093665709 0.99371539 0.06128993,
  -0.15543067 0.9825972 0.10170569,-0.33450103 0.91662458 0.21887996,
  -0.49679669 0.80468472 0.32507775,-0.63417881 0.65239122 0.41497341,
  -0.73975788 0.46738135 0.48405883,-0.80823929 0.25893306 0.52886948,
  -0.83151866 0.11196512 0.54409607,-0.83151879 0.11199393 0.54408994,
  -0.822214 0.18576805 0.53800964,-0.76701069 0.39974914 0.50189165,
  -0.67334195 0.59370236 0.44059973,-0.5459062 0.75788238 0.35721244,
  -0.39109413 0.88405581 0.25591153,-0.21666932 0.96589527 0.14177706] }
}
}
DEF SHAPE_210 Shape {
 appearance USE APP_1
 geometry DEF FACE_210 IndexedFaceSet {
  coord DEF COORD_210 Coordinate { point [
  27.996807 0.68897638 2.2952746,27.942914 0.68897638 2.2129149,
  27.942915 0.82677165 2.2129146,27.996806 0.82677165 2.2952751] }
 coordIndex [
  3,1,0,-1,2,1,3,-1]
  normalPerVertex TRUE
  normal DEF NORM_210 Normal { vector [
  -0.83677391 -7.4752865e-06 0.54754855,-0.8367785 -1.4949806e-06 0.54754155,
  -0.83678308 4.4853252e-06 0.54753454,-0.8367785 -1.4949806e-06 0.54754155] }
}
}
DEF SHAPE_211 Shape {
 appearance USE APP_1
 geometry DEF FACE_211 IndexedFaceSet {
  coord DEF COORD_211 Coordinate { point [
  28.228346 1.1023615 0.11811024,28.193304 1.0984126 0.11811024,
  28.160019 1.0867657 0.11811024,28.13016 1.0680041 0.11811024,
  28.105224 1.0430686 0.11811024,28.086463 1.0132096 0.11811024,
  28.074816 0.9799243 0.11811024,28.070868 0.94488189 0.11811024,
  28.070867 0.94488188 2.0866142,28.074816 0.9799243 2.0866142,
  28.086463 1.0132096 2.0866142,28.105224 1.0430686 2.0866142,
  28.13016 1.0680041 2.0866142,28.160019 1.0867657 2.0866142,
  28.193304 1.0984126 2.0866142,28.228346 1.1023607 2.0866142] }
 coordIndex [
  6,7,8,-1,6,8,9,-1,5,9,10,-1,5,6,9,-1,4,10,11,-1,4,5,10,-1,3,11,12,-1,3,4,11,-1,
  2,12,13,-1,2,3,12,-1,1,13,14,-1,1,2,13,-1,0,14,15,-1,0,1,14,-1]
  normalPerVertex TRUE
  normal DEF NORM_211 Normal { vector [
  -0.11197066 0.99371151 1.9878941e-07,-0.25895776 0.96588865 0,
  -0.46739063 0.8840509 0,-0.65239324 0.75788064 0,
  -0.80468166 0.59370652 0,-0.91661939 0.39976104 0,
  -0.98259169 0.18577827 -1.5987736e-07,-0.99371277 0.11195953 -4.7695308e-07,
  -0.99371128 0.11197276 -2.3843884e-07,-0.96588832 0.25895898 0,
  -0.88405097 0.4673905 0,-0.75788073 0.65239314 0,
  -0.59370662 0.80468158 0,-0.39976115 0.91661934 0,
  -0.18577693 0.98259195 1.3380442e-07,-0.11195955 0.99371276 3.9917062e-07] }
}
}
DEF SHAPE_212 Shape {
 appearance USE APP_1
 geometry DEF FACE_212 IndexedFaceSet {
  coord DEF COORD_212 Coordinate { point [
  29.271655 1.1023622 0.29527474,29.271654 1.1023616 0.27559055,
  29.015748 1.1023612 0.27559055,29.015746 1.1023622 0.48425197,
  28.956692 1.1023622 0.54330637,28.969833 1.1023622 0.54182538,
  28.982315 1.1023622 0.53745827,28.993513 1.1023622 0.53042292,
  29.002863 1.1023622 0.52107218,29.009899 1.1023622 0.50987499,
  29.014266 1.1023622 0.49739292,28.795439 1.1023615 0.54330709,
  28.795439 1.102361 0.68110236,28.369915 1.1023614 0.68110236,
  28.369915 1.102361 0.54330695,28.326772 1.1023622 0.54330462,
  28.287403 1.1023622 0.50393766,28.28839 1.1023622 0.51269799,
  28.291302 1.1023622 0.5210191,28.295992 1.1023622 0.52848365,
  28.302226 1.1023622 0.53471723,28.30969 1.1023622 0.53940721,
  28.318011 1.1023622 0.54231834,28.287404 1.1023622 0.39370079,
  28.326772 1.1023622 0.35433167,28.318012 1.1023622 0.35531932,
  28.309691 1.1023622 0.35823041,28.302226 1.1023622 0.36292044,
  28.295992 1.1023622 0.36915416,28.291302 1.1023622 0.3766189,
  28.28839 1.1023622 0.38494023,28.400735 1.1023615 0.35433074,
  28.400735 1.102361 0.11811026,28.228346 1.1023615 0.11811024,
  28.228346 1.1023607 2.0866142,28.295276 1.1023627 2.0866146,
  30.759842 1.1023627 2.0866146,30.826772 1.1023617 2.0866142,
  30.826772 1.1023612 0.11811024,30.654378 1.1023614 0.11811027,
  30.654382 1.1023605 0.35433081,30.728346 1.1023622 0.35433317,
  30.767714 1.1023622 0.39370076,30.766728 1.1023622 0.38494033,
  30.763817 1.1023622 0.3766191,30.759126 1.1023622 0.36915443,
  30.752893 1.1023622 0.36292073,30.745428 1.1023622 0.35823067,
  30.737107 1.1023622 0.35531948,30.767714 1.1023622 0.50393703,
  30.728346 1.1023622 0.54330462,30.737107 1.1023622 0.54231832,
  30.745428 1.1023622 0.53940712,30.752893 1.1023622 0.53471706,
  30.759127 1.1023622 0.52848336,30.763817 1.1023622 0.52101869,
  30.766728 1.1023622 0.51269746,30.685203 1.1023615 0.54330709,
  30.685203 1.102361 0.68110236,30.259679 1.1023614 0.68110236,
  30.259679 1.1023604 0.54330709,30.098425 1.1023622 0.54330524,
  30.039371 1.1023622 0.48425119,30.040852 1.1023622 0.49739216,
  30.045219 1.1023622 0.50987429,30.052254 1.1023622 0.52107157,
  30.061605 1.1023622 0.53042244,30.072802 1.1023622 0.53745793,
  30.085284 1.1023622 0.54182521,30.03937 1.1023616 0.27559055,
  29.783464 1.1023612 0.27559055,29.783462 1.1023622 0.29527559,
  29.744094 1.1023622 0.33464457,29.752854 1.1023622 0.33365706,
  29.761176 1.1023622 0.33074596,29.76864 1.1023622 0.32605593,
  29.774874 1.1023622 0.31982222,29.779565 1.1023622 0.31235748,
  29.782476 1.1023622 0.30403614,29.311024 1.1023622 0.3346432,
  29.272642 1.1023622 0.30403532,29.275553 1.1023622 0.31235672,
  29.280243 1.1023622 0.31982156,29.286477 1.1023622 0.32605542,
  29.293942 1.1023622 0.3307456,29.302263 1.1023622 0.33365687,
  28.395669 1.1023622 1.5669291,28.393947 1.1023622 1.5810863,
  28.388882 1.1023622 1.5944178,28.380767 1.1023622 1.6061459,
  28.370078 1.1023622 1.6155861,28.395671 1.1023622 1.2007874,
  28.474409 1.1023622 1.1220481,28.456888 1.1023622 1.1240228,
  28.440246 1.1023622 1.1298459,28.425316 1.1023622 1.1392265,
  28.412849 1.1023622 1.1516942,28.403468 1.1023622 1.1666237,
  28.397645 1.1023622 1.1832663,28.71063 1.1023622 1.1220491,
  28.789369 1.1023622 1.2007874,28.787395 1.1023622 1.1832663,
  28.781571 1.1023622 1.1666237,28.772191 1.1023622 1.1516942,
  28.759723 1.1023622 1.1392265,28.744794 1.1023622 1.1298459,
  28.728151 1.1023622 1.1240228,28.789372 1.1023622 1.5669291,
  28.81496 1.1023622 1.6155888,28.804272 1.1023622 1.6061459,
  28.796158 1.1023622 1.5944178,28.791092 1.1023622 1.5810863,
  28.84055 1.1023622 1.6642457,28.838829 1.1023622 1.6500886,
  28.833764 1.1023622 1.636757,28.825649 1.1023622 1.625029,
  28.84055 1.1023622 1.8307087,28.801181 1.1023622 1.8700778,
  28.809942 1.1023622 1.86909,28.818263 1.1023622 1.8661788,
  28.825727 1.1023622 1.8614887,28.831961 1.1023622 1.855255,
  28.836651 1.1023622 1.8477903,28.839562 1.1023622 1.8394691,
  28.722441 1.1023622 1.8700786,28.462598 1.1023622 1.8700786,
  28.383858 1.1023622 1.8700763,28.344489 1.1023622 1.8307087,
  28.345477 1.1023622 1.8394691,28.348388 1.1023622 1.8477904,
  28.353078 1.1023622 1.855255,28.359312 1.1023622 1.8614887,
  28.366777 1.1023622 1.8661788,28.375098 1.1023622 1.86909,
  28.34449 1.1023622 1.6642457,28.35939 1.1023622 1.625029,
  28.351276 1.1023622 1.636757,28.346211 1.1023622 1.6500886,
  30.265747 1.1023622 1.5669291,30.264026 1.1023622 1.5810863,
  30.25896 1.1023622 1.5944178,30.250846 1.1023622 1.6061459,
  30.240157 1.1023622 1.6155861,30.26575 1.1023622 1.2007874,
  30.344488 1.1023622 1.1220481,30.326967 1.1023622 1.1240228,
  30.310324 1.1023622 1.1298459,30.295395 1.1023622 1.1392265,
  30.282927 1.1023622 1.1516942,30.273547 1.1023622 1.1666237,
  30.267724 1.1023622 1.1832663,30.580709 1.1023622 1.1220491,
  30.659448 1.1023622 1.2007874,30.657473 1.1023622 1.1832663,
  30.65165 1.1023622 1.1666237,30.64227 1.1023622 1.1516942,
  30.629802 1.1023622 1.1392265,30.614872 1.1023622 1.1298459,
  30.59823 1.1023622 1.1240228,30.65945 1.1023622 1.5669291,
  30.685038 1.1023622 1.6155888,30.674351 1.1023622 1.6061459,
  30.666236 1.1023622 1.5944178,30.661171 1.1023622 1.5810863,
  30.710629 1.1023622 1.6642457,30.708908 1.1023622 1.6500886,
  30.703842 1.1023622 1.636757,30.695728 1.1023622 1.625029,
  30.710627 1.1023622 1.8307087,30.67126 1.1023622 1.8700778,
  30.68002 1.1023622 1.86909,30.688342 1.1023622 1.8661788,
  30.695806 1.1023622 1.8614887,30.70204 1.1023622 1.855255,
  30.70673 1.1023622 1.8477903,30.709641 1.1023622 1.8394691,
  30.59252 1.1023622 1.8700786,30.332677 1.1023622 1.8700786,
  30.253937 1.1023622 1.8700763,30.214568 1.1023622 1.8307087,
  30.215556 1.1023622 1.8394691,30.218467 1.1023622 1.8477904,
  30.223157 1.1023622 1.855255,30.229391 1.1023622 1.8614887,
  30.236855 1.1023622 1.8661788,30.245177 1.1023622 1.86909,
  30.214569 1.1023622 1.6642457,30.229469 1.1023622 1.625029,
  30.221355 1.1023622 1.636757,30.216289 1.1023622 1.6500886] }
 coordIndex [
  131,34,35,-1,131,130,34,-1,129,34,130,-1,132,131,35,-1,128,34,129,-1,133,132,35,-1,127,34,128,-1,126,133,35,-1,
  125,126,35,-1,134,34,127,-1,137,34,134,-1,87,89,88,-1,86,89,87,-1,86,135,90,-1,86,90,89,-1,124,125,35,-1,
  117,124,35,-1,118,117,35,-1,91,135,86,-1,91,136,135,-1,91,137,136,-1,107,109,108,-1,107,110,109,-1,107,111,110,-1,
  107,108,115,-1,100,115,114,-1,100,107,115,-1,13,93,92,-1,13,94,93,-1,13,95,94,-1,13,96,95,-1,13,97,96,-1,
  13,98,97,-1,20,19,13,-1,18,98,13,-1,18,13,19,-1,18,91,98,-1,21,20,13,-1,17,91,18,-1,17,34,137,-1,
  17,137,91,-1,22,21,13,-1,15,22,13,-1,14,15,13,-1,33,16,23,-1,33,25,24,-1,33,26,25,-1,33,27,26,-1,
  33,28,27,-1,33,29,28,-1,33,30,29,-1,33,23,30,-1,12,103,102,-1,12,104,103,-1,12,105,104,-1,12,106,105,-1,
  12,99,106,-1,12,13,92,-1,12,92,99,-1,32,24,31,-1,32,33,24,-1,182,121,120,-1,183,120,119,-1,183,182,120,-1,
  181,122,121,-1,181,121,182,-1,184,119,118,-1,184,183,119,-1,180,123,122,-1,180,122,181,-1,185,118,35,-1,185,184,118,-1,
  179,112,116,-1,179,116,123,-1,179,123,180,-1,4,11,12,-1,5,4,12,-1,6,12,102,-1,6,5,12,-1,7,102,101,-1,
  7,6,102,-1,186,112,179,-1,189,113,112,-1,189,114,113,-1,189,112,186,-1,188,100,114,-1,188,114,189,-1,36,185,35,-1,
  36,177,178,-1,36,178,185,-1,139,141,140,-1,138,142,141,-1,138,187,142,-1,138,141,139,-1,176,177,36,-1,169,176,36,-1,
  170,169,36,-1,171,170,36,-1,172,171,36,-1,172,36,37,-1,173,172,37,-1,174,173,37,-1,175,174,37,-1,168,175,37,-1,
  82,3,83,-1,84,83,3,-1,84,3,10,-1,81,2,3,-1,81,3,82,-1,85,10,9,-1,85,84,10,-1,80,2,81,-1,
  79,9,8,-1,79,85,9,-1,0,2,80,-1,1,2,0,-1,164,168,37,-1,165,164,37,-1,143,100,188,-1,143,188,187,-1,
  143,187,138,-1,163,162,161,-1,150,100,143,-1,150,101,100,-1,159,163,161,-1,159,161,160,-1,159,160,167,-1,72,79,8,-1,
  152,159,167,-1,152,166,165,-1,152,167,166,-1,66,8,7,-1,66,150,149,-1,66,101,150,-1,66,7,101,-1,65,72,8,-1,
  65,8,66,-1,67,66,149,-1,64,73,72,-1,64,72,65,-1,63,73,64,-1,63,74,73,-1,62,74,63,-1,62,75,74,-1,
  62,76,75,-1,62,77,76,-1,59,67,149,-1,59,145,144,-1,59,146,145,-1,59,147,146,-1,59,148,147,-1,59,149,148,-1,
  59,144,151,-1,59,68,67,-1,59,61,68,-1,60,61,59,-1,69,77,62,-1,69,70,71,-1,69,78,77,-1,69,71,78,-1,
  58,154,153,-1,58,155,154,-1,58,156,155,-1,58,157,156,-1,58,158,157,-1,58,151,158,-1,58,59,151,-1,50,57,58,-1,
  51,50,58,-1,52,51,58,-1,53,52,58,-1,54,53,58,-1,55,54,58,-1,55,58,153,-1,55,153,152,-1,56,165,37,-1,
  56,152,165,-1,56,55,152,-1,39,40,41,-1,38,43,42,-1,38,44,43,-1,38,45,44,-1,38,46,45,-1,38,47,46,-1,
  38,48,47,-1,38,41,48,-1,38,42,49,-1,38,39,41,-1,33,34,16,-1,16,34,17,-1,37,38,49,-1,37,49,56,-1]
  normalPerVertex TRUE
  normal DEF NORM_212 Normal { vector [
  -2.2678609e-06 1 -1.9826261e-05,-1.5803762e-06 1 -2.8763984e-05,
  -3.0127187e-06 1 -6.1909134e-06,-2.5468617e-06 1 -3.8494356e-06,
  -3.9543014e-06 1 4.025969e-06,2.7357368e-06 1 1.1986907e-05,
  -7.813499e-06 1 -2.3543303e-06,0 1 0,
  0 1 0,0 1 0,
  0 1 0,-4.3135188e-06 1 3.605603e-06,
  -1.3909036e-06 1 -1.9923791e-06,2.9591253e-06 1 -1.90325e-06,
  2.7638467e-05 1 -2.8844797e-06,2.3000764e-05 1 -1.4324583e-06,
  -1.3703479e-05 1 3.8272145e-07,-6.8188231e-06 1 3.4986733e-07,
  1.318337e-05 1 -2.0466772e-06,-1.6635647e-05 1 1.3266352e-05,
  -6.8600052e-06 1 8.6025519e-06,-3.396523e-06 1 7.0538133e-06,
  -1.428826e-06 1 6.2622319e-06,-1.0941543e-05 1 -9.0816567e-08,
  4.9497186e-06 1 -3.6182161e-06,-5.9453023e-07 1 -2.6048792e-06,
  -1.1571931e-06 1 -2.4032925e-06,-1.7622694e-06 1 -2.2099351e-06,
  -2.5059724e-06 1 -1.9984244e-06,-3.5810338e-06 1 -1.7243717e-06,
  -5.5505421e-06 1 -1.2664741e-06,9.4042812e-06 1 -2.3184033e-06,
  5.1453973e-06 1 -3.6518833e-06,-9.0408899e-06 1 -8.6516259e-07,
  -1.2623719e-05 1 -2.5038497e-08,-4.5476684e-07 1 -2.4403677e-06,
  3.4551557e-07 1 -2.4095397e-06,8.2897697e-06 1 -2.7795433e-07,
  1.0934827e-05 1 -1.219467e-06,-6.2716728e-06 1 -1.3561572e-06,
  -2.340919e-05 1 4.0101217e-06,-6.0307117e-06 1 -1.4483511e-06,
  1.5823225e-05 1 -1.3115127e-07,8.026595e-06 1 -1.8314185e-06,
  5.1785239e-06 1 -2.4935747e-06,3.6238943e-06 1 -2.8898764e-06,
  2.5484389e-06 1 -3.1957366e-06,1.673453e-06 1 -3.4753437e-06,
  8.5950133e-07 1 -3.7669638e-06,1.4774984e-05 1 -2.1369999e-07,
  -1.3315741e-05 1 4.484258e-06,2.1432696e-06 1 9.393355e-06,
  5.0948647e-06 1 1.058075e-05,1.0290242e-05 1 1.2903932e-05,
  2.4954669e-05 1 1.9900104e-05,-1.9774637e-05 1 -3.0699564e-06,
  2.3902599e-06 1 1.2263904e-07,-1.6122131e-05 1 3.6056032e-06,
  -2.2598772e-06 1 -2.2961165e-06,2.0083855e-06 1 -2.2992231e-06,
  1.1091984e-05 1 -7.2112053e-06,1.0309588e-05 1 -6.2956272e-06,
  1.4856668e-06 1 -2.2454638e-06,0 1 0,
  0 1 0,0 1 0,
  0 1 0,5.2089458e-06 1 -1.5695472e-06,
  -1.8238018e-06 1 7.9912285e-06,1.5589929e-06 1 -6.1908988e-06,
  -1.5803745e-06 1 -4.9307972e-05,-4.1335331e-07 1 -3.4136549e-05,
  0 1 0,0 1 0,
  0 1 0,0 1 0,
  0 1 0,1.7291096e-06 1 -2.4648093e-06,
  2.2611428e-06 1 5.1592818e-07,0 1 0,
  -3.8762688e-06 1 8.8481937e-07,-2.9641809e-06 1 -4.2254315e-06,
  0 1 0,0 1 0,
  0 1 0,0 1 0,
  0 1 0,0 1 0,
  0 1 0,0 1 0,
  0 1 0,0 1 0,
  5.7950608e-07 1 -2.2533794e-06,-3.9207919e-07 1 -1.7177717e-06,
  -7.9319923e-07 1 -1.6471551e-06,-1.2620515e-06 1 -1.582578e-06,
  -1.9007865e-06 1 -1.5158121e-06,-2.9732887e-06 1 -1.4318085e-06,
  1.2338811e-05 1 -2.1437235e-06,2.1013282e-08 1 -2.7001497e-06,
  0 1 0,0 1 0,
  -6.8858273e-06 1 -2.3555741e-06,2.9920104e-06 1 -2.3860253e-06,
  1.954148e-06 1 -2.4504477e-06,1.2136367e-06 1 -2.5202339e-06,
  5.9380888e-07 1 -2.60193e-06,0 1 0,
  0 1 0,0 1 0,
  0 1 0,0 1 0,
  0 1 0,0 1 0,
  0 1 0,0 1 0,
  0 1 0,-2.6936456e-08 1 -2.3839687e-06,
  0 1 -2.2545129e-06,0 1 0,
  0 1 0,0 1 0,
  0 1 0,0 1 0,
  0 1 -2.3210565e-06,0 1 -2.3210324e-06,
  2.6104405e-08 1 -2.3103406e-06,-1.2382069e-05 1 6.9754854e-08,
  -8.3895566e-06 1 1.9149304e-06,-6.1944115e-06 1 2.9827464e-06,
  -4.7082825e-06 1 3.7546221e-06,-2.3231835e-05 1 -7.9784861e-06,
  9.4955251e-07 1 -1.9719838e-06,4.8645167e-07 1 -2.1319889e-06,
  -1.2985756e-05 1 -1.2375668e-07,0 1 0,
  0 1 0,-6.8693818e-06 1 3.3465219e-07,
  0 1 0,0 1 0,
  0 1 0,0 1 0,
  0 1 0,0 1 0,
  -1.4001589e-08 1 -1.8001063e-06,-3.9592323e-07 1 -1.7346132e-06,
  -8.0909142e-07 1 -1.6801568e-06,-1.3027658e-06 1 -1.6336326e-06,
  -1.9946743e-06 1 -1.5906844e-06,4.5905061e-06 1 -1.5703807e-06,
  0 1 0,5.925953e-07 1 -2.2505103e-06,
  0 1 0,-1.8507819e-05 1 -3.2155197e-06,
  4.4599315e-06 1 -2.1477116e-06,2.8511787e-06 1 -2.2737169e-06,
  1.8930765e-06 1 -2.3738658e-06,1.1897985e-06 1 -2.4707314e-06,
  5.8804428e-07 1 -2.5766709e-06,0 1 0,
  0 1 0,0 1 0,
  0 1 0,0 1 0,
  4.5518389e-06 1 -4.3344244e-08,2.4079626e-06 1 1.1730587e-07,
  0 1 0,0 1 0,
  4.340227e-06 1 2.4472207e-08,-2.610473e-08 1 -2.310357e-06,
  -4.8662708e-07 1 -2.1319249e-06,-9.4955406e-07 1 -1.9719836e-06,
  1.187786e-05 1 -5.1418268e-06,1.6504101e-06 1 1.3161189e-06,
  2.1713478e-06 1 1.0455509e-06,2.9411674e-06 1 6.7108085e-07,
  0 1 -2.3210408e-06,0 1 -2.3210773e-06,
  2.6936132e-08 1 -2.3839517e-06,0 1 0,
  0 1 0,0 1 0,
  0 1 0,0 1 0,
  0 1 0,0 1 -2.3005635e-06,
  0 1 0,0 1 0,
  0 1 0,0 1 0] }
}
}
DEF SHAPE_213 Shape {
 appearance USE APP_1
 geometry DEF FACE_213 IndexedFaceSet {
  coord DEF COORD_213 Coordinate { point [
  30.767714 1.1023622 0.39370076,30.767714 1.1023622 0.50393703,
  30.767715 1.003937 0.50394313,30.767715 1.003937 0.39369223] }
 coordIndex [
  0,2,1,-1,0,3,2,-1]
  normalPerVertex TRUE
  normal DEF NORM_213 Normal { vector [
  -1 -1.1124331e-05 2.4840662e-06,-1 -1.390668e-05 0,
  -1 -1.1124331e-05 2.4840662e-06,-1 -8.3423509e-06 4.9678383e-06] }
}
}
DEF SHAPE_214 Shape {
 appearance USE APP_1
 geometry DEF FACE_214 IndexedFaceSet {
  coord DEF COORD_214 Coordinate { point [
  30.728338 1.003937 0.35433167,30.490727 1.003937 0.35433085,
  30.490727 1.003937 0.34645669,30.19685 1.003937 0.34645669,
  30.19685 1.003937 0.26377953,30.03937 1.003937 0.26377953,
  30.039371 1.003937 0.48424105,30.09843 1.003937 0.54330524,
  30.085287 1.003937 0.54182578,30.072803 1.003937 0.53745813,
  30.061604 1.003937 0.5304214,30.052252 1.003937 0.52106861,
  30.045216 1.003937 0.50986897,30.04085 1.003937 0.49738434,
  30.426208 1.003937 0.54330709,30.426208 1.003937 0.55511811,
  30.518674 1.003937 0.55511811,30.518674 1.003937 0.54330695,
  30.72834 1.003937 0.54330544,30.767715 1.003937 0.50394313,
  30.766726 1.003937 0.51270352,30.763814 1.003937 0.52102439,
  30.759122 1.003937 0.52848839,30.752888 1.003937 0.53472114,
  30.745422 1.003937 0.53941001,30.7371 1.003937 0.54231982,
  30.767715 1.003937 0.39369223,30.737099 1.003937 0.35531757,
  30.74542 1.003937 0.35822695,30.752886 1.003937 0.36291539,
  30.759121 1.003937 0.36914773,30.763813 1.003937 0.37661139,
  30.766726 1.003937 0.384932] }
 coordIndex [
  0,28,27,-1,0,29,28,-1,0,30,29,-1,0,31,30,-1,0,32,31,-1,0,26,32,-1,19,26,0,-1,22,21,20,-1,
  23,22,20,-1,18,20,19,-1,18,24,23,-1,18,25,24,-1,18,19,0,-1,18,23,20,-1,17,0,1,-1,17,18,0,-1,
  14,16,17,-1,14,17,1,-1,15,16,14,-1,3,1,2,-1,3,14,1,-1,5,3,4,-1,6,3,5,-1,7,14,3,-1,
  7,3,6,-1,8,7,6,-1,12,6,13,-1,10,9,8,-1,10,12,11,-1,10,6,12,-1,10,8,6,-1]
  normalPerVertex TRUE
  normal DEF NORM_214 Normal { vector [
  0 1 0,0 1 0,
  0 1 0,0 1 0,
  0 1 0,0 1 0,
  0 1 0,0 1 0,
  0 1 0,0 1 0,
  0 1 0,0 1 0,
  0 1 0,0 1 0,
  0 1 0,0 1 0,
  0 1 0,0 1 0,
  0 1 0,0 1 0,
  0 1 0,0 1 0,
  0 1 0,0 1 0,
  0 1 0,0 1 0,
  0 1 0,0 1 0,
  0 1 0,0 1 0,
  0 1 0,0 1 0,
  0 1 0] }
}
}
DEF SHAPE_215 Shape {
 appearance USE APP_1
 geometry DEF FACE_215 IndexedFaceSet {
  coord DEF COORD_215 Coordinate { point [
  30.490727 1.003937 0.35433085,30.543028 1.0562369 0.35433076,
  30.728338 1.003937 0.35433167,30.728346 1.1023622 0.35433317,
  30.654382 1.1023605 0.35433081,30.566892 1.0758208 0.35433082,
  30.594118 1.0903734 0.35433081,30.623659 1.0993348 0.35433081] }
 coordIndex [
  2,3,4,-1,7,2,4,-1,6,2,7,-1,5,2,6,-1,1,2,5,-1,0,2,1,-1]
  normalPerVertex TRUE
  normal DEF NORM_215 Normal { vector [
  -3.4631453e-06 5.0489365e-06 1,-3.6822461e-06 4.2726147e-06 1,
  -8.8639125e-06 1.0766773e-06 1,-3.193966e-05 -1.528059e-05 1,
  -2.2324191e-05 -8.0554436e-06 1,-3.5613409e-06 3.8199245e-06 1,
  -2.4096541e-06 6.1414029e-06 1,-1.4138853e-06 7.4338241e-06 1] }
}
}
DEF SHAPE_216 Shape {
 appearance USE APP_1
 geometry DEF FACE_216 IndexedFaceSet {
  coord DEF COORD_216 Coordinate { point [
  30.543028 1.0562358 0.11811032,30.483443 0.99665329 0.11811096,
  30.543028 1.0562369 0.35433076,30.490727 1.003937 0.35433085,
  30.490727 1.003937 0.34645669,30.453461 0.96667107 0.34645669,
  30.434957 0.94816732 0.33238769,30.419522 0.93273163 0.31223344,
  30.408131 0.92134074 0.28726928,30.401505 0.91471543 0.25907486,
  30.400065 0.91327494 0.22943427,30.4039 0.91711042 0.2002231,
  30.412769 0.92597917 0.17328976,30.42611 0.93932 0.15033852,
  30.443079 0.95628872 0.1328217,30.462602 0.97581161 0.12184771] }
 coordIndex [
  4,0,1,-1,4,6,5,-1,4,7,6,-1,4,8,7,-1,4,9,8,-1,4,10,9,-1,4,11,10,-1,4,12,11,-1,
  4,13,12,-1,4,14,13,-1,4,15,14,-1,4,1,15,-1,2,4,3,-1,2,0,4,-1]
  normalPerVertex TRUE
  normal DEF NORM_216 Normal { vector [
  -0.70709517 0.70711839 -2.5739345e-06,-0.70709559 0.70711797 -7.1371588e-07,
  -0.70709905 0.70711451 -4.2058513e-06,-0.70709937 0.7071142 0,
  -0.70710157 0.70711199 -1.1438191e-06,-0.70710678 0.70710678 0,
  -0.70710678 0.70710678 0,-0.70710678 0.70710678 0,
  -0.70710678 0.70710678 0,-0.70710678 0.70710678 0,
  -0.70710678 0.70710678 0,-0.70710678 0.70710678 0,
  -0.70710678 0.70710678 0,-0.70710678 0.70710678 0,
  -0.70710678 0.70710678 0,-0.70710678 0.70710678 0] }
}
}
DEF SHAPE_217 Shape {
 appearance USE APP_1
 geometry DEF FACE_217 IndexedFaceSet {
  coord DEF COORD_217 Coordinate { point [
  30.65438 1.0039366 0.34645669,30.642858 1.0028013 0.34645669,
  30.631778 0.99943984 0.34645669,30.621568 0.99398079 0.34645669,
  30.61262 0.98663413 0.3464567,30.523058 0.89707394 0.34645669,
  30.453461 0.96667107 0.34645669,30.490727 1.003937 0.34645669,
  30.19685 1.003937 0.34645669,30.19685 0.70866142 0.34645669,
  30.374016 0.70866142 0.34645669,30.634698 0.96934314 0.34645669,
  30.652596 0.98403166 0.34645669,30.673015 0.9949463 0.34645669,
  30.695172 1.0016673 0.34645669,30.718213 1.0039367 0.34645669] }
 coordIndex [
  0,14,13,-1,0,15,14,-1,12,1,0,-1,12,0,13,-1,2,1,12,-1,11,3,2,-1,11,2,12,-1,4,3,11,-1,
  5,4,11,-1,8,7,6,-1,10,6,5,-1,10,8,6,-1,9,8,10,-1,10,5,11,-1]
  normalPerVertex TRUE
  normal DEF NORM_217 Normal { vector [
  2.3364627e-08 -3.9459841e-08 -1,0 -6.8013428e-08 -1,
  -5.803065e-08 -2.9470368e-08 -1,-1.9179752e-07 -3.6572325e-08 -1,
  -9.3410339e-08 1.1164429e-07 -1,0 1.1957936e-08 -1,
  0 0 -1,0 0 -1,
  0 0 -1,0 0 -1,
  0 0 -1,-2.7254224e-08 2.7955388e-08 -1,
  0 -3.167701e-08 -1,1.3337612e-08 -3.2199567e-08 -1,
  1.0307103e-08 -5.1817857e-08 -1,0 -8.5580748e-08 -1] }
}
}
DEF SHAPE_218 Shape {
 appearance USE APP_1
 geometry DEF FACE_218 IndexedFaceSet {
  coord DEF COORD_218 Coordinate { point [
  30.71842 1.0039394 0.22440945,30.718213 1.0039367 0.34645669,
  30.718504 1.0039378 0.1771654,30.654385 1.0039363 0.17716477,
  30.65438 1.0039366 0.34645669] }
 coordIndex [
  0,4,3,-1,0,1,4,-1,2,0,3,-1]
  normalPerVertex TRUE
  normal DEF NORM_218 Normal { vector [
  2.775389e-05 -1 -2.3896306e-06,2.1995747e-06 -1 -2.1875719e-05,
  2.404188e-05 -1 3.3041567e-05,4.2107442e-05 -1 8.5554708e-06,
  2.8357415e-05 -1 -8.1502849e-06] }
}
}
DEF SHAPE_219 Shape {
 appearance USE APP_1
 geometry DEF FACE_219 IndexedFaceSet {
  coord DEF COORD_219 Coordinate { point [
  30.71842 1.0039394 0.22440945,30.695323 1.0016974 0.22440945,
  30.67311 0.99498578 0.22440945,30.652639 0.98406034 0.22440945,
  30.634698 0.96934292 0.22440945,30.634698 0.96934314 0.34645669,
  30.652596 0.98403166 0.34645669,30.673015 0.9949463 0.34645669,
  30.695172 1.0016673 0.34645669,30.718213 1.0039367 0.34645669] }
 coordIndex [
  9,0,1,-1,8,1,2,-1,8,9,1,-1,7,2,3,-1,7,8,2,-1,6,3,4,-1,6,7,3,-1,5,6,4,-1]
  normalPerVertex TRUE
  normal DEF NORM_219 Normal { vector [
  -0.096614555 0.99532186 -0.00014173652,-0.16202606 0.98678648 -4.7672707e-05,
  -0.35166279 0.93612674 -4.1620253e-05,-0.52779206 0.84937361 -2.7788794e-05,
  -0.63431891 0.77307148 -2.204019e-05,-0.63439829 0.77300635 -2.5612046e-06,
  -0.58254342 0.81279958 -9.1835254e-07,-0.41264125 0.91089363 1.3720465e-05,
  -0.22685646 0.9739282 2.7434235e-05,-0.097314407 0.99525369 -9.2280749e-06] }
}
}
DEF SHAPE_220 Shape {
 appearance USE APP_1
 geometry DEF FACE_220 IndexedFaceSet {
  coord DEF COORD_220 Coordinate { point [
  30.634698 0.96934292 0.22440945,30.374016 0.70866142 0.22440945,
  30.634698 0.96934314 0.34645669,30.374016 0.70866142 0.34645669] }
 coordIndex [
  1,2,0,-1,1,3,2,-1]
  normalPerVertex TRUE
  normal DEF NORM_220 Normal { vector [
  -0.7071057 0.70710787 -2.5762295e-06,-0.707106 0.70710757 -1.2881147e-06,
  -0.707106 0.70710757 -1.2881147e-06,-0.7071063 0.70710726 0] }
}
}
DEF SHAPE_221 Shape {
 appearance USE APP_1
 geometry DEF FACE_221 IndexedFaceSet {
  coord DEF COORD_221 Coordinate { point [
  30.374016 0.70866142 0.34645669,30.19685 0.70866142 0.34645669,
  30.374016 0.70866142 0.22440945,30.19685 0.70866142 0.22440945] }
 coordIndex [
  1,0,2,-1,1,2,3,-1]
  normalPerVertex TRUE
  normal DEF NORM_221 Normal { vector [
  0 1 0,0 1 0,
  0 1 0,0 1 0] }
}
}
DEF SHAPE_222 Shape {
 appearance USE APP_1
 geometry DEF FACE_222 IndexedFaceSet {
  coord DEF COORD_222 Coordinate { point [
  30.19685 0.96456693 0.22440945,30.19685 0.70866142 0.22440945,
  30.19685 1.003937 0.26377953,30.19685 1.003937 0.34645669,
  30.19685 0.70866142 0.34645669] }
 coordIndex [
  0,4,1,-1,3,0,2,-1,3,4,0,-1]
  normalPerVertex TRUE
  normal DEF NORM_222 Normal { vector [
  1 0 0,1 0 0,
  1 0 0,1 0 0,
  1 0 0] }
}
}
DEF SHAPE_223 Shape {
 appearance USE APP_1
 geometry DEF FACE_223 IndexedFaceSet {
  coord DEF COORD_223 Coordinate { point [
  30.03937 1.0024097 0.26225226,30.03937 1.003937 0.26377953,
  29.783465 1.0024097 0.26225226,29.783464 1.003937 0.26377953,
  29.271654 1.003937 0.26377953,29.271654 1.0024097 0.26225226,
  29.015748 1.0024097 0.26225226,29.015748 1.003937 0.26377953,
  28.858268 1.003937 0.26377953,28.858268 0.96456693 0.22440945,
  30.19685 0.96456693 0.22440945,30.19685 1.003937 0.26377953] }
 coordIndex [
  0,11,10,-1,1,11,0,-1,2,0,10,-1,4,3,2,-1,4,2,5,-1,9,6,5,-1,8,7,6,-1,8,6,9,-1,
  9,2,10,-1,9,5,2,-1]
  normalPerVertex TRUE
  normal DEF NORM_223 Normal { vector [
  0 0.70710678 -0.70710678,0 0.70710678 -0.70710678,
  0 0.70710678 -0.70710678,0 0.70710678 -0.70710678,
  0 0.70710678 -0.70710678,0 0.70710678 -0.70710678,
  0 0.70710678 -0.70710678,0 0.70710678 -0.70710678,
  0 0.70710678 -0.70710678,0 0.70710678 -0.70710678,
  0 0.70710678 -0.70710678,0 0.70710678 -0.70710678] }
}
}
DEF SHAPE_224 Shape {
 appearance USE APP_1
 geometry DEF FACE_224 IndexedFaceSet {
  coord DEF COORD_224 Coordinate { point [
  30.03937 0.94488189 0.21653615,30.039371 0.87794277 0.21653543,
  30.039371 0.87794277 0.11811032,30.03937 0.94488189 0.11811169,
  30.03937 1.1023616 0.27559055,30.03937 1.0984126 0.24054814,
  30.03937 1.0867657 0.20726287,30.03937 1.0680041 0.17740385,
  30.03937 1.0430686 0.15246834,30.03937 1.0132096 0.13370674,
  30.03937 0.97992431 0.12205985,30.039371 1.1023622 0.48425119,
  30.039371 1.003937 0.48424105,30.03937 1.003937 0.26377953,
  30.03937 1.0024097 0.26225226,30.03937 0.95798981 0.21800978,
  30.03937 0.97044385 0.22235523,30.03937 0.98162259 0.22935678,
  30.03937 0.99096824 0.2386651,30.03937 0.99801448 0.24981572] }
 coordIndex [
  19,13,14,-1,3,0,1,-1,3,1,2,-1,3,15,0,-1,4,11,12,-1,4,12,13,-1,5,4,13,-1,10,16,15,-1,
  10,15,3,-1,6,13,19,-1,6,5,13,-1,9,17,16,-1,9,16,10,-1,7,19,18,-1,7,6,19,-1,8,18,17,-1,
  8,17,9,-1,8,7,18,-1]
  normalPerVertex TRUE
  normal DEF NORM_224 Normal { vector [
  1 8.8096254e-06 0,1 1.4296973e-05 2.5587907e-06,
  1 1.8059258e-05 5.1175646e-06,1 1.051522e-05 1.8819577e-06,
  1 3.2233994e-06 -3.9994046e-06,1 1.0293085e-06 -2.3474919e-07,
  1 -1.1387755e-07 -1.2339991e-06,1 0 0,
  1 0 0,1 0 0,
  1 0 0,1 5.234635e-06 -3.4455554e-06,
  1 3.3978522e-06 -4.3120028e-06,1 1.2450634e-06 -4.0514056e-06,
  0 0 1,1 0 0,
  1 0 0,1 0 0,
  1 0 0,1 -9.0458125e-07 -1.3876557e-06] }
}
}
DEF SHAPE_225 Shape {
 appearance USE APP_1
 geometry DEF FACE_225 IndexedFaceSet {
  coord DEF COORD_225 Coordinate { point [
  30.098425 1.1023622 0.54330524,30.09843 1.003937 0.54330524,
  30.039371 1.1023622 0.48425119,30.040852 1.1023622 0.49739216,
  30.045219 1.1023622 0.50987429,30.052254 1.1023622 0.52107157,
  30.061605 1.1023622 0.53042244,30.072802 1.1023622 0.53745793,
  30.085284 1.1023622 0.54182521,30.039371 1.003937 0.48424105,
  30.085287 1.003937 0.54182578,30.072803 1.003937 0.53745813,
  30.061604 1.003937 0.5304214,30.052252 1.003937 0.52106861,
  30.045216 1.003937 0.50986897,30.04085 1.003937 0.49738434] }
 coordIndex [
  10,0,1,-1,10,8,0,-1,11,6,7,-1,11,7,8,-1,11,8,10,-1,12,5,6,-1,12,6,11,-1,13,4,5,-1,
  13,5,12,-1,14,3,4,-1,14,4,13,-1,15,2,3,-1,15,3,14,-1,9,2,15,-1]
  normalPerVertex TRUE
  normal DEF NORM_225 Normal { vector [
  0.11188912 1.2046227e-06 -0.9937207,0.11185865 5.3229003e-06 -0.99372413,
  0.99372001 3.8036091e-06 -0.11189522,0.96590371 -2.2484067e-06 -0.25890159,
  0.88407472 -1.444091e-06 -0.46734558,0.75789587 -6.3723092e-07 -0.65237555,
  0.59370309 1.6988119e-07 -0.80468419,0.43386636 0 -0.90097724,
  0.25891749 -1.6920529e-07 -0.96589944,0.99373077 1.6722775e-05 -0.11179961,
  0.18571067 1.7847059e-06 -0.98260447,0.43386297 1.2122969e-06 -0.90097887,
  0.65240557 1.4456541e-06 -0.75787002,0.80471477 2.2530278e-06 -0.59366164,
  0.91665747 3.0601363e-06 -0.39967372,0.98261029 5.6092075e-06 -0.1856799] }
}
}
DEF SHAPE_226 Shape {
 appearance USE APP_1
 geometry DEF FACE_226 IndexedFaceSet {
  coord DEF COORD_226 Coordinate { point [
  30.09843 1.003937 0.54330524,30.426208 1.003937 0.54330709,
  30.421839 1.0067142 0.54330709,30.41773 1.0098634 0.54330709,
  30.413912 1.0133606 0.54330709,30.371033 1.0562367 0.54330709,
  30.347169 1.0758208 0.54330709,30.319943 1.0903735 0.54330709,
  30.290401 1.0993348 0.54330709,30.259679 1.1023604 0.54330709,
  30.098425 1.1023622 0.54330524] }
 coordIndex [
  9,0,10,-1,5,7,6,-1,5,8,7,-1,5,9,8,-1,5,0,9,-1,4,0,5,-1,3,0,4,-1,2,0,3,-1,
  1,0,2,-1]
  normalPerVertex TRUE
  normal DEF NORM_226 Normal { vector [
  7.0979055e-06 6.0069219e-06 -1,5.6416767e-06 8.8757985e-06 -1,
  5.6485042e-06 8.0807239e-06 -1,5.666057e-06 6.7574121e-06 -1,
  5.6904006e-06 5.7300248e-06 -1,4.8200762e-06 8.353022e-06 -1,
  0 0 -1,0 0 -1,
  0 0 -1,7.5606245e-06 5.8275944e-06 -1,
  1.1465059e-05 0 -1] }
}
}
DEF SHAPE_227 Shape {
 appearance USE APP_1
 geometry DEF FACE_227 IndexedFaceSet {
  coord DEF COORD_227 Coordinate { point [
  30.45567 0.99606369 0.68110236,30.455672 0.99606403 0.55511811,
  30.426208 1.003937 0.68110236,30.435519 0.99960714 0.68110236,
  30.44544 0.99695607 0.68110236,30.413912 1.0133602 0.68110236,
  30.41773 1.0098635 0.68110236,30.421839 1.0067142 0.68110236,
  30.413912 1.0133606 0.54330709,30.426208 1.003937 0.54330709,
  30.421839 1.0067142 0.54330709,30.41773 1.0098634 0.54330709,
  30.426208 1.003937 0.55511811,30.445442 0.99695576 0.55511811,
  30.43552 0.99960683 0.55511811] }
 coordIndex [
  13,0,1,-1,13,4,0,-1,14,3,4,-1,14,4,13,-1,12,2,3,-1,12,6,7,-1,12,7,2,-1,12,3,14,-1,
  10,12,9,-1,11,12,10,-1,11,6,12,-1,8,5,6,-1,8,6,11,-1]
  normalPerVertex TRUE
  normal DEF NORM_227 Normal { vector [
  0.086867479 0.99621988 1.6684412e-06,0.086831994 0.99622297 4.5712264e-06,
  0.46100795 0.88739601 4.9459278e-07,0.36839872 0.92966789 1.5561977e-07,
  0.20175298 0.97943644 -2.1559337e-07,0.67541201 0.73744058 4.1973471e-06,
  0.62236652 0.78272566 0.00067207866,0.57292246 0.81960759 0.0018019926,
  0.67545313 0.73740293 2.1026537e-06,0.53643154 0.84394384 0,
  0.57281169 0.81946175 -0.01921457,0.6083012 0.79370555 -0.0010693181,
  0.50286216 0.86436662 3.3038507e-07,0.14444816 0.98951237 1.529156e-06,
  0.31371279 0.94951792 4.1315657e-07] }
}
}
DEF SHAPE_228 Shape {
 appearance USE APP_1
 geometry DEF FACE_228 IndexedFaceSet {
  coord DEF COORD_228 Coordinate { point [
  30.455672 0.99606403 0.55511811,30.489208 0.99606369 0.55511811,
  30.518674 1.003937 0.55511811,30.509361 0.99960668 0.55511811,
  30.499439 0.99695561 0.55511811,30.426208 1.003937 0.55511811,
  30.445442 0.99695576 0.55511811,30.43552 0.99960683 0.55511811] }
 coordIndex [
  2,5,7,-1,2,7,6,-1,2,6,0,-1,2,0,3,-1,3,0,4,-1,4,0,1,-1]
  normalPerVertex TRUE
  normal DEF NORM_228 Normal { vector [
  0 0 1,0 0 1,
  0 0 1,0 0 1,
  0 0 1,0 0 1,
  0 0 1,0 0 1] }
}
}
DEF SHAPE_229 Shape {
 appearance USE APP_1
 geometry DEF FACE_229 IndexedFaceSet {
  coord DEF COORD_229 Coordinate { point [
  30.53097 1.0133602 0.54330709,30.527152 1.0098634 0.54330709,
  30.523043 1.0067142 0.54330709,30.518674 1.003937 0.54330695,
  30.53097 1.0133603 0.68110236,30.518674 1.003937 0.68110236,
  30.523043 1.0067142 0.68110236,30.527152 1.0098635 0.68110236,
  30.489212 0.99606346 0.68110236,30.499442 0.99695602 0.68110236,
  30.509363 0.9996071 0.68110236,30.489208 0.99606369 0.55511811,
  30.518674 1.003937 0.55511811,30.509361 0.99960668 0.55511811,
  30.499439 0.99695561 0.55511811] }
 coordIndex [
  0,7,4,-1,1,7,0,-1,12,1,2,-1,12,5,6,-1,12,6,7,-1,12,10,5,-1,12,7,1,-1,3,12,2,-1,
  13,9,10,-1,13,10,12,-1,14,8,9,-1,14,9,13,-1,11,8,14,-1]
  normalPerVertex TRUE
  normal DEF NORM_229 Normal { vector [
  -0.6754284 0.73742557 -8.3463472e-07,-0.60827259 0.79372748 -0.0010693144,
  -0.57281147 0.81946191 -0.019214452,-0.53643153 0.84394384 0,
  -0.67544497 0.73741039 -1.6789891e-06,-0.46100699 0.8873965 8.9201681e-08,
  -0.57291863 0.81961027 0.0018018004,-0.62235587 0.78273413 0.00067087925,
  -0.086883068 0.99621852 1.3108649e-06,-0.20175389 0.97943625 -2.8563542e-07,
  -0.36839814 0.92966812 1.8507805e-08,-0.086846964 0.99622166 4.2641431e-06,
  -0.50286011 0.86436781 2.3502579e-07,-0.31370743 0.94951969 5.4992677e-07,
  -0.14445526 0.98951133 1.4267063e-06] }
}
}
DEF SHAPE_230 Shape {
 appearance USE APP_1
 geometry DEF FACE_230 IndexedFaceSet {
  coord DEF COORD_230 Coordinate { point [
  30.685203 1.1023615 0.54330709,30.654481 1.0993348 0.54330709,
  30.624939 1.0903735 0.54330709,30.597713 1.0758208 0.54330709,
  30.573849 1.056236 0.54330709,30.53097 1.0133602 0.54330709,
  30.527152 1.0098634 0.54330709,30.523043 1.0067142 0.54330709,
  30.518674 1.003937 0.54330695,30.72834 1.003937 0.54330544,
  30.728346 1.1023622 0.54330462] }
 coordIndex [
  9,3,2,-1,9,4,3,-1,9,5,4,-1,9,6,5,-1,9,7,6,-1,9,8,7,-1,1,9,2,-1,0,9,1,-1,
  10,9,0,-1]
  normalPerVertex TRUE
  normal DEF NORM_230 Normal { vector [
  -3.3442273e-05 2.0487662e-06 -1,-2.9709678e-06 1.4935276e-05 -1,
  -5.268652e-06 1.2719652e-05 -1,-6.9025113e-06 1.0330174e-05 -1,
  -7.8156951e-06 8.3515003e-06 -1,-7.9485497e-06 8.0041398e-06 -1,
  -7.8952096e-06 9.4169949e-06 -1,-7.5504425e-06 3.389998e-05 -1,
  -7.1892288e-06 6.0601866e-05 -1,-1.3535545e-05 8.9314239e-06 -1,
  -5.711289e-05 -8.3253115e-06 -1] }
}
}
DEF SHAPE_231 Shape {
 appearance USE APP_1
 geometry DEF FACE_231 IndexedFaceSet {
  coord DEF COORD_231 Coordinate { point [
  30.728346 1.1023622 0.54330462,30.72834 1.003937 0.54330544,
  30.767715 1.003937 0.50394313,30.766726 1.003937 0.51270352,
  30.763814 1.003937 0.52102439,30.759122 1.003937 0.52848839,
  30.752888 1.003937 0.53472114,30.745422 1.003937 0.53941001,
  30.7371 1.003937 0.54231982,30.767714 1.1023622 0.50393703,
  30.737107 1.1023622 0.54231832,30.745428 1.1023622 0.53940712,
  30.752893 1.1023622 0.53471706,30.759127 1.1023622 0.52848336,
  30.763817 1.1023622 0.52101869,30.766728 1.1023622 0.51269746] }
 coordIndex [
  0,8,1,-1,10,7,8,-1,10,8,0,-1,11,6,7,-1,11,7,10,-1,12,5,6,-1,12,6,11,-1,13,4,5,-1,
  13,5,12,-1,14,3,4,-1,14,4,13,-1,15,2,3,-1,15,3,14,-1,9,2,15,-1]
  normalPerVertex TRUE
  normal DEF NORM_231 Normal { vector [
  -0.11183957 -4.0783114e-06 -0.99372628,-0.11179942 -4.6164044e-07 -0.99373079,
  -0.99370436 -6.8503365e-06 -0.11203408,-0.96586658 2.4065628e-06 -0.25904006,
  -0.88401778 2.4522329e-06 -0.46745328,-0.75781569 2.4946676e-06 -0.65246868,
  -0.59360333 2.5371012e-06 -0.80475778,-0.39961722 2.5795337e-06 -0.9166821,
  -0.18561738 -1.5468085e-07 -0.9826221,-0.99372175 -2.0753628e-05 -0.11187973,
  -0.25883558 -2.5369199e-06 -0.9659214,-0.46730973 -2.4944894e-06 -0.88409367,
  -0.65234491 -2.4520577e-06 -0.75792223,-0.80466027 -2.409625e-06 -0.59373551,
  -0.91661608 -2.3671913e-06 -0.39976864,-0.98258745 -6.9597732e-06 -0.18580072] }
}
}
DEF SHAPE_232 Shape {
 appearance USE APP_1
 geometry DEF FACE_232 IndexedFaceSet {
  coord DEF COORD_232 Coordinate { point [
  30.573848 1.0562367 0.68110236,30.597713 1.0758208 0.68110236,
  30.624939 1.0903735 0.68110236,30.654481 1.0993348 0.68110236,
  30.685203 1.102361 0.68110236,30.685203 1.1023615 0.54330709,
  30.654481 1.0993348 0.54330709,30.624939 1.0903735 0.54330709,
  30.597713 1.0758208 0.54330709,30.573849 1.056236 0.54330709] }
 coordIndex [
  3,4,5,-1,3,5,6,-1,3,6,7,-1,2,7,8,-1,2,3,7,-1,1,8,9,-1,1,2,8,-1,0,1,9,-1]
  normalPerVertex TRUE
  normal DEF NORM_232 Normal { vector [
  -0.63437705 0.77302377 -7.1729425e-06,-0.58255224 0.81279326 -2.4012602e-06,
  -0.41279354 0.91082462 0,-0.19509632 0.98078409 9.0228027e-07,
  -0.098025275 0.99518393 3.5905738e-06,-0.09803325 0.99518314 1.7952851e-06,
  -0.19510022 0.98078331 0,-0.35216113 0.93593939 0,
  -0.52799341 0.84924847 0,-0.63438942 0.77301362 -3.5876472e-06] }
}
}
DEF SHAPE_233 Shape {
 appearance USE APP_1
 geometry DEF FACE_233 IndexedFaceSet {
  coord DEF COORD_233 Coordinate { point [
  30.53097 1.0133603 0.68110236,30.573848 1.0562367 0.68110236,
  30.573849 1.056236 0.54330709,30.53097 1.0133602 0.54330709] }
 coordIndex [
  3,0,1,-1,2,3,1,-1]
  normalPerVertex TRUE
  normal DEF NORM_233 Normal { vector [
  -0.70708941 0.70712415 -1.6803303e-06,-0.70708497 0.70712859 -4.4457657e-06,
  -0.70708052 0.70713304 -7.2112009e-06,-0.70708497 0.70712859 -4.4457657e-06] }
}
}
DEF SHAPE_234 Shape {
 appearance USE APP_1
 geometry DEF FACE_234 IndexedFaceSet {
  coord DEF COORD_234 Coordinate { point [
  30.259679 1.1023614 0.68110236,30.290401 1.0993348 0.68110236,
  30.319943 1.0903735 0.68110236,30.347169 1.0758208 0.68110236,
  30.371033 1.056236 0.68110236,30.413912 1.0133602 0.68110236,
  30.41773 1.0098635 0.68110236,30.421839 1.0067142 0.68110236,
  30.426208 1.003937 0.68110236,30.518674 1.003937 0.68110236,
  30.523043 1.0067142 0.68110236,30.527152 1.0098635 0.68110236,
  30.53097 1.0133603 0.68110236,30.573848 1.0562367 0.68110236,
  30.597713 1.0758208 0.68110236,30.624939 1.0903735 0.68110236,
  30.654481 1.0993348 0.68110236,30.685203 1.102361 0.68110236] }
 coordIndex [
  9,11,10,-1,9,12,11,-1,5,7,6,-1,5,8,7,-1,5,9,8,-1,5,13,12,-1,5,12,9,-1,4,14,13,-1,
  4,13,5,-1,3,15,14,-1,3,14,4,-1,2,16,15,-1,2,15,3,-1,1,16,2,-1,0,17,16,-1,0,16,1,-1]
  normalPerVertex TRUE
  normal DEF NORM_234 Normal { vector [
  0 0 -1,0 0 -1,
  0 0 -1,0 0 -1,
  0 0 -1,0 0 -1,
  0 0 1,0 0 1,
  0 0 -1,0 0 -1,
  0 0 1,0 0 1,
  0 0 -1,0 0 -1,
  0 0 -1,0 0 -1,
  0 0 -1,0 0 -1] }
}
}
DEF SHAPE_235 Shape {
 appearance USE APP_1
 geometry DEF FACE_235 IndexedFaceSet {
  coord DEF COORD_235 Coordinate { point [
  30.259679 1.1023614 0.68110236,30.290401 1.0993348 0.68110236,
  30.319943 1.0903735 0.68110236,30.347169 1.0758208 0.68110236,
  30.371033 1.056236 0.68110236,30.371033 1.0562367 0.54330709,
  30.347169 1.0758208 0.54330709,30.319943 1.0903735 0.54330709,
  30.290401 1.0993348 0.54330709,30.259679 1.1023604 0.54330709] }
 coordIndex [
  4,5,6,-1,3,6,7,-1,3,4,6,-1,2,7,8,-1,2,3,7,-1,1,8,9,-1,1,2,8,-1,0,1,9,-1]
  normalPerVertex TRUE
  normal DEF NORM_235 Normal { vector [
  0.098038032 0.99518267 -7.172946e-06,0.16280498 0.98665827 -2.4012613e-06,
  0.35216114 0.93593939 0,0.52799342 0.84924846 0,
  0.63438942 0.77301362 3.5888248e-06,0.63437705 0.77302377 7.1741265e-06,
  0.58255224 0.81279326 2.4016564e-06,0.41279356 0.91082461 0,
  0.22716162 0.97385707 0,0.098022108 0.99518424 -3.5882342e-06] }
}
}
DEF SHAPE_236 Shape {
 appearance USE APP_1
 geometry DEF FACE_236 IndexedFaceSet {
  coord DEF COORD_236 Coordinate { point [
  30.413912 1.0133606 0.54330709,30.371033 1.0562367 0.54330709,
  30.371033 1.056236 0.68110236,30.413912 1.0133602 0.68110236] }
 coordIndex [
  1,2,3,-1,0,1,3,-1]
  normalPerVertex TRUE
  normal DEF NORM_236 Normal { vector [
  0.70708536 0.7071282 4.200845e-06,0.70708294 0.70713062 5.7060303e-06,
  0.70708052 0.70713304 7.2112155e-06,0.70708294 0.70713062 5.7060303e-06] }
}
}
DEF SHAPE_237 Shape {
 appearance USE APP_1
 geometry DEF FACE_237 IndexedFaceSet {
  coord DEF COORD_237 Coordinate { point [
  30.458932 0.90551261 0.68110236,30.485951 0.9055136 0.68110236,
  30.597306 0.95163801 0.68110236,30.573442 0.93205364 0.68110236,
  30.546216 0.91750071 0.68110236,30.516673 0.90853922 0.68110236,
  30.63231 0.98663943 0.68110236,30.674067 1.0039366 0.68110236,
  30.662546 1.002802 0.68110236,30.651468 0.99944163 0.68110236,
  30.641258 0.99398418 0.68110236,30.518674 1.003937 0.68110236,
  30.489212 0.99606346 0.68110236,30.499442 0.99695602 0.68110236,
  30.509363 0.9996071 0.68110236,30.45567 0.99606369 0.68110236,
  30.426208 1.003937 0.68110236,30.435519 0.99960714 0.68110236,
  30.44544 0.99695607 0.68110236,30.270814 1.0039366 0.68110236,
  30.312572 0.98664018 0.68110236,30.303623 0.99398448 0.68110236,
  30.293413 0.99944186 0.68110236,30.282335 1.0028021 0.68110236,
  30.347577 0.95163799 0.68110236,30.428209 0.90853902 0.68110236,
  30.398667 0.91750032 0.68110236,30.371441 0.93205308 0.68110236] }
 coordIndex [
  11,2,6,-1,11,8,7,-1,11,9,8,-1,11,10,9,-1,11,6,10,-1,3,2,11,-1,4,11,14,-1,4,3,11,-1,
  5,13,12,-1,5,14,13,-1,5,4,14,-1,1,5,12,-1,0,12,15,-1,0,1,12,-1,25,18,17,-1,25,15,18,-1,
  25,0,15,-1,26,17,16,-1,26,25,17,-1,27,26,16,-1,24,27,16,-1,20,24,16,-1,21,20,16,-1,22,21,16,-1,
  23,22,16,-1,19,23,16,-1]
  normalPerVertex TRUE
  normal DEF NORM_237 Normal { vector [
  0 0 1,0 0 1,
  0 0 1,0 0 1,
  0 0 1,0 0 1,
  0 0 1,0 0 1,
  0 0 1,0 0 1,
  0 0 1,0 0 1,
  0 0 1,0 0 1,
  0 0 1,0 0 1,
  0 0 1,0 0 1,
  0 0 1,0 0 1,
  0 0 1,0 0 1,
  0 0 1,0 0 1,
  0 0 1,0 0 1,
  0 0 1,0 0 1] }
}
}
DEF SHAPE_238 Shape {
 appearance USE APP_1
 geometry DEF FACE_238 IndexedFaceSet {
  coord DEF COORD_238 Coordinate { point [
  30.45567 0.99606369 0.68110236,30.455672 0.99606403 0.55511811,
  30.489212 0.99606346 0.68110236,30.489208 0.99606369 0.55511811] }
 coordIndex [
  3,1,0,-1,3,0,2,-1]
  normalPerVertex TRUE
  normal DEF NORM_238 Normal { vector [
  8.6271893e-06 1 2.300412e-06,1.0351614e-05 1 2.7594735e-06,
  6.9030817e-06 1 1.841435e-06,8.6271893e-06 1 2.300412e-06] }
}
}
DEF SHAPE_239 Shape {
 appearance USE APP_1
 geometry DEF FACE_239 IndexedFaceSet {
  coord DEF COORD_239 Coordinate { point [
  30.63231 0.98663943 0.68110236,30.632312 0.98664151 0.55511811,
  30.674067 1.0039366 0.68110236,30.662546 1.002802 0.68110236,
  30.651468 0.99944163 0.68110236,30.641258 0.99398418 0.68110236,
  30.674065 1.0039363 0.55511811,30.64126 0.99398516 0.55511811,
  30.651468 0.99944185 0.55511811,30.662546 1.0028018 0.55511811] }
 coordIndex [
  3,6,2,-1,3,9,6,-1,4,7,8,-1,4,8,9,-1,4,9,3,-1,5,1,7,-1,5,7,4,-1,0,1,5,-1]
  normalPerVertex TRUE
  normal DEF NORM_239 Normal { vector [
  0.63444926 -0.77296452 -2.290138e-06,0.63443386 -0.77297715 -4.604873e-07,
  0.098011941 -0.99518524 9.2507122e-07,0.16279465 -0.98665997 3.0961385e-07,
  0.38268451 -0.92387909 -4.6270977e-07,0.5825882 -0.81276749 -7.667801e-07,
  0.098009488 -0.99518548 6.9860012e-07,0.52800589 -0.84924071 1.5008419e-07,
  0.38268 -0.92388095 0,0.22715596 -0.97385839 -1.5027172e-07] }
}
}
DEF SHAPE_240 Shape {
 appearance USE APP_1
 geometry DEF FACE_240 IndexedFaceSet {
  coord DEF COORD_240 Coordinate { point [
  30.275589 0.94488189 0.55511811,30.275591 0.88582677 0.55511811,
  30.688976 0.88582677 0.55511811,30.688978 0.94488189 0.55511811,
  30.748033 1.0039362 0.55511811,30.734892 1.0024554 0.55511811,
  30.722409 0.99808828 0.55511811,30.711212 0.99105295 0.55511811,
  30.701861 0.9817022 0.55511811,30.694826 0.97050499 0.55511811,
  30.690458 0.95802288 0.55511811,30.674065 1.0039363 0.55511811,
  30.632312 0.98664151 0.55511811,30.64126 0.99398516 0.55511811,
  30.651468 0.99944185 0.55511811,30.662546 1.0028018 0.55511811,
  30.597315 0.95164757 0.55511811,30.485945 0.9055136 0.55511811,
  30.516672 0.90853897 0.55511811,30.546219 0.91750206 0.55511811,
  30.573449 0.93205827 0.55511811,30.458945 0.905513 0.55511811,
  30.347573 0.95164228 0.55511811,30.37144 0.93205378 0.55511811,
  30.39867 0.91749897 0.55511811,30.428218 0.9085374 0.55511811,
  30.312573 0.98663778 0.55511811,30.270817 1.0039365 0.55511811,
  30.282338 1.0028016 0.55511811,30.293416 0.99944081 0.55511811,
  30.303625 0.99398294 0.55511811,30.216534 1.0039362 0.55511811,
  30.274109 0.95802288 0.55511811,30.269741 0.97050499 0.55511811,
  30.262706 0.9817022 0.55511811,30.253355 0.99105295 0.55511811,
  30.242158 0.99808828 0.55511811,30.229675 1.0024554 0.55511811] }
 coordIndex [
  27,35,34,-1,27,36,35,-1,27,37,36,-1,27,31,37,-1,28,34,33,-1,28,27,34,-1,29,28,33,-1,30,29,33,-1,
  26,32,0,-1,26,33,32,-1,26,30,33,-1,22,0,1,-1,22,26,0,-1,23,22,1,-1,24,23,1,-1,25,24,1,-1,
  21,25,1,-1,17,21,1,-1,2,18,17,-1,2,19,18,-1,2,20,19,-1,2,16,20,-1,2,17,1,-1,3,12,16,-1,
  3,16,2,-1,10,13,12,-1,10,12,3,-1,14,13,10,-1,15,14,10,-1,15,10,9,-1,11,15,9,-1,8,11,9,-1,
  7,11,8,-1,6,11,7,-1,5,11,6,-1,4,11,5,-1]
  normalPerVertex TRUE
  normal DEF NORM_240 Normal { vector [
  0 0 1,0 0 1,
  0 0 1,0 0 1,
  0 0 1,0 0 1,
  0 0 1,0 0 1,
  0 0 1,0 0 1,
  0 0 1,0 0 1,
  0 0 1,0 0 1,
  0 0 1,0 0 1,
  0 0 1,0 0 1,
  0 0 1,0 0 1,
  0 0 1,0 0 1,
  0 0 1,0 0 1,
  0 0 1,0 0 1,
  0 0 1,0 0 1,
  0 0 1,0 0 1,
  0 0 1,0 0 1,
  0 0 1,0 0 1,
  0 0 1,0 0 1,
  0 0 1,0 0 1] }
}
}
DEF SHAPE_241 Shape {
 appearance USE APP_1
 geometry DEF FACE_241 IndexedFaceSet {
  coord DEF COORD_241 Coordinate { point [
  30.270817 1.0039365 0.55511811,30.282338 1.0028016 0.55511811,
  30.293416 0.99944081 0.55511811,30.303625 0.99398294 0.55511811,
  30.312573 0.98663778 0.55511811,30.270814 1.0039366 0.68110236,
  30.312572 0.98664018 0.68110236,30.303623 0.99398448 0.68110236,
  30.293413 0.99944186 0.68110236,30.282335 1.0028021 0.68110236] }
 coordIndex [
  0,9,5,-1,1,8,9,-1,1,9,0,-1,2,7,8,-1,2,8,1,-1,3,6,7,-1,3,7,2,-1,4,6,3,-1]
  normalPerVertex TRUE
  normal DEF NORM_241 Normal { vector [
  -0.098018529 -0.99518459 4.3567461e-07,-0.22717128 -0.97385482 7.1493745e-07,
  -0.41282373 -0.91081094 7.2527117e-07,-0.58260547 -0.81275511 2.2662546e-06,
  -0.63447917 -0.77293996 6.7685776e-06,-0.098000438 -0.99518637 -1.2343804e-06,
  -0.63444158 -0.77297081 2.3015939e-06,-0.52801601 -0.84923441 -7.1488651e-07,
  -0.3521657 -0.93593767 -7.0524656e-07,-0.16279486 -0.98665994 -4.1354917e-07] }
}
}
DEF SHAPE_242 Shape {
 appearance USE APP_1
 geometry DEF FACE_242 IndexedFaceSet {
  coord DEF COORD_242 Coordinate { point [
  30.312573 0.98663778 0.55511811,30.347573 0.95164228 0.55511811,
  30.312572 0.98664018 0.68110236,30.347577 0.95163799 0.68110236] }
 coordIndex [
  2,0,1,-1,2,1,3,-1]
  normalPerVertex TRUE
  normal DEF NORM_242 Normal { vector [
  -0.70706633 -0.70714723 4.5980658e-06,-0.70707048 -0.70714308 2.2969174e-06,
  -0.70707048 -0.70714308 2.2969174e-06,-0.70707462 -0.70713894 0] }
}
}
DEF SHAPE_243 Shape {
 appearance USE APP_1
 geometry DEF FACE_243 IndexedFaceSet {
  coord DEF COORD_243 Coordinate { point [
  30.347573 0.95164228 0.55511811,30.37144 0.93205378 0.55511811,
  30.39867 0.91749897 0.55511811,30.428218 0.9085374 0.55511811,
  30.458945 0.905513 0.55511811,30.458932 0.90551261 0.68110236,
  30.428209 0.90853902 0.68110236,30.398667 0.91750032 0.68110236,
  30.371441 0.93205308 0.68110236,30.347577 0.95163799 0.68110236] }
 coordIndex [
  9,0,1,-1,8,9,1,-1,7,1,2,-1,7,8,1,-1,6,2,3,-1,6,7,2,-1,5,3,4,-1,5,6,3,-1]
  normalPerVertex TRUE
  normal DEF NORM_243 Normal { vector [
  -0.63441917 -0.77298921 -4.7177563e-06,-0.55557834 -0.83146419 -1.87549e-06,
  -0.35214704 -0.93594469 -2.1694102e-06,-0.16277481 -0.98666325 -4.4713857e-06,
  -0.097951908 -0.99519115 -1.3351985e-05,-0.09799218 -0.99518718 -3.4387122e-06,
  -0.22715845 -0.97385781 9.1817822e-07,-0.41279176 -0.91082543 -3.301345e-07,
  -0.555575 -0.83146643 0,-0.63441017 -0.77299659 -1.8664556e-06] }
}
}
DEF SHAPE_244 Shape {
 appearance USE APP_1
 geometry DEF FACE_244 IndexedFaceSet {
  coord DEF COORD_244 Coordinate { point [
  30.485945 0.9055136 0.55511811,30.458945 0.905513 0.55511811,
  30.458932 0.90551261 0.68110236,30.485951 0.9055136 0.68110236] }
 coordIndex [
  3,1,0,-1,2,1,3,-1]
  normalPerVertex TRUE
  normal DEF NORM_244 Normal { vector [
  2.2057433e-05 -1 0,2.9420155e-05 -1 -1.5809239e-06,
  3.6777647e-05 -1 -3.1580307e-06,2.9420155e-05 -1 -1.5809239e-06] }
}
}
DEF SHAPE_245 Shape {
 appearance USE APP_1
 geometry DEF FACE_245 IndexedFaceSet {
  coord DEF COORD_245 Coordinate { point [
  30.485945 0.9055136 0.55511811,30.516672 0.90853897 0.55511811,
  30.546219 0.91750206 0.55511811,30.573449 0.93205827 0.55511811,
  30.597315 0.95164757 0.55511811,30.597306 0.95163801 0.68110236,
  30.573442 0.93205364 0.68110236,30.546216 0.91750071 0.68110236,
  30.516673 0.90853922 0.68110236,30.485951 0.9055136 0.68110236] }
 coordIndex [
  9,0,1,-1,8,9,1,-1,7,1,2,-1,7,8,1,-1,6,2,3,-1,6,7,2,-1,5,3,4,-1,5,6,3,-1]
  normalPerVertex TRUE
  normal DEF NORM_245 Normal { vector [
  0.097983819 -0.99518801 -4.7177622e-06,0.19508075 -0.98078718 -1.8754927e-06,
  0.41280728 -0.9108184 -2.1694124e-06,0.5825771 -0.81277544 -4.471386e-06,
  0.63444395 -0.77296887 -1.3351986e-05,0.63441267 -0.77299454 -3.4387094e-06,
  0.52799619 -0.84924674 9.1817973e-07,0.35216299 -0.93593869 -3.3013375e-07,
  0.1950847 -0.9807864 0,0.097995399 -0.99518687 -1.8664597e-06] }
}
}
DEF SHAPE_246 Shape {
 appearance USE APP_1
 geometry DEF FACE_246 IndexedFaceSet {
  coord DEF COORD_246 Coordinate { point [
  30.597315 0.95164757 0.55511811,30.632312 0.98664151 0.55511811,
  30.597306 0.95163801 0.68110236,30.63231 0.98663943 0.68110236] }
 coordIndex [
  3,0,1,-1,2,0,3,-1]
  normalPerVertex TRUE
  normal DEF NORM_246 Normal { vector [
  0.70707769 -0.70713587 -1.5843704e-06,0.70707485 -0.70713871 0,
  0.70708054 -0.70713302 -3.1657206e-06,0.70707769 -0.70713587 -1.5843704e-06] }
}
}
DEF SHAPE_247 Shape {
 appearance USE APP_1
 geometry DEF FACE_247 IndexedFaceSet {
  coord DEF COORD_247 Coordinate { point [
  30.748033 1.0039362 0.55511811,30.748043 1.0039352 0.70866142,
  30.734892 1.0024554 0.55511811,30.722409 0.99808828 0.55511811,
  30.711212 0.99105295 0.55511811,30.701861 0.9817022 0.55511811,
  30.694826 0.97050499 0.55511811,30.690458 0.95802288 0.55511811,
  30.688978 0.94488189 0.55511811,30.688977 0.94488189 0.70866142,
  30.690459 0.95802429 0.70866142,30.694827 0.97050758 0.70866142,
  30.701864 0.98170557 0.70866142,30.711217 0.99105653 0.70866142,
  30.722416 0.9980914 0.70866142,30.7349 1.0024573 0.70866142] }
 coordIndex [
  15,1,0,-1,15,0,2,-1,14,2,3,-1,14,15,2,-1,13,3,4,-1,13,14,3,-1,12,4,5,-1,12,13,4,-1,
  11,5,6,-1,11,12,5,-1,10,6,7,-1,10,11,6,-1,9,7,8,-1,9,10,7,-1]
  normalPerVertex TRUE
  normal DEF NORM_247 Normal { vector [
  -0.11186351 0.99372358 3.9959273e-06,-0.11174481 0.99373694 1.4277221e-05,
  -0.25889007 0.96590679 -1.7555055e-06,-0.46733348 0.88408112 -1.4058092e-06,
  -0.65236276 0.75790687 -1.0545348e-06,-0.80467229 0.59371922 -7.0318391e-07,
  -0.91662285 0.39975312 -3.5175663e-07,-0.98259425 0.18576474 -2.4513277e-06,
  -0.99371723 0.11191992 -7.31264e-06,-0.99371179 0.11196816 -3.1314799e-06,
  -0.96588739 0.25896244 7.0334926e-07,-0.88404299 0.46740561 1.0551832e-06,
  -0.75784838 0.65243071 1.4066736e-06,-0.59364057 0.80473031 1.7580876e-06,
  -0.39965613 0.91666514 2.1094251e-06,-0.18565142 0.98261567 4.787898e-06] }
}
}
DEF SHAPE_248 Shape {
 appearance USE APP_1
 geometry DEF FACE_248 IndexedFaceSet {
  coord DEF COORD_248 Coordinate { point [
  30.688978 0.94488189 0.55511811,30.688977 0.94488189 0.70866142,
  30.688976 0.88582677 0.70866142,30.688976 0.88582677 0.55511811] }
 coordIndex [
  2,0,3,-1,1,0,2,-1]
  normalPerVertex TRUE
  normal DEF NORM_248 Normal { vector [
  -1 2.0870666e-05 -4.0135898e-06,-1 1.2174533e-05 -7.3582565e-06,
  -1 2.0870666e-05 -4.0135898e-06,-1 2.95668e-05 -6.6892308e-07] }
}
}
DEF SHAPE_249 Shape {
 appearance USE APP_1
 geometry DEF FACE_249 IndexedFaceSet {
  coord DEF COORD_249 Coordinate { point [
  30.688976 0.88582677 0.55511811,30.688976 0.88582677 0.70866142,
  30.275591 0.88582677 0.55511811,30.27559 0.88582677 0.70866142] }
 coordIndex [
  1,2,3,-1,0,2,1,-1]
  normalPerVertex TRUE
  normal DEF NORM_249 Normal { vector [
  0 1 0,0 1 0,
  0 1 0,0 1 0] }
}
}
DEF SHAPE_250 Shape {
 appearance USE APP_1
 geometry DEF FACE_250 IndexedFaceSet {
  coord DEF COORD_250 Coordinate { point [
  30.27559 0.88582677 0.70866142,30.275589 0.94488189 0.70866142,
  30.275591 0.88582677 0.55511811,30.275589 0.94488189 0.55511811] }
 coordIndex [
  3,1,0,-1,2,3,0,-1]
  normalPerVertex TRUE
  normal DEF NORM_250 Normal { vector [
  1 3.0391866e-05 3.3397449e-07,1 2.9523533e-05 0,
  1 3.1260199e-05 6.6794872e-07,1 3.0391866e-05 3.3397449e-07] }
}
}
DEF SHAPE_251 Shape {
 appearance USE APP_1
 geometry DEF FACE_251 IndexedFaceSet {
  coord DEF COORD_251 Coordinate { point [
  30.216534 1.0039352 0.70866142,30.229675 1.0024555 0.70866142,
  30.242157 0.99808844 0.70866142,30.253355 0.99105313 0.70866142,
  30.262706 0.98170237 0.70866142,30.269741 0.97050512 0.70866142,
  30.274109 0.95802296 0.70866142,30.275589 0.94488189 0.70866142,
  30.275589 0.94488189 0.55511811,30.274109 0.95802288 0.55511811,
  30.269741 0.97050499 0.55511811,30.262706 0.9817022 0.55511811,
  30.253355 0.99105295 0.55511811,30.242158 0.99808828 0.55511811,
  30.229675 1.0024554 0.55511811,30.216534 1.0039362 0.55511811] }
 coordIndex [
  15,0,1,-1,14,1,2,-1,14,15,1,-1,13,2,3,-1,13,14,2,-1,12,3,4,-1,12,13,3,-1,11,4,5,-1,
  11,12,4,-1,10,5,6,-1,10,11,5,-1,9,6,7,-1,9,10,6,-1,8,9,7,-1]
  normalPerVertex TRUE
  normal DEF NORM_251 Normal { vector [
  0.11189403 0.99372014 7.3101698e-06,0.18573958 0.98259901 2.4504871e-06,
  0.39972427 0.91663543 1.099868e-07,0.59368798 0.80469533 9.160133e-08,
  0.75787676 0.65239775 7.3215639e-08,0.88405611 0.46738078 5.482975e-08,
  0.96589783 0.2589235 3.6443632e-08,0.99371717 0.11192047 2.7425102e-08,
  0.9937172 0.11192017 0,0.98259968 0.18573603 0,
  0.91662639 0.39974501 -1.8056765e-08,0.80468215 0.59370585 -3.6442487e-08,
  0.65238124 0.75789096 -5.4827993e-08,0.4673619 0.88406609 -7.32133e-08,
  0.25892859 0.96589647 -9.1520234e-08,0.11193809 0.99371518 3.49114e-06] }
}
}
DEF SHAPE_252 Shape {
 appearance USE APP_1
 geometry DEF FACE_252 IndexedFaceSet {
  coord DEF COORD_252 Coordinate { point [
  30.03937 1.1023616 0.27559055,29.783464 1.1023612 0.27559055,
  30.03937 1.0984126 0.24054814,30.03937 1.0867657 0.20726287,
  30.03937 1.0680041 0.17740385,30.03937 1.0430686 0.15246834,
  30.03937 1.0132096 0.13370674,30.03937 0.97992431 0.12205985,
  30.03937 0.94488189 0.11811169,29.783465 0.94488189 0.1181108,
  29.783465 0.9799243 0.12205985,29.783465 1.0132096 0.13370674,
  29.783465 1.0430686 0.15246834,29.783465 1.0680041 0.17740385,
  29.783465 1.0867657 0.20726287,29.783465 1.0984126 0.24054814] }
 coordIndex [
  8,9,10,-1,7,10,11,-1,7,8,10,-1,6,11,12,-1,6,7,11,-1,5,12,13,-1,5,6,12,-1,4,13,14,-1,
  4,5,13,-1,3,14,15,-1,3,4,14,-1,2,15,1,-1,2,3,15,-1,0,2,1,-1]
  normalPerVertex TRUE
  normal DEF NORM_252 Normal { vector [
  -1.5703913e-06 0.99370996 -0.11198444,-7.8559161e-07 0.9937106 -0.11197878,
  -5.263938e-07 0.98259095 -0.18578221,0 0.91661938 -0.39976108,
  0 0.80468162 -0.59370656,0 0.65239318 -0.75788069,
  0 0.46739054 -0.88405095,0 0.25895064 -0.96589056,
  1.7276997e-06 0.111972 -0.99371136,3.4536229e-06 0.11198444 -0.99370996,
  1.1577277e-06 0.18577778 -0.98259179,0 0.39976109 -0.91661937,
  0 0.59370657 -0.80468162,0 0.7578807 -0.65239317,
  0 0.88405096 -0.46739052,0 0.96588941 -0.25895493] }
}
}
DEF SHAPE_253 Shape {
 appearance USE APP_1
 geometry DEF FACE_253 IndexedFaceSet {
  coord DEF COORD_253 Coordinate { point [
  29.783465 0.94488189 0.1181108,29.783465 0.9799243 0.12205985,
  29.783465 1.0132096 0.13370674,29.783465 1.0430686 0.15246834,
  29.783465 1.0680041 0.17740385,29.783465 1.0867657 0.20726287,
  29.783465 1.0984126 0.24054814,29.783464 1.1023612 0.27559055,
  29.783462 1.1023622 0.29527559,29.783464 1.003937 0.295267,
  29.783464 1.003937 0.26377953,29.783465 1.0024097 0.26225226,
  29.783465 0.99801448 0.24981572,29.783465 0.99096824 0.2386651,
  29.783465 0.98162259 0.22935678,29.783465 0.97044385 0.22235523,
  29.783465 0.95798981 0.21800978,29.783465 0.94488189 0.21653728,
  29.783463 0.84358229 0.21653554,29.783464 0.84358228 0.11811024] }
 coordIndex [
  0,19,18,-1,17,0,18,-1,16,1,0,-1,16,0,17,-1,15,2,1,-1,15,1,16,-1,14,3,2,-1,14,2,15,-1,
  13,3,14,-1,4,3,13,-1,12,4,13,-1,10,12,11,-1,5,4,12,-1,5,12,10,-1,6,5,10,-1,7,10,9,-1,
  7,6,10,-1,8,7,9,-1]
  normalPerVertex TRUE
  normal DEF NORM_253 Normal { vector [
  -1 1.0372662e-05 -2.8093927e-06,-1 0 0,
  -1 0 0,-1 0 0,
  -1 0 0,-1 -1.5191665e-07 -1.6450084e-06,
  -1 9.0541269e-07 -2.2101651e-06,-1 -2.163288e-06 -3.8335053e-05,
  -0.99999999 -1.5272916e-05 -0.00011821706,-1 -3.9456104e-06 -6.1556341e-05,
  -1 7.3236465e-07 -9.4223453e-06,0 0 1,
  -1 -1.2058905e-06 -1.8498208e-06,-1 0 0,
  -1 0 0,-1 0 0,
  -1 0 0,-1 1.435823e-05 0,
  -1 1.2837805e-05 -3.4770563e-06,-1 9.4594266e-06 -6.9541135e-06] }
}
}
DEF SHAPE_254 Shape {
 appearance USE APP_1
 geometry DEF FACE_254 IndexedFaceSet {
  coord DEF COORD_254 Coordinate { point [
  29.783464 1.003937 0.295267,29.783464 1.003937 0.26377953,
  29.271654 1.003937 0.26377953,29.271655 1.003937 0.29526354,
  29.311029 1.003937 0.3346432,29.302266 1.003937 0.3336575,
  29.293942 1.003937 0.33074581,29.286476 1.003937 0.32605426,
  29.280241 1.003937 0.31981828,29.27555 1.003937 0.31235084,
  29.27264 1.003937 0.30402667,29.744088 1.003937 0.33464402,
  29.782477 1.003937 0.3040298,29.779566 1.003937 0.3123535,
  29.774876 1.003937 0.3198204,29.768641 1.003937 0.32605579,
  29.761174 1.003937 0.33074677,29.75285 1.003937 0.33365794] }
 coordIndex [
  11,0,1,-1,11,12,0,-1,11,13,12,-1,11,14,13,-1,11,15,14,-1,11,16,15,-1,11,17,16,-1,2,11,1,-1,
  4,2,3,-1,4,11,2,-1,5,4,3,-1,9,3,10,-1,7,6,5,-1,7,9,8,-1,7,5,3,-1,7,3,9,-1]
  normalPerVertex TRUE
  normal DEF NORM_254 Normal { vector [
  0 1 0,0 1 0,
  0 1 0,0 1 0,
  0 1 0,0 1 0,
  0 1 0,0 1 0,
  0 1 0,0 1 0,
  0 1 0,0 1 0,
  0 1 0,0 1 0,
  0 1 0,0 1 0,
  0 1 0,0 1 0] }
}
}
DEF SHAPE_255 Shape {
 appearance USE APP_1
 geometry DEF FACE_255 IndexedFaceSet {
  coord DEF COORD_255 Coordinate { point [
  29.744094 1.1023622 0.33464457,29.752854 1.1023622 0.33365706,
  29.761176 1.1023622 0.33074596,29.76864 1.1023622 0.32605593,
  29.774874 1.1023622 0.31982222,29.779565 1.1023622 0.31235748,
  29.782476 1.1023622 0.30403614,29.783462 1.1023622 0.29527559,
  29.744088 1.003937 0.33464402,29.783464 1.003937 0.295267,
  29.782477 1.003937 0.3040298,29.779566 1.003937 0.3123535,
  29.774876 1.003937 0.3198204,29.768641 1.003937 0.32605579,
  29.761174 1.003937 0.33074677,29.75285 1.003937 0.33365794] }
 coordIndex [
  0,15,8,-1,1,14,15,-1,1,15,0,-1,2,13,14,-1,2,14,1,-1,3,13,2,-1,4,12,13,-1,4,13,3,-1,
  5,11,12,-1,5,12,4,-1,6,10,11,-1,6,11,5,-1,7,9,10,-1,7,10,6,-1]
  normalPerVertex TRUE
  normal DEF NORM_255 Normal { vector [
  -0.11191959 3.9605351e-06 -0.99371727,-0.2589036 -7.0424642e-07 -0.96590317,
  -0.46734518 9.0118207e-08 -0.88407493,-0.62346927 0 -0.78184785,
  -0.75788359 -8.9362536e-08 -0.65238981,-0.88407531 -8.8568491e-07 -0.46734446,
  -0.96591639 -1.6816299e-06 -0.25885425,-0.99372288 -6.4070425e-06 -0.11186977,
  -0.11182594 1.2398367e-05 -0.99372781,-0.99372411 -5.4190557e-06 -0.1118588,
  -0.98261512 -1.8154902e-06 -0.18565433,-0.91666267 2.4805185e-06 -0.3996618,
  -0.80470718 1.6838843e-06 -0.59367193,-0.62347161 1.1964743e-06 -0.78184599,
  -0.39968231 1.5043332e-06 -0.91665373,-0.18570142 4.1590617e-06 -0.98260622] }
}
}
DEF SHAPE_256 Shape {
 appearance USE APP_1
 geometry DEF FACE_256 IndexedFaceSet {
  coord DEF COORD_256 Coordinate { point [
  29.311029 1.003937 0.3346432,29.744088 1.003937 0.33464402,
  29.744094 1.1023622 0.33464457,29.311024 1.1023622 0.3346432] }
 coordIndex [
  3,2,1,-1,0,3,1,-1]
  normalPerVertex TRUE
  normal DEF NORM_256 Normal { vector [
  1.8995093e-06 0 -1,2.532341e-06 2.7932224e-06 -1,
  3.1651564e-06 5.577566e-06 -1,2.532341e-06 2.7932224e-06 -1] }
}
}
DEF SHAPE_257 Shape {
 appearance USE APP_1
 geometry DEF FACE_257 IndexedFaceSet {
  coord DEF COORD_257 Coordinate { point [
  29.311024 1.1023622 0.3346432,29.311029 1.003937 0.3346432,
  29.271655 1.1023622 0.29527474,29.272642 1.1023622 0.30403532,
  29.275553 1.1023622 0.31235672,29.280243 1.1023622 0.31982156,
  29.286477 1.1023622 0.32605542,29.293942 1.1023622 0.3307456,
  29.302263 1.1023622 0.33365687,29.271655 1.003937 0.29526354,
  29.302266 1.003937 0.3336575,29.293942 1.003937 0.33074581,
  29.286476 1.003937 0.32605426,29.280241 1.003937 0.31981828,
  29.27555 1.003937 0.31235084,29.27264 1.003937 0.30402667] }
 coordIndex [
  10,0,1,-1,10,8,0,-1,11,6,7,-1,11,7,8,-1,11,8,10,-1,12,5,6,-1,12,6,11,-1,13,4,5,-1,
  13,5,12,-1,14,3,4,-1,14,4,13,-1,15,2,3,-1,15,3,14,-1,9,2,15,-1]
  normalPerVertex TRUE
  normal DEF NORM_257 Normal { vector [
  0.11183034 1.329395e-06 -0.99372731,0.11178011 5.8545965e-06 -0.99373297,
  0.99372365 4.8012508e-06 -0.11186287,0.9659124 -2.4833516e-06 -0.25886913,
  0.88409292 -1.5989604e-06 -0.46731114,0.75790671 -7.0902979e-07 -0.65236295,
  0.59369849 1.8136822e-07 -0.80468758,0.43385055 0 -0.90098485,
  0.25888618 -1.8026684e-07 -0.96590784,0.99374222 1.9666956e-05 -0.11169778,
  0.185661 1.9632777e-06 -0.98261386,0.43384512 1.3378337e-06 -0.90098747,
  0.65241271 1.6015323e-06 -0.75786388,0.80473824 2.4923321e-06 -0.59362982,
  0.91668531 3.3826551e-06 -0.39960987,0.98262073 6.5998883e-06 -0.18562462] }
}
}
DEF SHAPE_258 Shape {
 appearance USE APP_1
 geometry DEF FACE_258 IndexedFaceSet {
  coord DEF COORD_258 Coordinate { point [
  29.271656 0.84358229 0.21653543,29.271654 0.94488189 0.21653615,
  29.271656 0.84358232 0.11811024,29.271654 0.94488189 0.11811169,
  29.271654 1.1023616 0.27559055,29.271654 1.0984126 0.24054814,
  29.271654 1.0867657 0.20726287,29.271654 1.0680041 0.17740385,
  29.271654 1.0430686 0.15246834,29.271654 1.0132096 0.13370674,
  29.271654 0.97992431 0.12205985,29.271655 1.1023622 0.29527474,
  29.271655 1.003937 0.29526354,29.271654 1.003937 0.26377953,
  29.271654 1.0024097 0.26225226,29.271654 0.95798981 0.21800978,
  29.271654 0.97044385 0.22235523,29.271654 0.98162259 0.22935678,
  29.271654 0.99096824 0.2386651,29.271654 0.99801448 0.24981572] }
 coordIndex [
  12,4,11,-1,13,5,4,-1,13,6,5,-1,13,4,12,-1,19,13,14,-1,19,6,13,-1,7,6,19,-1,18,7,19,-1,
  8,18,17,-1,8,7,18,-1,9,17,16,-1,9,8,17,-1,10,16,15,-1,10,9,16,-1,3,15,1,-1,3,10,15,-1,
  0,3,1,-1,2,3,0,-1]
  normalPerVertex TRUE
  normal DEF NORM_258 Normal { vector [
  1 2.434307e-05 0,1 2.155404e-05 0,
  1 2.4343053e-05 0,1 1.9668675e-05 0,
  1 4.7997976e-06 -2.886175e-05,1 1.3729968e-06 -3.1331198e-07,
  1 -1.5195979e-07 -1.646143e-06,1 0 0,
  1 0 0,1 0 0,
  1 0 0,1 6.9962679e-06 -4.8718104e-05,
  1 7.0892448e-06 -4.8252937e-05,1 2.0994328e-06 -1.4213401e-05,
  0 0 1,1 0 0,
  1 0 0,1 0 0,
  1 0 0,1 -1.206746e-06 -1.8511156e-06] }
}
}
DEF SHAPE_259 Shape {
 appearance USE APP_1
 geometry DEF FACE_259 IndexedFaceSet {
  coord DEF COORD_259 Coordinate { point [
  29.271654 1.1023616 0.27559055,29.015748 1.1023612 0.27559055,
  29.271654 1.0984126 0.24054814,29.271654 1.0867657 0.20726287,
  29.271654 1.0680041 0.17740385,29.271654 1.0430686 0.15246834,
  29.271654 1.0132096 0.13370674,29.271654 0.97992431 0.12205985,
  29.271654 0.94488189 0.11811169,29.015748 0.94488189 0.1181108,
  29.015748 0.9799243 0.12205985,29.015748 1.0132096 0.13370674,
  29.015748 1.0430686 0.15246834,29.015748 1.0680041 0.17740385,
  29.015748 1.0867657 0.20726287,29.015748 1.0984126 0.24054814] }
 coordIndex [
  8,9,10,-1,7,10,11,-1,7,8,10,-1,6,11,12,-1,6,7,11,-1,5,12,13,-1,5,6,12,-1,4,13,14,-1,
  4,5,13,-1,3,14,15,-1,3,4,14,-1,2,15,1,-1,2,3,15,-1,0,2,1,-1]
  normalPerVertex TRUE
  normal DEF NORM_259 Normal { vector [
  -1.5701922e-06 0.99370996 -0.11198444,-7.8561756e-07 0.9937106 -0.11197878,
  -5.2632697e-07 0.98259095 -0.18578221,0 0.91661938 -0.39976107,
  0 0.80468162 -0.59370656,0 0.65239318 -0.75788069,
  0 0.46739054 -0.88405095,0 0.25895064 -0.96589056,
  1.7276258e-06 0.111972 -0.99371136,3.4529439e-06 0.11198444 -0.99370996,
  1.1575003e-06 0.18577777 -0.98259179,0 0.39976109 -0.91661937,
  0 0.59370658 -0.80468162,0 0.7578807 -0.65239317,
  0 0.88405096 -0.46739052,0 0.96588941 -0.25895493] }
}
}
DEF SHAPE_260 Shape {
 appearance USE APP_1
 geometry DEF FACE_260 IndexedFaceSet {
  coord DEF COORD_260 Coordinate { point [
  29.015748 0.94488189 0.1181108,29.015748 0.9799243 0.12205985,
  29.015748 1.0132096 0.13370674,29.015748 1.0430686 0.15246834,
  29.015748 1.0680041 0.17740385,29.015748 1.0867657 0.20726287,
  29.015748 1.0984126 0.24054814,29.015748 1.1023612 0.27559055,
  29.015746 1.1023622 0.48425197,29.015747 1.003937 0.48424885,
  29.015748 1.003937 0.26377953,29.015748 1.0024097 0.26225226,
  29.015748 0.99801448 0.24981572,29.015748 0.99096824 0.2386651,
  29.015748 0.98162259 0.22935678,29.015748 0.97044385 0.22235523,
  29.015748 0.95798982 0.21800978,29.015748 0.94488189 0.21653666,
  29.015746 0.87794276 0.21653543,29.015747 0.87794277 0.11811024] }
 coordIndex [
  13,4,3,-1,14,3,2,-1,14,13,3,-1,12,5,4,-1,12,4,13,-1,15,2,1,-1,15,14,2,-1,10,6,5,-1,
  10,7,6,-1,10,5,12,-1,11,10,12,-1,16,1,0,-1,16,15,1,-1,17,16,0,-1,18,0,19,-1,18,17,0,-1,
  9,8,7,-1,9,7,10,-1]
  normalPerVertex TRUE
  normal DEF NORM_260 Normal { vector [
  -1 1.3821608e-05 -4.0169503e-06,-1 1.1802268e-06 2.6997265e-07,
  -1 0 0,-1 0 0,
  -1 0 0,-1 -1.1398555e-07 -1.2324477e-06,
  -1 6.78221e-07 -1.6558096e-06,-1 -4.9720427e-06 -5.3082296e-06,
  -1 -1.1461776e-05 -8.3556071e-06,-1 -5.4012289e-06 -5.4968442e-06,
  -1 2.0813063e-07 -2.6817283e-06,0 0 1,
  -1 -9.036564e-07 -1.3858885e-06,-1 0 0,
  -1 0 0,-1 0 0,
  -1 3.2472792e-06 3.6654125e-07,-1 2.2652874e-05 0,
  -1 1.7306668e-05 -5.6293411e-06,-1 9.0294536e-06 -1.125872e-05] }
}
}
DEF SHAPE_261 Shape {
 appearance USE APP_1
 geometry DEF FACE_261 IndexedFaceSet {
  coord DEF COORD_261 Coordinate { point [
  28.32678 1.003937 0.54330613,28.536444 1.003937 0.54330709,
  28.536444 1.003937 0.55511811,28.62891 1.003937 0.55511811,
  28.62891 1.003937 0.54330698,28.956679 1.003937 0.54330524,
  29.015747 1.003937 0.48424885,29.014266 1.003937 0.49739217,
  29.009898 1.003937 0.5098764,29.002861 1.003937 0.52107523,
  28.993508 1.003937 0.53042681,28.982308 1.003937 0.53746199,
  28.969822 1.003937 0.54182781,29.015748 1.003937 0.26377953,
  28.858268 1.003937 0.26377953,28.858268 1.003937 0.34645669,
  28.564391 1.003937 0.34645669,28.564391 1.003937 0.35433085,
  28.326787 1.003937 0.35433318,28.287403 1.003937 0.39369466,
  28.288392 1.003937 0.38493307,28.291305 1.003937 0.37661117,
  28.295998 1.003937 0.3691465,28.302234 1.003937 0.36291357,
  28.309702 1.003937 0.3582251,28.318025 1.003937 0.35531633,
  28.287404 1.003937 0.50394801,28.31802 1.003937 0.54232031,
  28.309698 1.003937 0.53941116,28.302233 1.003937 0.53472306,
  28.295998 1.003937 0.52849116,28.291306 1.003937 0.52102798,
  28.288393 1.003937 0.51270784] }
 coordIndex [
  15,6,13,-1,15,13,14,-1,12,11,10,-1,5,7,6,-1,5,8,7,-1,5,9,8,-1,5,10,9,-1,5,6,15,-1,
  5,12,10,-1,17,15,16,-1,4,5,15,-1,4,15,17,-1,1,3,4,-1,1,4,17,-1,2,3,1,-1,18,1,17,-1,
  22,24,23,-1,22,25,24,-1,22,18,25,-1,21,18,22,-1,20,18,21,-1,19,18,20,-1,0,1,18,-1,26,18,19,-1,
  26,0,18,-1,28,27,0,-1,30,29,28,-1,30,32,31,-1,30,26,32,-1,30,0,26,-1,30,28,0,-1]
  normalPerVertex TRUE
  normal DEF NORM_261 Normal { vector [
  0 1 0,0 1 0,
  0 1 0,0 1 0,
  0 1 0,0 1 0,
  0 1 0,0 1 0,
  0 1 0,0 1 0,
  0 1 0,0 1 0,
  0 1 0,0 1 0,
  0 1 0,0 1 0,
  0 1 0,0 1 0,
  0 1 0,0 1 0,
  0 1 0,0 1 0,
  0 1 0,0 1 0,
  0 1 0,0 1 0,
  0 1 0,0 1 0,
  0 1 0,0 1 0,
  0 1 0,0 1 0,
  0 1 0] }
}
}
DEF SHAPE_262 Shape {
 appearance USE APP_1
 geometry DEF FACE_262 IndexedFaceSet {
  coord DEF COORD_262 Coordinate { point [
  29.015747 1.003937 0.48424885,29.014266 1.003937 0.49739217,
  29.009898 1.003937 0.5098764,29.002861 1.003937 0.52107523,
  28.993508 1.003937 0.53042681,28.982308 1.003937 0.53746199,
  28.969822 1.003937 0.54182781,28.956679 1.003937 0.54330524,
  29.015746 1.1023622 0.48425197,28.956692 1.1023622 0.54330637,
  28.969833 1.1023622 0.54182538,28.982315 1.1023622 0.53745827,
  28.993513 1.1023622 0.53042292,29.002863 1.1023622 0.52107218,
  29.009899 1.1023622 0.50987499,29.014266 1.1023622 0.49739292] }
 coordIndex [
  1,8,0,-1,1,14,15,-1,1,15,8,-1,2,13,14,-1,2,14,1,-1,3,12,13,-1,3,13,2,-1,4,11,12,-1,
  4,12,3,-1,5,10,11,-1,5,11,4,-1,6,9,10,-1,6,10,5,-1,7,9,6,-1]
  normalPerVertex TRUE
  normal DEF NORM_262 Normal { vector [
  -0.99371144 -7.8470547e-06 -0.11197131,-0.97493281 -1.527927e-06 -0.22249947,
  -0.88405134 1.4860204e-06 -0.4673898,-0.75785392 2.3770535e-06 -0.65242428,
  -0.59363985 3.2677757e-06 -0.80473084,-0.3996467 4.1581868e-06 -0.91666925,
  -0.18563346 8.869785e-06 -0.98261906,-0.11170348 2.6445856e-05 -0.99374158,
  -0.99371434 -4.365968e-06 -0.11194556,-0.11184721 7.0298223e-06 -0.99372542,
  -0.25888696 -3.2615247e-06 -0.96590763,-0.46733326 -2.3748279e-06 -0.88408123,
  -0.65236587 -1.4846992e-06 -0.7579042,-0.8046773 -5.9425209e-07 -0.59371242,
  -0.91662796 2.9651391e-07 -0.39974139,-0.974936 0 -0.22248548] }
}
}
DEF SHAPE_263 Shape {
 appearance USE APP_1
 geometry DEF FACE_263 IndexedFaceSet {
  coord DEF COORD_263 Coordinate { point [
  28.956679 1.003937 0.54330524,28.956692 1.1023622 0.54330637,
  28.795439 1.1023615 0.54330709,28.764717 1.0993348 0.54330709,
  28.735175 1.0903735 0.54330709,28.707949 1.0758208 0.54330709,
  28.684085 1.056236 0.54330709,28.641206 1.0133602 0.54330709,
  28.637388 1.0098634 0.54330709,28.633279 1.0067142 0.54330709,
  28.62891 1.003937 0.54330698] }
 coordIndex [
  2,4,3,-1,2,5,4,-1,2,6,5,-1,0,7,6,-1,0,8,7,-1,0,9,8,-1,0,10,9,-1,0,6,2,-1,
  1,0,2,-1]
  normalPerVertex TRUE
  normal DEF NORM_263 Normal { vector [
  -4.9205027e-06 1.0205386e-05 -1,-4.4521795e-06 1.1487183e-05 -1,
  -4.3210052e-06 1.0756583e-05 -1,0 0 -1,
  0 0 -1,0 0 -1,
  -4.9245687e-06 8.5339372e-06 -1,-5.6883238e-06 5.7281065e-06 -1,
  -5.6639652e-06 6.7556828e-06 -1,-5.4996262e-06 2.5173152e-05 -1,
  -5.3267051e-06 4.5309635e-05 -1] }
}
}
DEF SHAPE_264 Shape {
 appearance USE APP_1
 geometry DEF FACE_264 IndexedFaceSet {
  coord DEF COORD_264 Coordinate { point [
  28.684085 1.0562367 0.68110236,28.707949 1.0758208 0.68110236,
  28.735175 1.0903735 0.68110236,28.764717 1.0993348 0.68110236,
  28.795439 1.102361 0.68110236,28.795439 1.1023615 0.54330709,
  28.764717 1.0993348 0.54330709,28.735175 1.0903735 0.54330709,
  28.707949 1.0758208 0.54330709,28.684085 1.056236 0.54330709] }
 coordIndex [
  3,4,5,-1,3,5,6,-1,3,6,7,-1,2,7,8,-1,2,3,7,-1,1,8,9,-1,1,2,8,-1,0,1,9,-1]
  normalPerVertex TRUE
  normal DEF NORM_264 Normal { vector [
  -0.63437705 0.77302377 -7.1729425e-06,-0.58255224 0.81279326 -2.4012602e-06,
  -0.41279354 0.91082462 0,-0.19509632 0.98078409 9.0228094e-07,
  -0.098025275 0.99518393 3.5905766e-06,-0.09803325 0.99518314 1.7952865e-06,
  -0.19510022 0.98078331 0,-0.35216113 0.93593939 0,
  -0.52799341 0.84924847 0,-0.63438942 0.77301362 -3.5876471e-06] }
}
}
DEF SHAPE_265 Shape {
 appearance USE APP_1
 geometry DEF FACE_265 IndexedFaceSet {
  coord DEF COORD_265 Coordinate { point [
  28.641206 1.0133603 0.68110236,28.684085 1.0562367 0.68110236,
  28.684085 1.056236 0.54330709,28.641206 1.0133602 0.54330709] }
 coordIndex [
  3,0,1,-1,2,3,1,-1]
  normalPerVertex TRUE
  normal DEF NORM_265 Normal { vector [
  -0.70708941 0.70712415 -1.6803303e-06,-0.70708497 0.70712859 -4.4457657e-06,
  -0.70708052 0.70713304 -7.2112009e-06,-0.70708497 0.70712859 -4.4457657e-06] }
}
}
DEF SHAPE_266 Shape {
 appearance USE APP_1
 geometry DEF FACE_266 IndexedFaceSet {
  coord DEF COORD_266 Coordinate { point [
  28.599448 0.99606403 0.68110236,28.599444 0.99606369 0.55511811,
  28.62891 1.003937 0.55511811,28.619598 0.99960668 0.55511811,
  28.609676 0.99695561 0.55511811,28.62891 1.003937 0.54330698,
  28.641206 1.0133602 0.54330709,28.637388 1.0098634 0.54330709,
  28.633279 1.0067142 0.54330709,28.641206 1.0133603 0.68110236,
  28.62891 1.003937 0.68110236,28.633279 1.0067142 0.68110236,
  28.637388 1.0098635 0.68110236,28.609678 0.99695608 0.68110236,
  28.619599 0.99960715 0.68110236] }
 coordIndex [
  6,12,9,-1,7,12,6,-1,2,7,8,-1,2,10,11,-1,2,11,12,-1,2,14,10,-1,2,12,7,-1,5,2,8,-1,
  3,13,14,-1,3,14,2,-1,4,0,13,-1,4,13,3,-1,1,0,4,-1]
  normalPerVertex TRUE
  normal DEF NORM_266 Normal { vector [
  -0.086858199 0.99622069 -9.2775651e-07,-0.086846964 0.99622166 0,
  -0.50286064 0.8643675 2.5927965e-07,-0.31370888 0.94951921 6.1786277e-07,
  -0.14443913 0.98951369 0,-0.53643153 0.84394384 0,
  -0.6754284 0.73742557 -8.3463472e-07,-0.60827259 0.79372748 -0.0010693144,
  -0.57281153 0.81946187 -0.01921448,-0.67544497 0.73741039 -1.6789891e-06,
  -0.46100809 0.88739593 8.9202646e-08,-0.57291863 0.81961027 0.0018018004,
  -0.62235587 0.78273413 0.00067087925,-0.20173932 0.97943925 -3.1990865e-07,
  -0.36839994 0.9296674 1.8524712e-08] }
}
}
DEF SHAPE_267 Shape {
 appearance USE APP_1
 geometry DEF FACE_267 IndexedFaceSet {
  coord DEF COORD_267 Coordinate { point [
  28.369915 1.1023614 0.68110236,28.400637 1.0993348 0.68110236,
  28.430179 1.0903735 0.68110236,28.457405 1.0758208 0.68110236,
  28.481269 1.056236 0.68110236,28.524148 1.0133602 0.68110236,
  28.527966 1.0098635 0.68110236,28.532075 1.0067142 0.68110236,
  28.536444 1.003937 0.68110236,28.62891 1.003937 0.68110236,
  28.633279 1.0067142 0.68110236,28.637388 1.0098635 0.68110236,
  28.641206 1.0133603 0.68110236,28.684085 1.0562367 0.68110236,
  28.707949 1.0758208 0.68110236,28.735175 1.0903735 0.68110236,
  28.764717 1.0993348 0.68110236,28.795439 1.102361 0.68110236] }
 coordIndex [
  9,11,10,-1,9,12,11,-1,5,7,6,-1,5,8,7,-1,5,9,8,-1,5,13,12,-1,5,12,9,-1,4,14,13,-1,
  4,13,5,-1,3,15,14,-1,3,14,4,-1,2,16,15,-1,2,15,3,-1,1,16,2,-1,0,17,16,-1,0,16,1,-1]
  normalPerVertex TRUE
  normal DEF NORM_267 Normal { vector [
  0 0 -1,0 0 -1,
  0 0 -1,0 0 -1,
  0 0 -1,0 0 -1,
  0 0 1,0 0 1,
  0 0 -1,0 0 -1,
  0 0 1,0 0 1,
  0 0 -1,0 0 -1,
  0 0 -1,0 0 -1,
  0 0 -1,0 0 -1] }
}
}
DEF SHAPE_268 Shape {
 appearance USE APP_1
 geometry DEF FACE_268 IndexedFaceSet {
  coord DEF COORD_268 Coordinate { point [
  28.369915 1.1023614 0.68110236,28.369915 1.102361 0.54330695,
  28.400637 1.0993348 0.68110236,28.430179 1.0903735 0.68110236,
  28.457405 1.0758208 0.68110236,28.481269 1.056236 0.68110236,
  28.48127 1.0562367 0.54330709,28.457405 1.0758208 0.54330709,
  28.430179 1.0903735 0.54330709,28.400637 1.0993348 0.54330709] }
 coordIndex [
  5,6,7,-1,4,7,8,-1,4,5,7,-1,3,8,9,-1,3,4,8,-1,2,9,1,-1,2,3,9,-1,0,2,1,-1]
  normalPerVertex TRUE
  normal DEF NORM_268 Normal { vector [
  0.098038032 0.99518267 -2.869408e-06,0.098031663 0.9951833 -1.4355843e-06,
  0.16281125 0.98665723 -9.6058091e-07,0.35216113 0.93593939 0,
  0.52799342 0.84924846 0,0.63438942 0.77301362 3.5885337e-06,
  0.63437705 0.77302378 7.1741287e-06,0.58255224 0.81279326 2.4016572e-06,
  0.41279355 0.91082462 0,0.22716774 0.97385565 0] }
}
}
DEF SHAPE_269 Shape {
 appearance USE APP_1
 geometry DEF FACE_269 IndexedFaceSet {
  coord DEF COORD_269 Coordinate { point [
  28.48127 1.0562367 0.54330709,28.457405 1.0758208 0.54330709,
  28.430179 1.0903735 0.54330709,28.400637 1.0993348 0.54330709,
  28.369915 1.102361 0.54330695,28.326772 1.1023622 0.54330462,
  28.32678 1.003937 0.54330613,28.536444 1.003937 0.54330709,
  28.532075 1.0067142 0.54330709,28.527966 1.0098634 0.54330709,
  28.524148 1.0133606 0.54330709] }
 coordIndex [
  4,6,5,-1,3,6,4,-1,2,6,3,-1,1,6,2,-1,0,6,1,-1,10,6,0,-1,9,6,10,-1,8,6,9,-1,
  7,6,8,-1]
  normalPerVertex TRUE
  normal DEF NORM_269 Normal { vector [
  4.5657745e-06 4.8788431e-06 -1,4.0322857e-06 6.0348531e-06 -1,
  3.0778657e-06 7.4306251e-06 -1,3.705442e-06 7.1998738e-06 -1,
  3.313231e-05 -6.1531814e-06 -1,5.3982019e-05 -1.5290622e-05 -1,
  1.1286032e-05 2.8449183e-06 -1,4.5812644e-06 7.2074991e-06 -1,
  4.5899378e-06 6.5663437e-06 -1,4.6122908e-06 5.500677e-06 -1,
  4.6434219e-06 4.6757556e-06 -1] }
}
}
DEF SHAPE_270 Shape {
 appearance USE APP_1
 geometry DEF FACE_270 IndexedFaceSet {
  coord DEF COORD_270 Coordinate { point [
  28.565906 0.99606346 0.68110236,28.565909 0.99606403 0.55511811,
  28.536444 1.003937 0.68110236,28.545755 0.99960714 0.68110236,
  28.555676 0.99695607 0.68110236,28.524148 1.0133602 0.68110236,
  28.527966 1.0098635 0.68110236,28.532075 1.0067142 0.68110236,
  28.524148 1.0133606 0.54330709,28.536444 1.003937 0.54330709,
  28.532075 1.0067142 0.54330709,28.527966 1.0098634 0.54330709,
  28.536444 1.003937 0.55511811,28.555678 0.99695576 0.55511811,
  28.545756 0.99960683 0.55511811] }
 coordIndex [
  13,0,1,-1,13,4,0,-1,14,3,4,-1,14,4,13,-1,12,2,3,-1,12,6,7,-1,12,7,2,-1,12,3,14,-1,
  10,12,9,-1,11,12,10,-1,11,6,12,-1,8,5,6,-1,8,6,11,-1]
  normalPerVertex TRUE
  normal DEF NORM_270 Normal { vector [
  0.086878674 0.9962189 2.5841901e-06,0.086831994 0.99622297 6.402745e-06,
  0.46100795 0.887396 4.9459278e-07,0.36839872 0.92966789 1.5561978e-07,
  0.20176022 0.97943495 -2.1555513e-07,0.67541201 0.73744058 4.1973513e-06,
  0.62236652 0.78272566 0.00067207866,0.57292246 0.81960759 0.0018019926,
  0.67545313 0.73740293 2.1026557e-06,0.53643154 0.84394384 0,
  0.57281169 0.81946175 -0.01921457,0.6083012 0.79370555 -0.0010693181,
  0.50286216 0.86436661 3.3043344e-07,0.14445555 0.98951129 2.1418438e-06,
  0.31371279 0.94951792 4.1329202e-07] }
}
}
DEF SHAPE_271 Shape {
 appearance USE APP_1
 geometry DEF FACE_271 IndexedFaceSet {
  coord DEF COORD_271 Coordinate { point [
  28.565909 0.99606403 0.55511811,28.599444 0.99606369 0.55511811,
  28.62891 1.003937 0.55511811,28.619598 0.99960668 0.55511811,
  28.609676 0.99695561 0.55511811,28.536444 1.003937 0.55511811,
  28.555678 0.99695576 0.55511811,28.545756 0.99960683 0.55511811] }
 coordIndex [
  2,5,7,-1,2,7,6,-1,2,6,0,-1,2,0,3,-1,3,0,4,-1,4,0,1,-1]
  normalPerVertex TRUE
  normal DEF NORM_271 Normal { vector [
  0 0 1,0 0 1,
  0 0 1,0 0 1,
  0 0 1,0 0 1,
  0 0 1,0 0 1] }
}
}
DEF SHAPE_272 Shape {
 appearance USE APP_1
 geometry DEF FACE_272 IndexedFaceSet {
  coord DEF COORD_272 Coordinate { point [
  28.565906 0.99606346 0.68110236,28.565909 0.99606403 0.55511811,
  28.599448 0.99606403 0.68110236,28.599444 0.99606369 0.55511811] }
 coordIndex [
  3,1,0,-1,3,0,2,-1]
  normalPerVertex TRUE
  normal DEF NORM_272 Normal { vector [
  -3.4542536e-06 1 9.2206342e-07,1.0351614e-05 1 4.5973423e-06,
  -1.72574e-05 1 -2.7524911e-06,-3.4542536e-06 1 9.2206342e-07] }
}
}
DEF SHAPE_273 Shape {
 appearance USE APP_1
 geometry DEF FACE_273 IndexedFaceSet {
  coord DEF COORD_273 Coordinate { point [
  28.569169 0.90551261 0.68110236,28.596187 0.9055136 0.68110236,
  28.707542 0.95163801 0.68110236,28.683678 0.93205364 0.68110236,
  28.656452 0.91750071 0.68110236,28.62691 0.90853922 0.68110236,
  28.742546 0.98663943 0.68110236,28.784303 1.0039366 0.68110236,
  28.772782 1.002802 0.68110236,28.761704 0.99944163 0.68110236,
  28.751495 0.99398418 0.68110236,28.62891 1.003937 0.68110236,
  28.599448 0.99606403 0.68110236,28.609678 0.99695608 0.68110236,
  28.619599 0.99960715 0.68110236,28.565906 0.99606346 0.68110236,
  28.536444 1.003937 0.68110236,28.545755 0.99960714 0.68110236,
  28.555676 0.99695607 0.68110236,28.38105 1.0039363 0.68110236,
  28.422808 0.98664018 0.68110236,28.413859 0.99398448 0.68110236,
  28.40365 0.99944186 0.68110236,28.392571 1.0028021 0.68110236,
  28.457813 0.95163799 0.68110236,28.538446 0.90853902 0.68110236,
  28.508903 0.91750032 0.68110236,28.481677 0.93205308 0.68110236] }
 coordIndex [
  11,2,6,-1,11,8,7,-1,11,9,8,-1,11,10,9,-1,11,6,10,-1,3,2,11,-1,4,11,14,-1,4,3,11,-1,
  5,13,12,-1,5,14,13,-1,5,4,14,-1,1,5,12,-1,0,12,15,-1,0,1,12,-1,25,18,17,-1,25,15,18,-1,
  25,0,15,-1,26,17,16,-1,26,25,17,-1,27,26,16,-1,24,27,16,-1,20,24,16,-1,21,20,16,-1,22,21,16,-1,
  23,22,16,-1,19,23,16,-1]
  normalPerVertex TRUE
  normal DEF NORM_273 Normal { vector [
  0 0 1,0 0 1,
  0 0 1,0 0 1,
  0 0 1,0 0 1,
  0 0 1,0 0 1,
  0 0 1,0 0 1,
  0 0 1,0 0 1,
  0 0 1,0 0 1,
  0 0 1,0 0 1,
  0 0 1,0 0 1,
  0 0 1,0 0 1,
  0 0 1,0 0 1,
  0 0 1,0 0 1,
  0 0 1,0 0 1,
  0 0 1,0 0 1] }
}
}
DEF SHAPE_274 Shape {
 appearance USE APP_1
 geometry DEF FACE_274 IndexedFaceSet {
  coord DEF COORD_274 Coordinate { point [
  28.742546 0.98663943 0.68110236,28.742548 0.98664151 0.55511811,
  28.784303 1.0039366 0.68110236,28.772782 1.002802 0.68110236,
  28.761704 0.99944163 0.68110236,28.751495 0.99398418 0.68110236,
  28.784301 1.0039363 0.55511811,28.751496 0.99398516 0.55511811,
  28.761705 0.99944185 0.55511811,28.772782 1.0028018 0.55511811] }
 coordIndex [
  3,6,2,-1,3,9,6,-1,4,7,8,-1,4,8,9,-1,4,9,3,-1,5,1,7,-1,5,7,4,-1,0,1,5,-1]
  normalPerVertex TRUE
  normal DEF NORM_274 Normal { vector [
  0.63444926 -0.77296452 -2.290138e-06,0.63443386 -0.77297715 -4.6048693e-07,
  0.098011942 -0.99518524 9.2507429e-07,0.16279465 -0.98665997 3.0961487e-07,
  0.38268451 -0.92387909 -4.6270939e-07,0.5825882 -0.81276749 -7.6678012e-07,
  0.098009488 -0.99518548 6.9860051e-07,0.52800589 -0.84924071 1.500847e-07,
  0.38268 -0.92388095 0,0.22715596 -0.97385839 -1.5027224e-07] }
}
}
DEF SHAPE_275 Shape {
 appearance USE APP_1
 geometry DEF FACE_275 IndexedFaceSet {
  coord DEF COORD_275 Coordinate { point [
  28.36614 0.94488189 0.55511811,28.366142 0.88582677 0.55511811,
  28.779528 0.88582677 0.55511811,28.779529 0.94488189 0.55511811,
  28.838584 1.0039362 0.55511811,28.825443 1.0024554 0.55511811,
  28.812961 0.99808828 0.55511811,28.801763 0.99105295 0.55511811,
  28.792412 0.9817022 0.55511811,28.785377 0.97050499 0.55511811,
  28.781009 0.95802288 0.55511811,28.784301 1.0039363 0.55511811,
  28.742548 0.98664151 0.55511811,28.751496 0.99398516 0.55511811,
  28.761705 0.99944185 0.55511811,28.772782 1.0028018 0.55511811,
  28.707551 0.95164757 0.55511811,28.596181 0.9055136 0.55511811,
  28.626908 0.90853897 0.55511811,28.656455 0.91750206 0.55511811,
  28.683685 0.93205827 0.55511811,28.569182 0.905513 0.55511811,
  28.457809 0.95164228 0.55511811,28.481676 0.93205378 0.55511811,
  28.508907 0.91749897 0.55511811,28.538454 0.9085374 0.55511811,
  28.42281 0.98663778 0.55511811,28.381053 1.0039365 0.55511811,
  28.392574 1.0028016 0.55511811,28.403652 0.99944081 0.55511811,
  28.413861 0.99398294 0.55511811,28.307086 1.0039362 0.55511811,
  28.36466 0.95802288 0.55511811,28.360293 0.97050499 0.55511811,
  28.353257 0.9817022 0.55511811,28.343906 0.99105295 0.55511811,
  28.332709 0.99808828 0.55511811,28.320227 1.0024554 0.55511811] }
 coordIndex [
  27,34,33,-1,27,35,34,-1,27,36,35,-1,27,37,36,-1,27,31,37,-1,28,33,32,-1,28,27,33,-1,29,28,32,-1,
  30,29,32,-1,26,32,0,-1,26,30,32,-1,22,0,1,-1,22,26,0,-1,23,22,1,-1,24,23,1,-1,25,24,1,-1,
  21,25,1,-1,2,18,17,-1,2,19,18,-1,2,20,19,-1,2,16,20,-1,2,17,21,-1,2,21,1,-1,3,16,2,-1,
  12,16,3,-1,10,12,3,-1,9,13,12,-1,9,12,10,-1,14,13,9,-1,15,14,9,-1,15,9,8,-1,11,15,8,-1,
  7,11,8,-1,6,11,7,-1,5,11,6,-1,4,11,5,-1]
  normalPerVertex TRUE
  normal DEF NORM_275 Normal { vector [
  0 0 1,0 0 1,
  0 0 1,0 0 1,
  0 0 1,0 0 1,
  0 0 1,0 0 1,
  0 0 1,0 0 1,
  0 0 1,0 0 1,
  0 0 1,0 0 1,
  0 0 1,0 0 1,
  0 0 1,0 0 1,
  0 0 1,0 0 1,
  0 0 1,0 0 1,
  0 0 1,0 0 1,
  0 0 1,0 0 1,
  0 0 1,0 0 1,
  0 0 1,0 0 1,
  0 0 1,0 0 1,
  0 0 1,0 0 1,
  0 0 1,0 0 1,
  0 0 1,0 0 1] }
}
}
DEF SHAPE_276 Shape {
 appearance USE APP_1
 geometry DEF FACE_276 IndexedFaceSet {
  coord DEF COORD_276 Coordinate { point [
  28.381053 1.0039365 0.55511811,28.392574 1.0028016 0.55511811,
  28.403652 0.99944081 0.55511811,28.413861 0.99398294 0.55511811,
  28.42281 0.98663778 0.55511811,28.38105 1.0039363 0.68110236,
  28.422808 0.98664018 0.68110236,28.413859 0.99398448 0.68110236,
  28.40365 0.99944186 0.68110236,28.392571 1.0028021 0.68110236] }
 coordIndex [
  0,9,5,-1,1,8,9,-1,1,9,0,-1,2,7,8,-1,2,8,1,-1,3,6,7,-1,3,7,2,-1,4,6,3,-1]
  normalPerVertex TRUE
  normal DEF NORM_276 Normal { vector [
  -0.098005967 -0.99518583 -7.2349724e-07,-0.22717128 -0.97385482 7.1505273e-07,
  -0.41282373 -0.91081094 7.2532885e-07,-0.58260547 -0.81275511 2.2662554e-06,
  -0.63447917 -0.77293996 6.76858e-06,-0.097975313 -0.99518885 -3.5532505e-06,
  -0.63444158 -0.77297081 2.3015088e-06,-0.52801601 -0.84923441 -7.1500194e-07,
  -0.3521657 -0.93593767 -7.0541966e-07,-0.16278659 -0.9866613 -1.1898263e-06] }
}
}
DEF SHAPE_277 Shape {
 appearance USE APP_1
 geometry DEF FACE_277 IndexedFaceSet {
  coord DEF COORD_277 Coordinate { point [
  28.42281 0.98663778 0.55511811,28.457809 0.95164228 0.55511811,
  28.422808 0.98664018 0.68110236,28.457813 0.95163799 0.68110236] }
 coordIndex [
  2,0,1,-1,2,1,3,-1]
  normalPerVertex TRUE
  normal DEF NORM_277 Normal { vector [
  -0.70706633 -0.70714723 4.598068e-06,-0.70707048 -0.70714308 2.2969185e-06,
  -0.70707048 -0.70714308 2.2969185e-06,-0.70707462 -0.70713894 0] }
}
}
DEF SHAPE_278 Shape {
 appearance USE APP_1
 geometry DEF FACE_278 IndexedFaceSet {
  coord DEF COORD_278 Coordinate { point [
  28.457809 0.95164228 0.55511811,28.481676 0.93205378 0.55511811,
  28.508907 0.91749897 0.55511811,28.538454 0.9085374 0.55511811,
  28.569182 0.905513 0.55511811,28.569169 0.90551261 0.68110236,
  28.538446 0.90853902 0.68110236,28.508903 0.91750032 0.68110236,
  28.481677 0.93205308 0.68110236,28.457813 0.95163799 0.68110236] }
 coordIndex [
  9,0,1,-1,8,9,1,-1,7,1,2,-1,7,8,1,-1,6,2,3,-1,6,7,2,-1,5,3,4,-1,5,6,3,-1]
  normalPerVertex TRUE
  normal DEF NORM_278 Normal { vector [
  -0.63441917 -0.77298921 -4.7177563e-06,-0.55557834 -0.83146419 -1.87549e-06,
  -0.35214704 -0.93594469 -2.1694102e-06,-0.16277481 -0.98666325 -4.4713857e-06,
  -0.097951908 -0.99519115 -1.3351985e-05,-0.09799218 -0.99518718 -3.4387122e-06,
  -0.22715845 -0.97385781 9.1817822e-07,-0.41279176 -0.91082543 -3.3013449e-07,
  -0.555575 -0.83146643 0,-0.63441017 -0.77299659 -1.8664556e-06] }
}
}
DEF SHAPE_279 Shape {
 appearance USE APP_1
 geometry DEF FACE_279 IndexedFaceSet {
  coord DEF COORD_279 Coordinate { point [
  28.596181 0.9055136 0.55511811,28.569182 0.905513 0.55511811,
  28.569169 0.90551261 0.68110236,28.596187 0.9055136 0.68110236] }
 coordIndex [
  3,1,0,-1,2,1,3,-1]
  normalPerVertex TRUE
  normal DEF NORM_279 Normal { vector [
  2.2057433e-05 -1 0,2.9420155e-05 -1 -1.5809239e-06,
  3.6777647e-05 -1 -3.1580307e-06,2.9420155e-05 -1 -1.5809239e-06] }
}
}
DEF SHAPE_280 Shape {
 appearance USE APP_1
 geometry DEF FACE_280 IndexedFaceSet {
  coord DEF COORD_280 Coordinate { point [
  28.596181 0.9055136 0.55511811,28.626908 0.90853897 0.55511811,
  28.656455 0.91750206 0.55511811,28.683685 0.93205827 0.55511811,
  28.707551 0.95164757 0.55511811,28.707542 0.95163801 0.68110236,
  28.683678 0.93205364 0.68110236,28.656452 0.91750071 0.68110236,
  28.62691 0.90853922 0.68110236,28.596187 0.9055136 0.68110236] }
 coordIndex [
  9,0,1,-1,8,9,1,-1,7,1,2,-1,7,8,1,-1,6,2,3,-1,6,7,2,-1,5,3,4,-1,5,6,3,-1]
  normalPerVertex TRUE
  normal DEF NORM_280 Normal { vector [
  0.097983819 -0.99518801 -4.7177622e-06,0.19508075 -0.98078718 -1.8754927e-06,
  0.41280728 -0.9108184 -2.1694124e-06,0.5825771 -0.81277544 -4.471386e-06,
  0.63444395 -0.77296887 -1.3351986e-05,0.63441267 -0.77299454 -3.4387094e-06,
  0.52799619 -0.84924674 9.1817972e-07,0.35216299 -0.93593869 -3.3013375e-07,
  0.1950847 -0.9807864 0,0.097995399 -0.99518687 -1.8664597e-06] }
}
}
DEF SHAPE_281 Shape {
 appearance USE APP_1
 geometry DEF FACE_281 IndexedFaceSet {
  coord DEF COORD_281 Coordinate { point [
  28.707551 0.95164757 0.55511811,28.742548 0.98664151 0.55511811,
  28.707542 0.95163801 0.68110236,28.742546 0.98663943 0.68110236] }
 coordIndex [
  3,0,1,-1,2,0,3,-1]
  normalPerVertex TRUE
  normal DEF NORM_281 Normal { vector [
  0.70707769 -0.70713587 -1.5843704e-06,0.70707485 -0.70713871 0,
  0.70708054 -0.70713302 -3.1657206e-06,0.70707769 -0.70713587 -1.5843704e-06] }
}
}
DEF SHAPE_282 Shape {
 appearance USE APP_1
 geometry DEF FACE_282 IndexedFaceSet {
  coord DEF COORD_282 Coordinate { point [
  28.838584 1.0039362 0.55511811,28.838594 1.0039352 0.70866142,
  28.825443 1.0024554 0.55511811,28.812961 0.99808828 0.55511811,
  28.801763 0.99105295 0.55511811,28.792412 0.9817022 0.55511811,
  28.785377 0.97050499 0.55511811,28.781009 0.95802288 0.55511811,
  28.779529 0.94488189 0.55511811,28.779528 0.94488189 0.70866142,
  28.78101 0.95802429 0.70866142,28.785378 0.97050758 0.70866142,
  28.792415 0.98170557 0.70866142,28.801768 0.99105653 0.70866142,
  28.812967 0.9980914 0.70866142,28.825451 1.0024573 0.70866142] }
 coordIndex [
  15,1,0,-1,15,0,2,-1,14,2,3,-1,14,15,2,-1,13,3,4,-1,13,14,3,-1,12,4,5,-1,12,13,4,-1,
  11,5,6,-1,11,12,5,-1,10,6,7,-1,10,11,6,-1,9,7,8,-1,9,10,7,-1]
  normalPerVertex TRUE
  normal DEF NORM_282 Normal { vector [
  -0.11186351 0.99372358 3.9959273e-06,-0.11174481 0.99373694 1.4277221e-05,
  -0.25889007 0.96590679 -1.7555055e-06,-0.46733348 0.88408112 -1.4058092e-06,
  -0.65236276 0.75790687 -1.0545348e-06,-0.80467229 0.59371922 -7.0318393e-07,
  -0.91662285 0.39975312 -3.5175662e-07,-0.98259425 0.18576474 -2.4513277e-06,
  -0.99371723 0.11191992 -7.31264e-06,-0.99371179 0.11196816 -3.1314799e-06,
  -0.96588739 0.25896244 7.0334926e-07,-0.88404299 0.46740561 1.0551831e-06,
  -0.75784838 0.65243071 1.4066736e-06,-0.59364057 0.80473031 1.7580876e-06,
  -0.39965613 0.91666514 2.1094251e-06,-0.18565142 0.98261567 4.787898e-06] }
}
}
DEF SHAPE_283 Shape {
 appearance USE APP_1
 geometry DEF FACE_283 IndexedFaceSet {
  coord DEF COORD_283 Coordinate { point [
  28.779529 0.94488189 0.55511811,28.779528 0.94488189 0.70866142,
  28.779528 0.88582677 0.70866142,28.779528 0.88582677 0.55511811] }
 coordIndex [
  2,0,3,-1,1,0,2,-1]
  normalPerVertex TRUE
  normal DEF NORM_283 Normal { vector [
  -1 2.0870667e-05 -4.0135898e-06,-1 1.2174533e-05 -7.3582565e-06,
  -1 2.0870667e-05 -4.0135898e-06,-1 2.95668e-05 -6.6892308e-07] }
}
}
DEF SHAPE_284 Shape {
 appearance USE APP_1
 geometry DEF FACE_284 IndexedFaceSet {
  coord DEF COORD_284 Coordinate { point [
  28.779528 0.88582677 0.55511811,28.779528 0.88582677 0.70866142,
  28.366142 0.88582677 0.55511811,28.366142 0.88582677 0.70866142] }
 coordIndex [
  1,2,3,-1,0,2,1,-1]
  normalPerVertex TRUE
  normal DEF NORM_284 Normal { vector [
  0 1 0,0 1 0,
  0 1 0,0 1 0] }
}
}
DEF SHAPE_285 Shape {
 appearance USE APP_1
 geometry DEF FACE_285 IndexedFaceSet {
  coord DEF COORD_285 Coordinate { point [
  28.366142 0.88582677 0.70866142,28.36614 0.94488189 0.70866142,
  28.366142 0.88582677 0.55511811,28.36614 0.94488189 0.55511811] }
 coordIndex [
  3,1,0,-1,2,3,0,-1]
  normalPerVertex TRUE
  normal DEF NORM_285 Normal { vector [
  1 3.0391866e-05 3.3397449e-07,1 2.9523533e-05 0,
  1 3.1260199e-05 6.6794872e-07,1 3.0391866e-05 3.3397449e-07] }
}
}
DEF SHAPE_286 Shape {
 appearance USE APP_1
 geometry DEF FACE_286 IndexedFaceSet {
  coord DEF COORD_286 Coordinate { point [
  28.307085 1.0039352 0.70866142,28.320226 1.0024555 0.70866142,
  28.332708 0.99808844 0.70866142,28.343906 0.99105313 0.70866142,
  28.353257 0.98170237 0.70866142,28.360292 0.97050512 0.70866142,
  28.36466 0.95802296 0.70866142,28.36614 0.94488189 0.70866142,
  28.36614 0.94488189 0.55511811,28.36466 0.95802288 0.55511811,
  28.360293 0.97050499 0.55511811,28.353257 0.9817022 0.55511811,
  28.343906 0.99105295 0.55511811,28.332709 0.99808828 0.55511811,
  28.320227 1.0024554 0.55511811,28.307086 1.0039362 0.55511811] }
 coordIndex [
  15,0,1,-1,14,1,2,-1,14,15,1,-1,13,2,3,-1,13,14,2,-1,12,3,4,-1,12,13,3,-1,11,4,5,-1,
  11,12,4,-1,10,5,6,-1,10,11,5,-1,9,6,7,-1,9,10,6,-1,8,9,7,-1]
  normalPerVertex TRUE
  normal DEF NORM_286 Normal { vector [
  0.11189403 0.99372014 7.3101555e-06,0.18573958 0.98259901 2.4504822e-06,
  0.39972427 0.91663543 1.0998293e-07,0.59368798 0.80469533 9.1598109e-08,
  0.75787676 0.65239775 7.3213072e-08,0.88405611 0.46738078 5.4827817e-08,
  0.96589783 0.2589235 3.6442342e-08,0.99371717 0.11192047 2.742414e-08,
  0.9937172 0.11192017 0,0.98259968 0.18573603 0,
  0.91662639 0.39974501 -1.8056119e-08,0.80468215 0.59370585 -3.6441183e-08,
  0.65238124 0.75789096 -5.4826041e-08,0.4673619 0.88406609 -7.3210709e-08,
  0.25892859 0.96589647 -9.1517008e-08,0.11193809 0.99371518 3.4911386e-06] }
}
}
DEF SHAPE_287 Shape {
 appearance USE APP_1
 geometry DEF FACE_287 IndexedFaceSet {
  coord DEF COORD_287 Coordinate { point [
  28.524148 1.0133606 0.54330709,28.48127 1.0562367 0.54330709,
  28.481269 1.056236 0.68110236,28.524148 1.0133602 0.68110236] }
 coordIndex [
  1,2,3,-1,0,1,3,-1]
  normalPerVertex TRUE
  normal DEF NORM_287 Normal { vector [
  0.70708536 0.7071282 4.200849e-06,0.70708294 0.70713062 5.7060333e-06,
  0.70708052 0.70713304 7.2112175e-06,0.70708294 0.70713062 5.7060333e-06] }
}
}
DEF SHAPE_288 Shape {
 appearance USE APP_1
 geometry DEF FACE_288 IndexedFaceSet {
  coord DEF COORD_288 Coordinate { point [
  28.32678 1.003937 0.54330613,28.31802 1.003937 0.54232031,
  28.309698 1.003937 0.53941116,28.302233 1.003937 0.53472306,
  28.295998 1.003937 0.52849116,28.291306 1.003937 0.52102798,
  28.288393 1.003937 0.51270784,28.287404 1.003937 0.50394801,
  28.326772 1.1023622 0.54330462,28.287403 1.1023622 0.50393766,
  28.28839 1.1023622 0.51269799,28.291302 1.1023622 0.5210191,
  28.295992 1.1023622 0.52848365,28.302226 1.1023622 0.53471723,
  28.30969 1.1023622 0.53940721,28.318011 1.1023622 0.54231834] }
 coordIndex [
  10,6,7,-1,10,7,9,-1,11,5,6,-1,11,6,10,-1,12,4,5,-1,12,5,11,-1,13,3,4,-1,13,4,12,-1,
  14,2,3,-1,14,3,13,-1,15,1,2,-1,15,2,14,-1,8,0,1,-1,8,1,15,-1]
  normalPerVertex TRUE
  normal DEF NORM_288 Normal { vector [
  0.1118264 -5.4262906e-06 -0.99372776,0.18560444 -1.8191068e-06 -0.98262454,
  0.39957409 3.3720641e-06 -0.91670091,0.59355883 3.4673796e-06 -0.8047906,
  0.75777423 3.5626896e-06 -0.65251683,0.88398422 3.6579942e-06 -0.46751674,
  0.96585887 3.7532933e-06 -0.25906881,0.99369692 6.7648715e-06 -0.11210009,
  0.11185214 -7.7434971e-06 -0.99372486,0.99370283 2.0478693e-06 -0.11204769,
  0.98257824 6.8624924e-07 -0.18584942,0.91659836 -3.8492052e-06 -0.39980926,
  0.80463704 -3.7538962e-06 -0.59376699,0.6523192 -3.6585817e-06 -0.75794436,
  0.46728433 -3.5632618e-06 -0.88410709,0.25881285 -3.4679365e-06 -0.96592749] }
}
}
DEF SHAPE_289 Shape {
 appearance USE APP_1
 geometry DEF FACE_289 IndexedFaceSet {
  coord DEF COORD_289 Coordinate { point [
  28.287403 1.003937 0.39369466,28.287404 1.003937 0.50394801,
  28.287404 1.1023622 0.39370079,28.287403 1.1023622 0.50393766] }
 coordIndex [
  3,0,2,-1,1,0,3,-1]
  normalPerVertex TRUE
  normal DEF NORM_289 Normal { vector [
  1 0 0,1 1.3922213e-05 -1.2428426e-05,
  1 -1.3918374e-05 1.2427713e-05,1 0 0] }
}
}
DEF SHAPE_290 Shape {
 appearance USE APP_1
 geometry DEF FACE_290 IndexedFaceSet {
  coord DEF COORD_290 Coordinate { point [
  28.287403 1.003937 0.39369466,28.288392 1.003937 0.38493307,
  28.291305 1.003937 0.37661117,28.295998 1.003937 0.3691465,
  28.302234 1.003937 0.36291357,28.309702 1.003937 0.3582251,
  28.318025 1.003937 0.35531633,28.326787 1.003937 0.35433318,
  28.287404 1.1023622 0.39370079,28.326772 1.1023622 0.35433167,
  28.318012 1.1023622 0.35531932,28.309691 1.1023622 0.35823041,
  28.302226 1.1023622 0.36292044,28.295992 1.1023622 0.36915416,
  28.291302 1.1023622 0.3766189,28.28839 1.1023622 0.38494023] }
 coordIndex [
  9,6,7,-1,10,5,6,-1,10,6,9,-1,11,4,5,-1,11,5,10,-1,12,3,4,-1,12,4,11,-1,13,2,3,-1,
  13,3,12,-1,14,1,2,-1,14,2,13,-1,15,0,1,-1,15,1,14,-1,8,0,15,-1]
  normalPerVertex TRUE
  normal DEF NORM_290 Normal { vector [
  0.99370344 -6.2241066e-06 0.1120423,0.96586161 3.2637829e-06 0.25905857,
  0.88399854 3.7330879e-06 0.46748965,0.75777448 4.1984281e-06 0.65251654,
  0.59353479 4.6636391e-06 0.80480833,0.39951896 5.1287208e-06 0.91672493,
  0.18551543 1.0686209e-05 0.98264135,0.11150442 3.1851623e-05 0.99376394,
  0.99372166 -2.0795816e-05 0.11188053,0.1117662 8.2919075e-06 0.99373453,
  0.25882417 -4.6522977e-06 0.96592445,0.4672617 -4.1951381e-06 0.88411906,
  0.65231333 -3.7301627e-06 0.75794942,0.80464304 -3.2650582e-06 0.59375885,
  0.91660954 -2.7998245e-06 0.39978363,0.98258675 -6.9734983e-06 0.18580439] }
}
}
DEF SHAPE_291 Shape {
 appearance USE APP_1
 geometry DEF FACE_291 IndexedFaceSet {
  coord DEF COORD_291 Coordinate { point [
  28.564391 1.003937 0.35433085,28.326787 1.003937 0.35433318,
  28.51209 1.0562361 0.3543308,28.400735 1.1023615 0.35433074,
  28.431458 1.0993349 0.35433078,28.461 1.0903735 0.35433078,
  28.488226 1.0758208 0.35433079,28.326772 1.1023622 0.35433167] }
 coordIndex [
  1,0,2,-1,1,4,3,-1,1,5,4,-1,1,6,5,-1,1,2,6,-1,1,3,7,-1]
  normalPerVertex TRUE
  normal DEF NORM_291 Normal { vector [
  9.8213333e-06 1.0783085e-05 1,8.8906091e-06 1.4440116e-05 1,
  9.73211e-06 1.1099215e-05 1,9.0298765e-06 1.7979387e-05 1,
  3.5259242e-06 2.1266221e-05 1,6.9027977e-06 1.6988893e-05 1,
  8.7984143e-06 1.3491053e-05 1,1.2579555e-05 1.5312447e-05 1] }
}
}
DEF SHAPE_292 Shape {
 appearance USE APP_1
 geometry DEF FACE_292 IndexedFaceSet {
  coord DEF COORD_292 Coordinate { point [
  28.400735 1.1023615 0.35433074,28.400735 1.102361 0.11811026,
  28.431458 1.0993349 0.35433078,28.461 1.0903735 0.35433078,
  28.488226 1.0758208 0.35433079,28.51209 1.0562361 0.3543308,
  28.51209 1.0562366 0.11811029,28.488226 1.0758208 0.11811035,
  28.461 1.0903735 0.11811034,28.431458 1.0993349 0.11811034] }
 coordIndex [
  5,6,7,-1,4,5,7,-1,3,7,8,-1,3,4,7,-1,2,8,9,-1,2,3,8,-1,0,9,1,-1,0,2,9,-1]
  normalPerVertex TRUE
  normal DEF NORM_292 Normal { vector [
  0.098031508 0.99518331 -1.3565374e-06,0.098022277 0.99518422 -2.568776e-06,
  0.22717185 0.97385469 -2.8328389e-07,0.41279302 0.91082486 -2.9122797e-07,
  0.55557596 0.83146579 -2.6789201e-07,0.63438893 0.77301402 1.8604608e-06,
  0.63437642 0.7730243 3.9769078e-06,0.55556914 0.83147034 7.7061593e-07,
  0.35215995 0.93593983 -3.6088795e-07,0.16281047 0.98665736 -1.0706993e-06] }
}
}
DEF SHAPE_293 Shape {
 appearance USE APP_1
 geometry DEF FACE_293 IndexedFaceSet {
  coord DEF COORD_293 Coordinate { point [
  28.571675 0.99665331 0.11811054,28.51209 1.0562366 0.11811029,
  28.51209 1.0562361 0.3543308,28.564391 1.003937 0.35433085,
  28.564391 1.003937 0.34645669,28.601657 0.96667108 0.34645669,
  28.592516 0.97581164 0.12184771,28.612039 0.95628874 0.13282168,
  28.629008 0.93932 0.15033849,28.642349 0.92597916 0.17328972,
  28.651218 0.91711039 0.20022307,28.655053 0.9132749 0.22943426,
  28.653613 0.91471539 0.25907486,28.646987 0.92134071 0.28726929,
  28.635596 0.93273161 0.31223346,28.620161 0.94816731 0.3323877] }
 coordIndex [
  4,2,3,-1,15,4,5,-1,14,4,15,-1,1,2,4,-1,13,4,14,-1,12,4,13,-1,0,1,4,-1,11,4,12,-1,
  6,0,4,-1,10,4,11,-1,7,6,4,-1,9,4,10,-1,8,7,4,-1,8,4,9,-1]
  normalPerVertex TRUE
  normal DEF NORM_293 Normal { vector [
  0.70710169 0.70711188 -3.2506861e-07,0.70709518 0.70711838 1.7194026e-06,
  0.70708998 0.70712358 3.9647294e-06,0.70708968 0.70712388 0,
  0.70710151 0.70711206 7.6408038e-07,0.70710678 0.70710678 0,
  0.70710678 0.70710678 0,0.70710678 0.70710678 0,
  0.70710678 0.70710678 0,0.70710678 0.70710678 0,
  0.70710678 0.70710678 0,0.70710678 0.70710678 0,
  0.70710678 0.70710678 0,0.70710678 0.70710678 0,
  0.70710678 0.70710678 0,0.70710678 0.70710678 0] }
}
}
DEF SHAPE_294 Shape {
 appearance USE APP_1
 geometry DEF FACE_294 IndexedFaceSet {
  coord DEF COORD_294 Coordinate { point [
  28.571675 0.99665331 0.11811054,28.592516 0.97581164 0.12184771,
  28.612039 0.95628874 0.13282168,28.629008 0.93932 0.15033849,
  28.642349 0.92597916 0.17328972,28.651218 0.91711039 0.20022307,
  28.655053 0.9132749 0.22943426,28.653613 0.91471539 0.25907486,
  28.646987 0.92134071 0.28726929,28.635596 0.93273161 0.31223346,
  28.620161 0.94816731 0.3323877,28.601657 0.96667108 0.34645669,
  28.53206 0.89707396 0.34645669,28.550191 0.8789432 0.33276165,
  28.565407 0.86372683 0.31321869,28.576787 0.85234657 0.28901161,
  28.583642 0.84549178 0.26160674,28.585556 0.84357768 0.23266412,
  28.582414 0.84672021 0.20393692,28.574405 0.85472904 0.17716525,
  28.543837 0.96881363 0.11811057,28.555564 0.9551434 0.11948417,
  28.565306 0.93940683 0.123723,28.572758 0.92145622 0.13114648,
  28.577358 0.90117021 0.14223833,28.578245 0.87869627 0.15750284] }
 coordIndex [
  1,20,0,-1,21,20,1,-1,22,1,2,-1,22,21,1,-1,23,2,3,-1,23,22,2,-1,24,23,3,-1,25,3,4,-1,
  25,24,3,-1,19,4,5,-1,19,25,4,-1,18,5,6,-1,18,19,5,-1,17,6,7,-1,17,18,6,-1,16,7,8,-1,
  16,17,7,-1,15,8,9,-1,15,16,8,-1,14,9,10,-1,14,15,9,-1,13,10,11,-1,13,14,10,-1,12,13,11,-1]
  normalPerVertex TRUE
  normal DEF NORM_294 Normal { vector [
  0.088946059 -0.088942157 -0.9920574,0.16186307 -0.14783749 -0.97567639,
  0.32994916 -0.32582299 -0.88598698,0.47472622 -0.46763905 -0.7456197,
  0.59702389 -0.59137735 -0.54206578,0.66794301 -0.66550279 -0.33310383,
  0.70536666 -0.70322508 -0.08906385,0.6988482 -0.69702254 0.16053276,
  0.64878401 -0.6472918 0.40011577,0.55828652 -0.55714531 0.61474,
  0.43298987 -0.4322172 0.79101711,0.33428578 -0.33370788 0.88141481,
  0.33313419 -0.33313419 0.88206758,0.38334115 -0.38332433 0.84030472,
  0.51757736 -0.5179165 0.68108456,0.61998801 -0.62066654 0.4799874,
  0.68426578 -0.68526716 0.24937775,0.70644847 -0.70775615 0.0034347939,
  0.68516275 -0.68676015 -0.24271897,0.62715858 -0.62836652 -0.46024736,
  0.085835669 -0.066211101 -0.9941068,0.11971604 -0.1010951 -0.98764763,
  0.24429236 -0.23535561 -0.94070664,0.37471321 -0.36474541 -0.85237949,
  0.44074501 -0.42933904 -0.78829679,0.53977132 -0.53892213 -0.64669147] }
}
}
DEF SHAPE_295 Shape {
 appearance USE APP_1
 geometry DEF FACE_295 IndexedFaceSet {
  coord DEF COORD_295 Coordinate { point [
  28.484271 1.0283732 0.11811036,28.442495 0.98663827 0.1771646,
  28.574405 0.85472904 0.17716525,28.543837 0.96881363 0.11811057,
  28.555564 0.9551434 0.11948417,28.565306 0.93940683 0.123723,
  28.572758 0.92145622 0.13114648,28.577358 0.90117021 0.14223833,
  28.578245 0.87869627 0.15750284] }
 coordIndex [
  3,1,0,-1,4,1,3,-1,5,1,4,-1,8,2,1,-1,6,1,5,-1,7,8,1,-1,7,1,6,-1]
  normalPerVertex TRUE
  normal DEF NORM_295 Normal { vector [
  -0.49998626 -0.50003649 -0.7070907,-0.49999201 -0.50000939 -0.70710579,
  -0.49999392 -0.5000008 -0.70711052,-0.49998784 -0.50002703 -0.70709627,
  -0.49999415 -0.49999337 -0.70711561,-0.49999388 -0.49999906 -0.70711177,
  -0.49999404 -0.50000022 -0.70711084,-0.49999437 -0.50000134 -0.70710981,
  -0.4999942 -0.50000125 -0.70711] }
}
}
DEF SHAPE_296 Shape {
 appearance USE APP_1
 geometry DEF FACE_296 IndexedFaceSet {
  coord DEF COORD_296 Coordinate { point [
  28.442495 0.98663827 0.1771646,28.433546 0.99398329 0.17716406,
  28.423336 0.99944121 0.17716405,28.412257 1.0028018 0.17716405,
  28.400736 1.0039364 0.17716439,28.484271 1.0283732 0.11811036,
  28.40073 1.062988 0.11811035,28.423781 1.0607195 0.11811201,
  28.445946 1.0539948 0.11811257,28.466371 1.0430726 0.11811201,
  28.434641 1.0267178 0.14763875] }
 coordIndex [
  10,0,1,-1,10,1,2,-1,10,2,3,-1,10,3,4,-1,10,5,0,-1,10,6,7,-1,10,7,8,-1,10,8,9,-1,
  10,9,5,-1,10,4,6,-1]
  normalPerVertex TRUE
  normal DEF NORM_296 Normal { vector [
  -0.40787853 -0.59199864 -0.69510626,-0.40433207 -0.6050845 -0.68584861,
  -0.2706071 -0.65326278 -0.7071206,-0.1419842 -0.71378745 -0.68581919,
  -0.13029104 -0.70699194 -0.69511628,-0.40449041 -0.57393358 -0.71203073,
  -0.11993457 -0.69182095 -0.71203895,-0.13398287 -0.67381249 -0.72665351,
  -0.27066742 -0.65324558 -0.7071134,-0.38183683 -0.57110445 -0.72666384,
  -0.26800836 -0.64688416 -0.71394145] }
}
}
DEF SHAPE_297 Shape {
 appearance USE APP_1
 geometry DEF FACE_297 IndexedFaceSet {
  coord DEF COORD_297 Coordinate { point [
  28.442495 0.98663827 0.1771646,28.442491 0.9866415 0.3464567,
  28.433546 0.99398329 0.17716406,28.423336 0.99944121 0.17716405,
  28.412257 1.0028018 0.17716405,28.400736 1.0039364 0.17716439,
  28.400739 1.0039366 0.34645669,28.433543 0.99398503 0.34645669,
  28.423335 0.99944168 0.34645669,28.412258 1.0028017 0.34645669] }
 coordIndex [
  1,2,0,-1,7,3,2,-1,7,2,1,-1,8,4,3,-1,8,3,7,-1,9,4,8,-1,6,5,4,-1,6,4,9,-1]
  normalPerVertex TRUE
  normal DEF NORM_297 Normal { vector [
  -0.63443827 -0.77297353 1.0579178e-07,-0.63442911 -0.77298105 -7.0419932e-07,
  -0.5825893 -0.8127667 2.1407451e-07,-0.41280677 -0.91081863 8.8401215e-07,
  -0.19509016 -0.98078531 1.0129592e-06,-0.098003511 -0.99518607 2.4662514e-06,
  -0.098022822 -0.99518417 1.1395469e-06,-0.52801267 -0.84923649 6.374111e-08,
  -0.35215965 -0.93593995 4.7201349e-07,-0.19509919 -0.98078352 3.1640511e-07] }
}
}
DEF SHAPE_298 Shape {
 appearance USE APP_1
 geometry DEF FACE_298 IndexedFaceSet {
  coord DEF COORD_298 Coordinate { point [
  28.53206 0.89707396 0.34645669,28.442491 0.9866415 0.3464567,
  28.550191 0.8789432 0.33276165,28.565407 0.86372683 0.31321869,
  28.576787 0.85234657 0.28901161,28.583642 0.84549178 0.26160674,
  28.585556 0.84357768 0.23266412,28.582414 0.84672021 0.20393692,
  28.574405 0.85472904 0.17716525,28.442495 0.98663827 0.1771646] }
 coordIndex [
  9,4,3,-1,9,5,4,-1,9,6,5,-1,9,7,6,-1,9,8,7,-1,2,9,3,-1,0,9,2,-1,1,9,0,-1]
  normalPerVertex TRUE
  normal DEF NORM_298 Normal { vector [
  -0.70710204 -0.70711152 -1.6773707e-06,-0.70710096 -0.70711261 -2.8278778e-06,
  -0.70710571 -0.70710785 2.1478529e-06,-0.70710541 -0.70710815 1.6697154e-06,
  -0.70710516 -0.70710841 1.148019e-06,-0.70710495 -0.70710861 5.6964272e-07,
  -0.70710479 -0.70710877 -8.4790773e-08,-0.70710456 -0.707109 -2.1126358e-06,
  -0.70710438 -0.70710918 -3.9643315e-06,-0.70710371 -0.70710985 -6.3748434e-07] }
}
}
DEF SHAPE_299 Shape {
 appearance USE APP_1
 geometry DEF FACE_299 IndexedFaceSet {
  coord DEF COORD_299 Coordinate { point [
  28.858268 0.70866142 0.22440945,28.858268 0.96456693 0.22440945,
  28.858268 1.003937 0.26377953,28.858268 1.003937 0.34645669,
  28.858268 0.70866142 0.34645669] }
 coordIndex [
  1,3,2,-1,4,3,1,-1,0,4,1,-1]
  normalPerVertex TRUE
  normal DEF NORM_299 Normal { vector [
  -1 0 0,-1 0 0,
  -1 0 0,-1 0 0,
  -1 0 0] }
}
}
DEF SHAPE_300 Shape {
 appearance USE APP_1
 geometry DEF FACE_300 IndexedFaceSet {
  coord DEF COORD_300 Coordinate { point [
  28.681102 0.70866142 0.22440945,28.858268 0.70866142 0.22440945,
  28.681102 0.70866142 0.34645669,28.858268 0.70866142 0.34645669] }
 coordIndex [
  2,1,0,-1,2,3,1,-1]
  normalPerVertex TRUE
  normal DEF NORM_300 Normal { vector [
  0 1 0,0 1 0,
  0 1 0,0 1 0] }
}
}
DEF SHAPE_301 Shape {
 appearance USE APP_1
 geometry DEF FACE_301 IndexedFaceSet {
  coord DEF COORD_301 Coordinate { point [
  28.42042 0.96934292 0.34645669,28.42042 0.96934314 0.22440945,
  28.681102 0.70866142 0.34645669,28.681102 0.70866142 0.22440945] }
 coordIndex [
  1,2,3,-1,0,2,1,-1]
  normalPerVertex TRUE
  normal DEF NORM_301 Normal { vector [
  0.70710569 0.70710787 2.5831158e-06,0.707106 0.70710757 1.2915579e-06,
  0.707106 0.70710757 1.2915579e-06,0.7071063 0.70710726 0] }
}
}
DEF SHAPE_302 Shape {
 appearance USE APP_1
 geometry DEF FACE_302 IndexedFaceSet {
  coord DEF COORD_302 Coordinate { point [
  29.015748 1.0024097 0.26225226,29.015748 0.99801448 0.24981572,
  29.015748 0.99096824 0.2386651,29.015748 0.98162259 0.22935678,
  29.015748 0.97044385 0.22235523,29.015748 0.95798982 0.21800978,
  29.015748 0.94488189 0.21653666,29.271654 1.0024097 0.26225226,
  29.271654 0.94488189 0.21653615,29.271654 0.95798981 0.21800978,
  29.271654 0.97044385 0.22235523,29.271654 0.98162259 0.22935678,
  29.271654 0.99096824 0.2386651,29.271654 0.99801448 0.24981572] }
 coordIndex [
  8,5,6,-1,9,5,8,-1,10,4,5,-1,10,5,9,-1,11,3,4,-1,11,4,10,-1,12,2,3,-1,12,3,11,-1,
  13,1,2,-1,13,2,12,-1,7,0,1,-1,7,1,13,-1]
  normalPerVertex TRUE
  normal DEF NORM_302 Normal { vector [
  0 -0.94285011 0.33321715,0 -0.91544303 0.40244759,
  0 -0.80326955 0.59561567,0 -0.6510155 0.75906443,
  0 -0.46627786 0.88463832,5.0091936e-07 -0.22195774 0.97505629,
  1.9910614e-06 -0.11168085 0.99374413,0 -0.94285011 0.33321715,
  9.9568087e-07 -0.11170004 0.99374197,0 -0.22196705 0.97505417,
  0 -0.39878005 0.9170466,0 -0.59239559 0.80564724,
  0 -0.75645248 0.65404865,0 -0.88276482 0.46981514] }
}
}
DEF SHAPE_303 Shape {
 appearance USE APP_1
 geometry DEF FACE_303 IndexedFaceSet {
  coord DEF COORD_303 Coordinate { point [
  29.271656 0.84358229 0.21653543,29.271654 0.94488189 0.21653615,
  29.015748 0.94488189 0.21653666,29.015746 0.87794276 0.21653543,
  28.968987 0.80598983 0.21653543,28.984581 0.81519999 0.21653543,
  28.997658 0.82772872 0.21653543,29.007526 0.84291406 0.21653543,
  29.013664 0.85995257 0.21653543,28.921048 0.78468315 0.21653543,
  28.8411 0.76771684 0.21653543,28.868453 0.76962704 0.21653543,
  28.895276 0.77531925 0.21653543,28.622047 0.76771543 0.21653543,
  28.425197 0.57086614 0.21653543,28.430133 0.61466929 0.21653543,
  28.444692 0.65627599 0.21653543,28.468144 0.69359988 0.21653543,
  28.499314 0.72476936 0.21653543,28.536637 0.74822145 0.21653543,
  28.578244 0.76278016 0.21653543,28.425197 0.039370079 0.21653543,
  28.523622 -0.059054872 0.21653543,28.50172 -0.056587105 0.21653543,
  28.480917 -0.04930785 0.21653543,28.462255 -0.037581826 0.21653543,
  28.44667 -0.021997045 0.21653543,28.434944 -0.0033350196 0.21653543,
  28.427665 0.017468424 0.21653543,28.562992 -0.059054565 0.21653543,
  28.661417 0.03937008 0.21653543,28.658949 0.017468427 0.21653543,
  28.65167 -0.0033350172 0.21653543,28.639944 -0.021997043 0.21653543,
  28.624359 -0.037581824 0.21653543,28.605697 -0.049307849 0.21653543,
  28.584894 -0.056587105 0.21653543,28.661418 0.34727545 0.21653543,
  28.759843 0.4457004 0.21653543,28.737941 0.44323263 0.21653543,
  28.717137 0.43595337 0.21653543,28.698475 0.42422735 0.21653543,
  28.682891 0.40864257 0.21653543,28.671165 0.38998054 0.21653543,
  28.663885 0.3691771 0.21653543,30.295276 0.44570009 0.21653543,
  30.393701 0.34727544 0.21653543,30.391233 0.3691771 0.21653543,
  30.383954 0.38998054 0.21653543,30.372227 0.40864257 0.21653543,
  30.356643 0.42422735 0.21653543,30.337981 0.43595337 0.21653543,
  30.317177 0.44323263 0.21653543,30.393701 0.039370079 0.21653543,
  30.492126 -0.059054872 0.21653543,30.470224 -0.056587105 0.21653543,
  30.449421 -0.04930785 0.21653543,30.430759 -0.037581826 0.21653543,
  30.415174 -0.021997045 0.21653543,30.403448 -0.0033350196 0.21653543,
  30.396169 0.017468424 0.21653543,30.531496 -0.059054565 0.21653543,
  30.629921 0.03937008 0.21653543,30.627453 0.017468427 0.21653543,
  30.620174 -0.0033350172 0.21653543,30.608448 -0.021997043 0.21653543,
  30.592863 -0.037581824 0.21653543,30.574201 -0.049307849 0.21653543,
  30.553398 -0.056587105 0.21653543,30.62992 0.57086614 0.21653543,
  30.433071 0.76771616 0.21653543,30.476874 0.76278016 0.21653543,
  30.518481 0.74822145 0.21653543,30.555805 0.72476936 0.21653543,
  30.586974 0.69359988 0.21653543,30.610426 0.65627599 0.21653543,
  30.624985 0.6146693 0.21653543,30.214019 0.76771749 0.21653543,
  30.13407 0.78468315 0.21653543,30.159842 0.77531925 0.21653543,
  30.186665 0.76962704 0.21653543,30.086132 0.80599075 0.21653543,
  30.039371 0.87794277 0.21653543,30.041454 0.85995257 0.21653543,
  30.047592 0.84291406 0.21653543,30.05746 0.82772872 0.21653543,
  30.070538 0.8152 0.21653543,30.03937 0.94488189 0.21653615,
  29.783465 0.94488189 0.21653728,29.783463 0.84358229 0.21653554,
  29.744095 0.80421333 0.21653543,29.752855 0.80520101 0.21653543,
  29.761176 0.8081122 0.21653543,29.768641 0.81280226 0.21653543,
  29.774875 0.81903596 0.21653543,29.779565 0.82650063 0.21653543,
  29.782476 0.83482186 0.21653543,29.311024 0.8042147 0.21653543,
  29.272642 0.83482186 0.21653543,29.275554 0.82650062 0.21653543,
  29.280244 0.81903595 0.21653543,29.286477 0.81280226 0.21653543,
  29.293942 0.80811219 0.21653543,29.302263 0.805201 0.21653543] }
 coordIndex [
  50,74,73,-1,50,75,74,-1,50,76,75,-1,50,69,76,-1,49,69,50,-1,51,50,73,-1,51,71,70,-1,51,72,71,-1,
  51,73,72,-1,48,69,49,-1,52,51,70,-1,47,69,48,-1,46,69,47,-1,45,52,70,-1,45,70,77,-1,45,79,78,-1,
  45,80,79,-1,45,77,80,-1,45,78,81,-1,88,82,87,-1,62,69,46,-1,89,82,88,-1,89,83,82,-1,96,83,89,-1,
  96,84,83,-1,95,84,96,-1,95,85,84,-1,94,85,95,-1,94,86,85,-1,93,86,94,-1,92,45,81,-1,92,86,93,-1,
  92,81,86,-1,91,45,92,-1,90,45,91,-1,68,67,66,-1,61,63,62,-1,61,64,63,-1,61,65,64,-1,61,66,65,-1,
  61,68,66,-1,53,62,46,-1,53,61,62,-1,54,61,53,-1,55,54,53,-1,59,53,60,-1,58,55,53,-1,58,56,55,-1,
  58,57,56,-1,58,53,59,-1,3,0,1,-1,3,1,2,-1,8,0,3,-1,8,98,0,-1,7,98,8,-1,7,99,98,-1,
  6,99,7,-1,6,100,99,-1,5,101,100,-1,5,102,101,-1,5,100,6,-1,4,102,5,-1,38,103,102,-1,38,97,103,-1,
  38,4,9,-1,38,11,10,-1,38,102,4,-1,38,12,11,-1,38,9,12,-1,38,10,13,-1,39,38,13,-1,40,19,18,-1,
  40,20,19,-1,40,13,20,-1,40,39,13,-1,41,18,17,-1,41,40,18,-1,16,41,17,-1,15,41,16,-1,14,42,41,-1,
  14,43,42,-1,14,44,43,-1,14,37,44,-1,14,41,15,-1,34,32,31,-1,34,33,32,-1,35,34,31,-1,29,31,30,-1,
  29,36,35,-1,29,35,31,-1,21,30,37,-1,21,37,14,-1,21,29,30,-1,22,29,21,-1,23,22,21,-1,25,23,21,-1,
  25,24,23,-1,25,21,28,-1,26,25,28,-1,26,28,27,-1,38,45,90,-1,38,90,97,-1]
  normalPerVertex TRUE
  normal DEF NORM_303 Normal { vector [
  -7.5103888e-07 -5.5935882e-06 1,2.2430214e-07 -1.1581711e-05 1,
  2.0036852e-06 -1.8384267e-05 1,2.0233091e-07 -1.044719e-05 1,
  0 0 1,0 0 1,
  0 0 1,0 0 1,
  0 0 1,0 0 1,
  0 0 1,0 0 1,
  0 0 1,0 0 1,
  0 0 1,0 0 1,
  0 0 1,0 0 1,
  0 0 1,0 0 1,
  0 0 1,0 0 1,
  0 0 1,0 0 1,
  0 0 1,0 0 1,
  0 0 1,0 0 1,
  0 0 1,0 0 1,
  0 0 1,0 0 1,
  0 0 1,0 0 1,
  0 0 1,0 0 1,
  0 0 1,0 0 1,
  0 0 1,0 0 1,
  0 0 1,0 0 1,
  0 0 1,0 0 1,
  0 0 1,0 0 1,
  0 0 1,0 0 1,
  0 0 1,0 0 1,
  0 0 1,0 0 1,
  0 0 1,0 0 1,
  0 0 1,0 0 1,
  0 0 1,0 0 1,
  0 0 1,0 0 1,
  0 0 1,0 0 1,
  0 0 1,0 0 1,
  0 0 1,0 0 1,
  0 0 1,0 0 1,
  0 0 1,0 0 1,
  0 0 1,0 0 1,
  0 0 1,0 0 1,
  0 0 1,0 0 1,
  0 0 1,0 0 1,
  0 0 1,0 0 1,
  0 0 1,0 0 1,
  3.0935846e-06 -1.3192429e-05 1,3.8498846e-07 -2.2935762e-06 1,
  0 0 1,0 0 1,
  0 0 1,4.4082725e-06 -1.072454e-05 1,
  3.3866834e-06 -1.4630044e-05 1,2.2749735e-06 -1.4386935e-05 1,
  0 0 1,0 0 1,
  0 0 1,0 0 1,
  0 0 1,0 0 1,
  2.8656317e-07 -2.9531467e-06 1,0 0 1,
  0 0 1,0 0 1,
  0 0 1,0 0 1,
  0 0 1,0 0 1] }
}
}
DEF SHAPE_304 Shape {
 appearance USE APP_1
 geometry DEF FACE_304 IndexedFaceSet {
  coord DEF COORD_304 Coordinate { point [
  28.921048 0.78468315 0.21653543,28.968987 0.80598983 0.21653543,
  28.968987 0.80599075 0.11811024,28.921048 0.78468315 0.11811024] }
 coordIndex [
  1,2,3,-1,0,1,3,-1]
  normalPerVertex TRUE
  normal DEF NORM_304 Normal { vector [
  -0.40614513 0.91380858 0,-0.40615391 0.91380469 5.1174546e-06,
  -0.40616268 0.91380079 1.0234909e-05,-0.40615391 0.91380469 5.1174546e-06] }
}
}
DEF SHAPE_305 Shape {
 appearance USE APP_1
 geometry DEF FACE_305 IndexedFaceSet {
  coord DEF COORD_305 Coordinate { point [
  28.921048 0.78468315 0.11811024,28.921048 0.78468315 0.21653543,
  28.8411 0.76771684 0.21653543,28.868453 0.76962704 0.21653543,
  28.895276 0.77531925 0.21653543,28.8411 0.76771717 0.11811024,
  28.895276 0.77531925 0.11811024,28.868453 0.76962704 0.11811024] }
 coordIndex [
  0,4,1,-1,6,3,4,-1,6,4,0,-1,7,3,6,-1,5,2,3,-1,5,3,7,-1]
  normalPerVertex TRUE
  normal DEF NORM_305 Normal { vector [
  -0.34149608 0.9398832 0,-0.34149608 0.9398832 0,
  -0.069663815 0.99757053 3.3035957e-06,-0.13896205 0.99029771 8.2781224e-07,
  -0.29750323 0.95472081 0,-0.0696579 0.99757094 1.6517987e-06,
  -0.25277184 0.96752591 0,-0.13895913 0.99029812 0] }
}
}
DEF SHAPE_306 Shape {
 appearance USE APP_1
 geometry DEF FACE_306 IndexedFaceSet {
  coord DEF COORD_306 Coordinate { point [
  28.622047 0.76771616 0.11811024,28.622047 0.76771543 0.21653543,
  28.8411 0.76771684 0.21653543,28.8411 0.76771717 0.11811024] }
 coordIndex [
  0,2,3,-1,1,2,0,-1]
  normalPerVertex TRUE
  normal DEF NORM_306 Normal { vector [
  -5.5439838e-06 1 5.363346e-06,-6.4658604e-06 1 7.4150479e-06,
  -5.5439838e-06 1 5.363346e-06,-4.6221072e-06 1 3.311644e-06] }
}
}
DEF SHAPE_307 Shape {
 appearance USE APP_1
 geometry DEF FACE_307 IndexedFaceSet {
  coord DEF COORD_307 Coordinate { point [
  29.783464 0.84358228 0.11811024,29.782476 0.83482186 0.11811024,
  29.779565 0.82650062 0.11811024,29.774875 0.81903596 0.11811024,
  29.768641 0.81280226 0.11811024,29.761176 0.80811219 0.11811024,
  29.752855 0.805201 0.11811024,29.744094 0.8042147 0.11811024,
  29.311024 0.80421333 0.11811024,29.302263 0.80520101 0.11811024,
  29.293942 0.8081122 0.11811024,29.286477 0.81280227 0.11811024,
  29.280244 0.81903597 0.11811024,29.275554 0.82650064 0.11811024,
  29.272642 0.83482188 0.11811024,29.271656 0.84358232 0.11811024,
  29.271654 0.94488189 0.11811169,29.015748 0.94488189 0.1181108,
  29.015747 0.87794277 0.11811024,29.013664 0.85995257 0.11811024,
  29.007526 0.84291406 0.11811024,28.997658 0.82772872 0.11811024,
  28.984581 0.8152 0.11811024,28.968987 0.80599075 0.11811024,
  28.921048 0.78468315 0.11811024,28.895276 0.77531925 0.11811024,
  28.868453 0.76962704 0.11811024,28.8411 0.76771717 0.11811024,
  28.622047 0.76771616 0.11811024,28.578244 0.76278016 0.11811024,
  28.536637 0.74822145 0.11811024,28.499314 0.72476936 0.11811024,
  28.468144 0.69359988 0.11811024,28.444692 0.65627599 0.11811024,
  28.430133 0.6146693 0.11811024,28.425198 0.57086614 0.11811024,
  28.425197 0.039370083 0.11811024,28.427665 0.017468427 0.11811024,
  28.434944 -0.0033350172 0.11811024,28.44667 -0.021997043 0.11811024,
  28.462255 -0.037581824 0.11811024,28.480917 -0.049307849 0.11811024,
  28.50172 -0.056587105 0.11811024,28.523622 -0.059054565 0.11811024,
  28.562992 -0.059054872 0.11811024,28.584894 -0.056587105 0.11811024,
  28.605697 -0.04930785 0.11811024,28.624359 -0.037581826 0.11811024,
  28.639944 -0.021997045 0.11811024,28.65167 -0.0033350196 0.11811024,
  28.658949 0.017468424 0.11811024,28.661417 0.039370079 0.11811024,
  28.661418 0.34727544 0.11811024,28.663885 0.3691771 0.11811024,
  28.671165 0.38998054 0.11811024,28.682891 0.40864257 0.11811024,
  28.698475 0.42422735 0.11811024,28.717137 0.43595337 0.11811024,
  28.737941 0.44323263 0.11811024,28.759843 0.44570009 0.11811024,
  30.295276 0.4457004 0.11811024,30.317177 0.44323263 0.11811024,
  30.337981 0.43595337 0.11811024,30.356643 0.42422735 0.11811024,
  30.372227 0.40864257 0.11811024,30.383954 0.38998054 0.11811024,
  30.391233 0.3691771 0.11811024,30.3937 0.34727545 0.11811024,
  30.393701 0.03937008 0.11811024,30.396169 0.017468427 0.11811024,
  30.403448 -0.0033350172 0.11811024,30.415174 -0.021997043 0.11811024,
  30.430759 -0.037581824 0.11811024,30.449421 -0.049307849 0.11811024,
  30.470224 -0.056587105 0.11811024,30.492126 -0.059054565 0.11811024,
  30.531496 -0.059054872 0.11811024,30.553398 -0.056587105 0.11811024,
  30.574201 -0.04930785 0.11811024,30.592863 -0.037581826 0.11811024,
  30.608448 -0.021997045 0.11811024,30.620174 -0.0033350196 0.11811024,
  30.627453 0.017468424 0.11811024,30.629921 0.039370079 0.11811024,
  30.629921 0.57086614 0.11811024,30.624985 0.61466929 0.11811024,
  30.610426 0.65627599 0.11811024,30.586974 0.69359988 0.11811024,
  30.555805 0.72476936 0.11811024,30.518481 0.74822145 0.11811024,
  30.476874 0.76278016 0.11811024,30.433071 0.76771543 0.11811024,
  30.214019 0.76771684 0.11811024,30.186665 0.76962704 0.11811024,
  30.159842 0.77531925 0.11811024,30.13407 0.78468364 0.11811024,
  30.086131 0.80598983 0.11811024,30.070538 0.81519999 0.11811024,
  30.05746 0.82772872 0.11811024,30.047592 0.84291406 0.11811024,
  30.041454 0.85995257 0.11811024,30.039371 0.87794277 0.11811032,
  30.03937 0.94488189 0.11811169,29.783465 0.94488189 0.1181108] }
 coordIndex [
  63,84,64,-1,63,85,84,-1,63,86,85,-1,63,87,86,-1,63,88,87,-1,65,64,84,-1,62,88,63,-1,62,89,88,-1,
  62,90,89,-1,62,91,90,-1,66,65,84,-1,61,91,62,-1,67,66,84,-1,60,91,61,-1,60,92,91,-1,60,93,92,-1,
  60,94,93,-1,60,95,94,-1,60,96,95,-1,103,102,101,-1,83,67,84,-1,0,101,100,-1,0,103,101,-1,1,0,100,-1,
  1,100,99,-1,2,1,99,-1,2,99,98,-1,3,2,98,-1,3,98,97,-1,80,82,81,-1,4,3,97,-1,5,96,60,-1,
  5,4,97,-1,5,97,96,-1,6,5,60,-1,7,6,60,-1,77,79,78,-1,77,80,79,-1,76,82,80,-1,76,83,82,-1,
  76,80,77,-1,68,67,83,-1,68,83,76,-1,75,68,76,-1,74,68,75,-1,72,68,74,-1,72,69,68,-1,72,70,69,-1,
  72,71,70,-1,72,74,73,-1,18,16,15,-1,18,17,16,-1,19,15,14,-1,19,18,15,-1,20,14,13,-1,20,19,14,-1,
  21,13,12,-1,21,20,13,-1,22,11,10,-1,22,12,11,-1,22,21,12,-1,23,22,10,-1,59,9,8,-1,59,10,9,-1,
  59,23,10,-1,59,24,23,-1,59,25,24,-1,59,26,25,-1,59,27,26,-1,59,28,27,-1,58,28,59,-1,57,29,28,-1,
  57,30,29,-1,57,31,30,-1,57,28,58,-1,56,31,57,-1,56,32,31,-1,33,32,56,-1,34,33,56,-1,35,53,52,-1,
  35,54,53,-1,35,55,54,-1,35,56,55,-1,35,34,56,-1,48,50,49,-1,47,50,48,-1,46,50,47,-1,44,46,45,-1,
  44,51,50,-1,44,50,46,-1,36,52,51,-1,36,35,52,-1,36,51,44,-1,43,36,44,-1,42,36,43,-1,38,37,36,-1,
  39,38,36,-1,39,36,42,-1,40,39,42,-1,40,42,41,-1,59,7,60,-1,59,8,7,-1]
  normalPerVertex TRUE
  normal DEF NORM_307 Normal { vector [
  -3.8316858e-07 5.0468617e-06 -1,0 0 -1,
  0 0 -1,0 0 -1,
  0 0 -1,0 0 -1,
  0 0 -1,0 0 -1,
  0 0 -1,0 0 -1,
  0 0 -1,0 0 -1,
  0 0 -1,0 0 -1,
  0 0 -1,1.5231046e-06 1.1343609e-05 -1,
  2.5451462e-06 1.2018466e-05 -1,3.4765854e-06 8.4576024e-06 -1,
  2.2958261e-06 1.0841129e-05 -1,0 0 -1,
  0 0 -1,0 0 -1,
  0 0 -1,0 0 -1,
  0 0 -1,0 0 -1,
  0 0 -1,0 0 -1,
  0 0 -1,0 0 -1,
  0 0 -1,0 0 -1,
  0 0 -1,0 0 -1,
  0 0 -1,0 0 -1,
  0 0 -1,0 0 -1,
  0 0 -1,0 0 -1,
  0 0 -1,0 0 -1,
  0 0 -1,0 0 -1,
  0 0 -1,0 0 -1,
  0 0 -1,0 0 -1,
  0 0 -1,0 0 -1,
  0 0 -1,0 0 -1,
  0 0 -1,0 0 -1,
  0 0 -1,0 0 -1,
  0 0 -1,0 0 -1,
  0 0 -1,0 0 -1,
  0 0 -1,0 0 -1,
  0 0 -1,0 0 -1,
  0 0 -1,0 0 -1,
  0 0 -1,0 0 -1,
  0 0 -1,0 0 -1,
  0 0 -1,0 0 -1,
  0 0 -1,0 0 -1,
  0 0 -1,0 0 -1,
  0 0 -1,0 0 -1,
  0 0 -1,0 0 -1,
  0 0 -1,0 0 -1,
  0 0 -1,0 0 -1,
  0 0 -1,0 0 -1,
  0 0 -1,0 0 -1,
  0 0 -1,0 0 -1,
  0 0 -1,0 0 -1,
  0 0 -1,0 0 -1,
  0 0 -1,0 0 -1,
  0 0 -1,0 0 -1,
  0 0 -1,0 0 -1,
  -1.1525464e-07 1.8165472e-06 -1,9.8414925e-07 1.0845106e-05 -1,
  3.476725e-06 2.0541098e-05 -1,1.1217745e-06 1.1538177e-05 -1] }
}
}
DEF SHAPE_308 Shape {
 appearance USE APP_1
 geometry DEF FACE_308 IndexedFaceSet {
  coord DEF COORD_308 Coordinate { point [
  29.015747 0.87794277 0.11811024,29.015746 0.87794276 0.21653543,
  28.968987 0.80598983 0.21653543,28.984581 0.81519999 0.21653543,
  28.997658 0.82772872 0.21653543,29.007526 0.84291406 0.21653543,
  29.013664 0.85995257 0.21653543,28.968987 0.80599075 0.11811024,
  29.013664 0.85995257 0.11811024,29.007526 0.84291406 0.11811024,
  28.997658 0.82772872 0.11811024,28.984581 0.8152 0.11811024] }
 coordIndex [
  3,7,2,-1,3,11,7,-1,4,10,11,-1,4,11,3,-1,5,9,10,-1,5,10,4,-1,6,8,9,-1,6,9,5,-1,
  1,0,8,-1,1,8,6,-1]
  normalPerVertex TRUE
  normal DEF NORM_308 Normal { vector [
  -0.99336165 0.11503319 -1.1180295e-05,-0.99336514 0.11500302 -5.5920817e-06,
  -0.50855628 0.86102875 1.0164432e-05,-0.57299976 0.81955553 3.408142e-06,
  -0.74509168 0.66696206 0,-0.87777672 0.47906996 0,
  -0.96401968 0.26583086 0,-0.50853251 0.86104279 5.0840191e-06,
  -0.98163621 0.19076257 -3.7489967e-06,-0.91208803 0.40999443 0,
  -0.79427856 0.60755376 0,-0.63444479 0.77296818 0] }
}
}
DEF SHAPE_309 Shape {
 appearance USE APP_1
 geometry DEF FACE_309 IndexedFaceSet {
  coord DEF COORD_309 Coordinate { point [
  28.425197 0.57086614 0.21653543,28.430133 0.61466929 0.21653543,
  28.444692 0.65627599 0.21653543,28.468144 0.69359988 0.21653543,
  28.499314 0.72476936 0.21653543,28.536637 0.74822145 0.21653543,
  28.578244 0.76278016 0.21653543,28.622047 0.76771543 0.21653543,
  28.622047 0.76771616 0.11811024,28.578244 0.76278016 0.11811024,
  28.536637 0.74822145 0.11811024,28.499314 0.72476936 0.11811024,
  28.468144 0.69359988 0.11811024,28.444692 0.65627599 0.11811024,
  28.430133 0.6146693 0.11811024,28.425198 0.57086614 0.11811024] }
 coordIndex [
  15,0,1,-1,14,1,2,-1,14,15,1,-1,13,2,3,-1,13,14,2,-1,12,3,4,-1,12,13,3,-1,11,4,5,-1,
  11,12,4,-1,10,5,6,-1,10,11,5,-1,9,6,7,-1,9,10,6,-1,8,9,7,-1]
  normalPerVertex TRUE
  normal DEF NORM_309 Normal { vector [
  -0.99371098 0.11197539 -6.519677e-06,-0.9825922 0.18577558 -2.1854379e-06,
  -0.91661906 0.3997618 0,-0.80468143 0.59370682 0,
  -0.65239329 0.75788059 0,-0.46739108 0.88405067 0,
  -0.25895168 0.96589028 0,-0.1119691 0.99371169 3.6846863e-06,
  -0.11197727 0.99371077 7.3664915e-06,-0.18577619 0.98259209 2.4692957e-06,
  -0.3997618 0.91661906 0,-0.59370682 0.80468143 0,
  -0.75788059 0.65239329 0,-0.88405067 0.46739108 0,
  -0.96589028 0.25895168 0,-0.99371179 0.11196816 -3.2612775e-06] }
}
}
DEF SHAPE_310 Shape {
 appearance USE APP_1
 geometry DEF FACE_310 IndexedFaceSet {
  coord DEF COORD_310 Coordinate { point [
  28.425197 0.039370083 0.11811024,28.425197 0.039370079 0.21653543,
  28.425198 0.57086614 0.11811024,28.425197 0.57086614 0.21653543] }
 coordIndex [
  0,3,2,-1,0,1,3,-1]
  normalPerVertex TRUE
  normal DEF NORM_310 Normal { vector [
  -1 6.9612963e-07 -1.8795399e-06,-1 -1.716889e-07 2.80668e-06,
  -1 1.5639482e-06 -6.5657599e-06,-1 6.9612963e-07 -1.8795399e-06] }
}
}
DEF SHAPE_311 Shape {
 appearance USE APP_1
 geometry DEF FACE_311 IndexedFaceSet {
  coord DEF COORD_311 Coordinate { point [
  28.425197 0.039370083 0.11811024,28.427665 0.017468427 0.11811024,
  28.434944 -0.0033350172 0.11811024,28.44667 -0.021997043 0.11811024,
  28.462255 -0.037581824 0.11811024,28.480917 -0.049307849 0.11811024,
  28.50172 -0.056587105 0.11811024,28.523622 -0.059054565 0.11811024,
  28.523622 -0.059054872 0.21653543,28.50172 -0.056587105 0.21653543,
  28.480917 -0.04930785 0.21653543,28.462255 -0.037581826 0.21653543,
  28.44667 -0.021997045 0.21653543,28.434944 -0.0033350196 0.21653543,
  28.427665 0.017468424 0.21653543,28.425197 0.039370079 0.21653543] }
 coordIndex [
  15,0,1,-1,14,1,2,-1,14,15,1,-1,13,2,3,-1,13,14,2,-1,12,3,4,-1,12,13,3,-1,11,4,5,-1,
  11,12,4,-1,10,5,6,-1,10,11,5,-1,9,6,7,-1,9,10,6,-1,8,9,7,-1]
  normalPerVertex TRUE
  normal DEF NORM_311 Normal { vector [
  -0.99371215 -0.11196504 2.7840516e-06,-0.9825937 -0.18576763 9.3323216e-07,
  -0.91662091 -0.39975756 0,-0.80468253 -0.59370533 0,
  -0.6523926 -0.75788119 0,-0.46738783 -0.88405239 0,
  -0.25894545 -0.96589195 0,-0.11195956 -0.99371276 -1.5506503e-06,
  -0.11196643 -0.99371199 -3.0983121e-06,-0.18576809 -0.98259362 -1.0385743e-06,
  -0.39975756 -0.91662091 0,-0.59370533 -0.80468253 0,
  -0.75788119 -0.6523926 0,-0.88405239 -0.46738783 0,
  -0.96589195 -0.25894545 0,-0.99371284 -0.11195887 1.3935204e-06] }
}
}
DEF SHAPE_312 Shape {
 appearance USE APP_1
 geometry DEF FACE_312 IndexedFaceSet {
  coord DEF COORD_312 Coordinate { point [
  28.562992 -0.059054872 0.11811024,28.562992 -0.059054565 0.21653543,
  28.523622 -0.059054565 0.11811024,28.523622 -0.059054872 0.21653543] }
 coordIndex [
  0,3,2,-1,0,1,3,-1]
  normalPerVertex TRUE
  normal DEF NORM_312 Normal { vector [
  0 -1 0,7.7998183e-06 -1 3.1199253e-06,
  -7.7998049e-06 -1 -3.1199231e-06,0 -1 0] }
}
}
DEF SHAPE_313 Shape {
 appearance USE APP_1
 geometry DEF FACE_313 IndexedFaceSet {
  coord DEF COORD_313 Coordinate { point [
  28.562992 -0.059054872 0.11811024,28.584894 -0.056587105 0.11811024,
  28.605697 -0.04930785 0.11811024,28.624359 -0.037581826 0.11811024,
  28.639944 -0.021997045 0.11811024,28.65167 -0.0033350196 0.11811024,
  28.658949 0.017468424 0.11811024,28.661417 0.039370079 0.11811024,
  28.661417 0.03937008 0.21653543,28.658949 0.017468427 0.21653543,
  28.65167 -0.0033350172 0.21653543,28.639944 -0.021997043 0.21653543,
  28.624359 -0.037581824 0.21653543,28.605697 -0.049307849 0.21653543,
  28.584894 -0.056587105 0.21653543,28.562992 -0.059054565 0.21653543] }
 coordIndex [
  15,0,1,-1,14,1,2,-1,14,15,1,-1,13,2,3,-1,13,14,2,-1,12,3,4,-1,12,13,3,-1,11,4,5,-1,
  11,12,4,-1,10,5,6,-1,10,11,5,-1,9,6,7,-1,9,10,6,-1,8,9,7,-1]
  normalPerVertex TRUE
  normal DEF NORM_313 Normal { vector [
  0.11196642 -0.99371199 3.0953272e-06,0.18576808 -0.98259362 1.0375738e-06,
  0.39975756 -0.91662091 0,0.59370533 -0.80468253 0,
  0.75788119 -0.6523926 0,0.88405239 -0.46738783 0,
  0.96589195 -0.25894545 0,0.99371261 -0.11196094 -1.8606847e-06,
  0.99371168 -0.11196918 -3.7183821e-06,0.98259345 -0.18576899 -1.2464259e-06,
  0.91662091 -0.39975756 0,0.80468253 -0.59370533 0,
  0.6523926 -0.75788119 0,0.46738783 -0.88405239 0,
  0.25894545 -0.96589195 0,0.11195956 -0.99371276 1.5491577e-06] }
}
}
DEF SHAPE_314 Shape {
 appearance USE APP_1
 geometry DEF FACE_314 IndexedFaceSet {
  coord DEF COORD_314 Coordinate { point [
  28.661417 0.03937008 0.21653543,28.661418 0.34727545 0.21653543,
  28.661417 0.039370079 0.11811024,28.661418 0.34727544 0.11811024] }
 coordIndex [
  3,0,2,-1,1,0,3,-1]
  normalPerVertex TRUE
  normal DEF NORM_314 Normal { vector [
  1 -2.393567e-06 -3.74392e-06,1 -2.393567e-06 -3.7439199e-06,
  1 -2.393567e-06 -3.74392e-06,1 -2.393567e-06 -3.74392e-06] }
}
}
DEF SHAPE_315 Shape {
 appearance USE APP_1
 geometry DEF FACE_315 IndexedFaceSet {
  coord DEF COORD_315 Coordinate { point [
  28.661418 0.34727544 0.11811024,28.661418 0.34727545 0.21653543,
  28.759843 0.4457004 0.21653543,28.737941 0.44323263 0.21653543,
  28.717137 0.43595337 0.21653543,28.698475 0.42422735 0.21653543,
  28.682891 0.40864257 0.21653543,28.671165 0.38998054 0.21653543,
  28.663885 0.3691771 0.21653543,28.759843 0.44570009 0.11811024,
  28.663885 0.3691771 0.11811024,28.671165 0.38998054 0.11811024,
  28.682891 0.40864257 0.11811024,28.698475 0.42422735 0.11811024,
  28.717137 0.43595337 0.11811024,28.737941 0.44323263 0.11811024] }
 coordIndex [
  3,9,2,-1,3,15,9,-1,4,14,15,-1,4,15,3,-1,5,13,14,-1,5,14,4,-1,6,12,13,-1,6,13,5,-1,
  7,11,12,-1,7,12,6,-1,8,10,11,-1,8,11,7,-1,1,0,10,-1,1,10,8,-1]
  normalPerVertex TRUE
  normal DEF NORM_315 Normal { vector [
  0.99371168 -0.11196918 -3.7173872e-06,0.99371261 -0.11196094 -1.860187e-06,
  0.11196643 -0.99371199 3.0983129e-06,0.18576809 -0.98259362 1.0385746e-06,
  0.39975756 -0.91662091 0,0.59370533 -0.80468253 0,
  0.75788119 -0.6523926 0,0.88405239 -0.46738783 0,
  0.96589195 -0.25894545 0,0.11195956 -0.99371276 1.5506504e-06,
  0.98259345 -0.18576899 -1.2460925e-06,0.91662091 -0.39975756 0,
  0.80468253 -0.59370533 0,0.6523926 -0.75788119 0,
  0.46738783 -0.88405239 0,0.25894545 -0.96589195 0] }
}
}
DEF SHAPE_316 Shape {
 appearance USE APP_1
 geometry DEF FACE_316 IndexedFaceSet {
  coord DEF COORD_316 Coordinate { point [
  30.295276 0.4457004 0.11811024,30.295276 0.44570009 0.21653543,
  28.759843 0.44570009 0.11811024,28.759843 0.4457004 0.21653543] }
 coordIndex [
  0,3,2,-1,0,1,3,-1]
  normalPerVertex TRUE
  normal DEF NORM_316 Normal { vector [
  0 -1 0,-1.9999513e-07 -1 -3.119924e-06,
  1.9999513e-07 -1 3.119924e-06,0 -1 0] }
}
}
DEF SHAPE_317 Shape {
 appearance USE APP_1
 geometry DEF FACE_317 IndexedFaceSet {
  coord DEF COORD_317 Coordinate { point [
  30.295276 0.4457004 0.11811024,30.295276 0.44570009 0.21653543,
  30.393701 0.34727544 0.21653543,30.391233 0.3691771 0.21653543,
  30.383954 0.38998054 0.21653543,30.372227 0.40864257 0.21653543,
  30.356643 0.42422735 0.21653543,30.337981 0.43595337 0.21653543,
  30.317177 0.44323263 0.21653543,30.3937 0.34727545 0.11811024,
  30.317177 0.44323263 0.11811024,30.337981 0.43595337 0.11811024,
  30.356643 0.42422735 0.11811024,30.372227 0.40864257 0.11811024,
  30.383954 0.38998054 0.11811024,30.391233 0.3691771 0.11811024] }
 coordIndex [
  3,9,2,-1,3,15,9,-1,4,14,15,-1,4,15,3,-1,5,13,14,-1,5,14,4,-1,6,12,13,-1,6,13,5,-1,
  7,11,12,-1,7,12,6,-1,8,10,11,-1,8,11,7,-1,1,0,10,-1,1,10,8,-1]
  normalPerVertex TRUE
  normal DEF NORM_317 Normal { vector [
  -0.11196643 -0.99371199 -3.0973141e-06,-0.11195956 -0.99371276 -1.550151e-06,
  -0.99371168 -0.11196918 3.7183825e-06,-0.98259345 -0.18576899 1.2464261e-06,
  -0.91662091 -0.39975756 0,-0.80468253 -0.59370533 0,
  -0.6523926 -0.75788119 0,-0.46738783 -0.88405239 0,
  -0.25894545 -0.96589195 0,-0.99371261 -0.11196094 1.8606847e-06,
  -0.18576809 -0.98259362 -1.0382398e-06,-0.39975756 -0.91662091 0,
  -0.59370533 -0.80468253 0,-0.75788119 -0.6523926 0,
  -0.88405239 -0.46738783 0,-0.96589195 -0.25894545 0] }
}
}
DEF SHAPE_318 Shape {
 appearance USE APP_1
 geometry DEF FACE_318 IndexedFaceSet {
  coord DEF COORD_318 Coordinate { point [
  30.393701 0.03937008 0.11811024,30.3937 0.34727545 0.11811024,
  30.393701 0.34727544 0.21653543,30.393701 0.039370079 0.21653543] }
 coordIndex [
  3,2,1,-1,0,3,1,-1]
  normalPerVertex TRUE
  normal DEF NORM_318 Normal { vector [
  -1 -2.393567e-06 3.74392e-06,-1 -2.393567e-06 3.74392e-06,
  -1 -2.393567e-06 3.7439199e-06,-1 -2.393567e-06 3.74392e-06] }
}
}
DEF SHAPE_319 Shape {
 appearance USE APP_1
 geometry DEF FACE_319 IndexedFaceSet {
  coord DEF COORD_319 Coordinate { point [
  30.492126 -0.059054872 0.21653543,30.470224 -0.056587105 0.21653543,
  30.449421 -0.04930785 0.21653543,30.430759 -0.037581826 0.21653543,
  30.415174 -0.021997045 0.21653543,30.403448 -0.0033350196 0.21653543,
  30.396169 0.017468424 0.21653543,30.393701 0.039370079 0.21653543,
  30.393701 0.03937008 0.11811024,30.396169 0.017468427 0.11811024,
  30.403448 -0.0033350172 0.11811024,30.415174 -0.021997043 0.11811024,
  30.430759 -0.037581824 0.11811024,30.449421 -0.049307849 0.11811024,
  30.470224 -0.056587105 0.11811024,30.492126 -0.059054565 0.11811024] }
 coordIndex [
  15,0,1,-1,14,1,2,-1,14,15,1,-1,13,2,3,-1,13,14,2,-1,12,3,4,-1,12,13,3,-1,11,4,5,-1,
  11,12,4,-1,10,5,6,-1,10,11,5,-1,9,6,7,-1,9,10,6,-1,8,9,7,-1]
  normalPerVertex TRUE
  normal DEF NORM_319 Normal { vector [
  -0.11196642 -0.99371199 -3.0953268e-06,-0.18576808 -0.98259362 -1.0375737e-06,
  -0.39975756 -0.91662091 0,-0.59370533 -0.80468253 0,
  -0.75788119 -0.6523926 0,-0.88405239 -0.46738783 0,
  -0.96589195 -0.25894545 0,-0.99371261 -0.11196094 1.8606847e-06,
  -0.99371168 -0.11196918 3.718382e-06,-0.98259345 -0.18576899 1.246426e-06,
  -0.91662091 -0.39975756 0,-0.80468253 -0.59370533 0,
  -0.6523926 -0.75788119 0,-0.46738783 -0.88405239 0,
  -0.25894545 -0.96589195 0,-0.11195956 -0.99371276 -1.5491575e-06] }
}
}
DEF SHAPE_320 Shape {
 appearance USE APP_1
 geometry DEF FACE_320 IndexedFaceSet {
  coord DEF COORD_320 Coordinate { point [
  30.492126 -0.059054565 0.11811024,30.492126 -0.059054872 0.21653543,
  30.531496 -0.059054565 0.21653543,30.531496 -0.059054872 0.11811024] }
 coordIndex [
  3,1,0,-1,3,2,1,-1]
  normalPerVertex TRUE
  normal DEF NORM_320 Normal { vector [
  -7.7998139e-06 -1 -3.1199249e-06,0 -1 0,
  7.7998139e-06 -1 3.1199249e-06,0 -1 0] }
}
}
DEF SHAPE_321 Shape {
 appearance USE APP_1
 geometry DEF FACE_321 IndexedFaceSet {
  coord DEF COORD_321 Coordinate { point [
  30.531496 -0.059054872 0.11811024,30.553398 -0.056587105 0.11811024,
  30.574201 -0.04930785 0.11811024,30.592863 -0.037581826 0.11811024,
  30.608448 -0.021997045 0.11811024,30.620174 -0.0033350196 0.11811024,
  30.627453 0.017468424 0.11811024,30.629921 0.039370079 0.11811024,
  30.629921 0.03937008 0.21653543,30.627453 0.017468427 0.21653543,
  30.620174 -0.0033350172 0.21653543,30.608448 -0.021997043 0.21653543,
  30.592863 -0.037581824 0.21653543,30.574201 -0.049307849 0.21653543,
  30.553398 -0.056587105 0.21653543,30.531496 -0.059054565 0.21653543] }
 coordIndex [
  15,0,1,-1,14,1,2,-1,14,15,1,-1,13,2,3,-1,13,14,2,-1,12,3,4,-1,12,13,3,-1,11,4,5,-1,
  11,12,4,-1,10,5,6,-1,10,11,5,-1,9,6,7,-1,9,10,6,-1,8,9,7,-1]
  normalPerVertex TRUE
  normal DEF NORM_321 Normal { vector [
  0.11196642 -0.99371199 3.0953268e-06,0.18576808 -0.98259362 1.0375737e-06,
  0.39975756 -0.91662091 0,0.59370533 -0.80468253 0,
  0.75788119 -0.6523926 0,0.88405239 -0.46738783 0,
  0.96589195 -0.25894545 0,0.99371284 -0.11195887 -1.3950133e-06,
  0.99371215 -0.11196505 -2.7870375e-06,0.9825937 -0.18576764 -9.3423299e-07,
  0.91662091 -0.39975756 0,0.80468253 -0.59370533 0,
  0.6523926 -0.75788119 0,0.46738783 -0.88405239 0,
  0.25894545 -0.96589195 0,0.11195956 -0.99371276 1.5491577e-06] }
}
}
DEF SHAPE_322 Shape {
 appearance USE APP_1
 geometry DEF FACE_322 IndexedFaceSet {
  coord DEF COORD_322 Coordinate { point [
  30.629921 0.03937008 0.21653543,30.62992 0.57086614 0.21653543,
  30.629921 0.039370079 0.11811024,30.629921 0.57086614 0.11811024] }
 coordIndex [
  3,0,2,-1,1,0,3,-1]
  normalPerVertex TRUE
  normal DEF NORM_322 Normal { vector [
  1 6.9612963e-07 1.87954e-06,1 1.5639481e-06 6.5657599e-06,
  1 -1.716889e-07 -2.80668e-06,1 6.9612963e-07 1.87954e-06] }
}
}
DEF SHAPE_323 Shape {
 appearance USE APP_1
 geometry DEF FACE_323 IndexedFaceSet {
  coord DEF COORD_323 Coordinate { point [
  30.629921 0.57086614 0.11811024,30.624985 0.61466929 0.11811024,
  30.610426 0.65627599 0.11811024,30.586974 0.69359988 0.11811024,
  30.555805 0.72476936 0.11811024,30.518481 0.74822145 0.11811024,
  30.476874 0.76278016 0.11811024,30.433071 0.76771543 0.11811024,
  30.433071 0.76771616 0.21653543,30.476874 0.76278016 0.21653543,
  30.518481 0.74822145 0.21653543,30.555805 0.72476936 0.21653543,
  30.586974 0.69359988 0.21653543,30.610426 0.65627599 0.21653543,
  30.624985 0.6146693 0.21653543,30.62992 0.57086614 0.21653543] }
 coordIndex [
  15,0,1,-1,14,1,2,-1,14,15,1,-1,13,2,3,-1,13,14,2,-1,12,3,4,-1,12,13,3,-1,11,4,5,-1,
  11,12,4,-1,10,5,6,-1,10,11,5,-1,9,6,7,-1,9,10,6,-1,8,9,7,-1]
  normalPerVertex TRUE
  normal DEF NORM_323 Normal { vector [
  0.99371098 0.11197539 6.519677e-06,0.9825922 0.18577558 2.1854379e-06,
  0.91661906 0.3997618 0,0.80468143 0.59370682 0,
  0.65239329 0.75788059 0,0.46739108 0.88405067 0,
  0.25895168 0.96589028 0,0.1119691 0.99371169 -3.6846863e-06,
  0.11197727 0.99371077 -7.3664915e-06,0.18577619 0.98259209 -2.4692957e-06,
  0.3997618 0.91661906 0,0.59370682 0.80468143 0,
  0.75788059 0.65239329 0,0.88405067 0.46739108 0,
  0.96589028 0.25895168 0,0.99371179 0.11196816 3.2612775e-06] }
}
}
DEF SHAPE_324 Shape {
 appearance USE APP_1
 geometry DEF FACE_324 IndexedFaceSet {
  coord DEF COORD_324 Coordinate { point [
  30.433071 0.76771616 0.21653543,30.214019 0.76771749 0.21653543,
  30.433071 0.76771543 0.11811024,30.214019 0.76771684 0.11811024] }
 coordIndex [
  3,0,2,-1,1,0,3,-1]
  normalPerVertex TRUE
  normal DEF NORM_324 Normal { vector [
  6.2682195e-06 1 -6.9751839e-06,6.0705785e-06 1 -6.5353199e-06,
  6.4658604e-06 1 -7.4150479e-06,6.2682195e-06 1 -6.9751839e-06] }
}
}
DEF SHAPE_325 Shape {
 appearance USE APP_1
 geometry DEF FACE_325 IndexedFaceSet {
  coord DEF COORD_325 Coordinate { point [
  30.214019 0.76771684 0.11811024,30.214019 0.76771749 0.21653543,
  30.13407 0.78468315 0.21653543,30.159842 0.77531925 0.21653543,
  30.186665 0.76962704 0.21653543,30.13407 0.78468364 0.11811024,
  30.186665 0.76962704 0.11811024,30.159842 0.77531925 0.11811024] }
 coordIndex [
  3,5,2,-1,3,7,5,-1,4,6,7,-1,4,7,3,-1,1,0,6,-1,1,6,4,-1]
  normalPerVertex TRUE
  normal DEF NORM_325 Normal { vector [
  0.069663811 0.99757053 -6.5182667e-06,0.069652143 0.99757134 -3.2597212e-06,
  0.34149608 0.9398832 5.3589523e-06,0.29750933 0.95471891 1.7901825e-06,
  0.16195739 0.98679775 0,0.34150512 0.93987992 2.6800628e-06,
  0.11588198 0.99326299 -2.1774571e-06,0.25277799 0.96752431 0] }
}
}
DEF SHAPE_326 Shape {
 appearance USE APP_1
 geometry DEF FACE_326 IndexedFaceSet {
  coord DEF COORD_326 Coordinate { point [
  30.086132 0.80599075 0.21653543,30.13407 0.78468315 0.21653543,
  30.13407 0.78468364 0.11811024,30.086131 0.80598983 0.11811024] }
 coordIndex [
  1,2,3,-1,0,1,3,-1]
  normalPerVertex TRUE
  normal DEF NORM_326 Normal { vector [
  0.40616268 0.91380079 -1.0235065e-05,0.4061493 0.91380673 -2.4311393e-06,
  0.40613592 0.91381268 5.3727862e-06,0.4061493 0.91380673 -2.4311393e-06] }
}
}
DEF SHAPE_327 Shape {
 appearance USE APP_1
 geometry DEF FACE_327 IndexedFaceSet {
  coord DEF COORD_327 Coordinate { point [
  30.086131 0.80598983 0.11811024,30.070538 0.81519999 0.11811024,
  30.05746 0.82772872 0.11811024,30.047592 0.84291406 0.11811024,
  30.041454 0.85995257 0.11811024,30.039371 0.87794277 0.11811032,
  30.086132 0.80599075 0.21653543,30.039371 0.87794277 0.21653543,
  30.041454 0.85995257 0.21653543,30.047592 0.84291406 0.21653543,
  30.05746 0.82772872 0.21653543,30.070538 0.8152 0.21653543] }
 coordIndex [
  8,4,5,-1,8,5,7,-1,9,3,4,-1,9,4,8,-1,10,2,3,-1,10,3,9,-1,11,1,2,-1,11,2,10,-1,
  6,0,1,-1,6,1,11,-1]
  normalPerVertex TRUE
  normal DEF NORM_327 Normal { vector [
  0.50855628 0.86102875 -1.016334e-05,0.57299977 0.81955553 -3.4079576e-06,
  0.74509169 0.66696205 0,0.87777673 0.47906994 0,
  0.96401682 0.26584123 0,0.99336324 0.11501947 2.5428556e-06,
  0.50853251 0.86104279 -5.0831172e-06,0.99336165 0.1150332 5.086056e-06,
  0.98163411 0.19077336 1.705344e-06,0.91208803 0.40999442 0,
  0.79427856 0.60755376 0,0.63444479 0.77296818 0] }
}
}
DEF SHAPE_328 Shape {
 appearance USE APP_1
 geometry DEF FACE_328 IndexedFaceSet {
  coord DEF COORD_328 Coordinate { point [
  29.783464 0.84358228 0.11811024,29.783463 0.84358229 0.21653554,
  29.744095 0.80421333 0.21653543,29.752855 0.80520101 0.21653543,
  29.761176 0.8081122 0.21653543,29.768641 0.81280226 0.21653543,
  29.774875 0.81903596 0.21653543,29.779565 0.82650063 0.21653543,
  29.782476 0.83482186 0.21653543,29.744094 0.8042147 0.11811024,
  29.782476 0.83482186 0.11811024,29.779565 0.82650062 0.11811024,
  29.774875 0.81903596 0.11811024,29.768641 0.81280226 0.11811024,
  29.761176 0.80811219 0.11811024,29.752855 0.805201 0.11811024] }
 coordIndex [
  10,1,0,-1,10,8,1,-1,11,6,7,-1,11,7,8,-1,11,8,10,-1,12,5,6,-1,12,6,11,-1,13,4,5,-1,
  13,5,12,-1,14,3,4,-1,14,4,13,-1,15,2,3,-1,15,3,14,-1,9,2,15,-1]
  normalPerVertex TRUE
  normal DEF NORM_328 Normal { vector [
  -0.99370273 0.11204862 -6.9187397e-06,-0.99370705 0.11201026 -3.4611945e-06,
  -0.11195607 0.99371316 6.9079411e-06,-0.25893868 0.96589376 0,
  -0.46735889 0.88406768 0,-0.65238634 0.75788657 0,
  -0.80469217 0.59369227 0,-0.90098731 0.43384544 0,
  -0.96589887 0.25891963 0,-0.1118792 0.99372181 1.3836558e-05,
  -0.98259041 0.18578505 -2.3192123e-06,-0.9009873 0.43384545 0,
  -0.75788637 0.65238659 0,-0.59369199 0.80469238 0,
  -0.39971989 0.91663734 0,-0.1857493 0.98259717 4.6380703e-06] }
}
}
DEF SHAPE_329 Shape {
 appearance USE APP_1
 geometry DEF FACE_329 IndexedFaceSet {
  coord DEF COORD_329 Coordinate { point [
  29.744095 0.80421333 0.21653543,29.744094 0.8042147 0.11811024,
  29.311024 0.80421333 0.11811024,29.311024 0.8042147 0.21653543] }
 coordIndex [
  1,2,3,-1,1,3,0,-1]
  normalPerVertex TRUE
  normal DEF NORM_329 Normal { vector [
  3.1651599e-06 1 1.390706e-05,0 1 0,
  -3.1592125e-06 1 -1.3920179e-05,0 1 0] }
}
}
DEF SHAPE_330 Shape {
 appearance USE APP_1
 geometry DEF FACE_330 IndexedFaceSet {
  coord DEF COORD_330 Coordinate { point [
  29.271656 0.84358229 0.21653543,29.272642 0.83482186 0.21653543,
  29.275554 0.82650062 0.21653543,29.280244 0.81903595 0.21653543,
  29.286477 0.81280226 0.21653543,29.293942 0.80811219 0.21653543,
  29.302263 0.805201 0.21653543,29.311024 0.8042147 0.21653543,
  29.271656 0.84358232 0.11811024,29.311024 0.80421333 0.11811024,
  29.302263 0.80520101 0.11811024,29.293942 0.8081122 0.11811024,
  29.286477 0.81280227 0.11811024,29.280244 0.81903597 0.11811024,
  29.275554 0.82650064 0.11811024,29.272642 0.83482188 0.11811024] }
 coordIndex [
  9,6,7,-1,10,5,6,-1,10,6,9,-1,11,4,5,-1,11,5,10,-1,12,3,4,-1,12,4,11,-1,13,2,3,-1,
  13,3,12,-1,14,1,2,-1,14,2,13,-1,15,0,1,-1,15,1,14,-1,8,0,15,-1]
  normalPerVertex TRUE
  normal DEF NORM_330 Normal { vector [
  0.9937218 0.11187929 0,0.96590678 0.2588901 0,
  0.88406766 0.46735893 0,0.75788645 0.65238648 0,
  0.59369201 0.80469236 0,0.39971983 0.91663737 0,
  0.18574933 0.98259716 -4.6509605e-06,0.111879 0.99372184 -1.3874997e-05,
  0.99372184 0.11187901 2.5098427e-08,0.11195611 0.99371315 -6.9247744e-06,
  0.25893884 0.96589372 0,0.46735892 0.88406767 0,
  0.65238648 0.75788646 0,0.80469236 0.59369202 0,
  0.91663736 0.39971983 0,0.98260669 0.18569894 0] }
}
}
DEF SHAPE_331 Shape {
 appearance USE APP_1
 geometry DEF FACE_331 IndexedFaceSet {
  coord DEF COORD_331 Coordinate { point [
  29.783465 1.0024097 0.26225226,30.03937 1.0024097 0.26225226,
  30.03937 0.94488189 0.21653615,30.03937 0.95798981 0.21800978,
  30.03937 0.97044385 0.22235523,30.03937 0.98162259 0.22935678,
  30.03937 0.99096824 0.2386651,30.03937 0.99801448 0.24981572,
  29.783465 0.94488189 0.21653728,29.783465 0.99801448 0.24981572,
  29.783465 0.99096824 0.2386651,29.783465 0.98162259 0.22935678,
  29.783465 0.97044385 0.22235523,29.783465 0.95798981 0.21800978] }
 coordIndex [
  2,13,8,-1,3,12,13,-1,3,13,2,-1,4,11,12,-1,4,12,3,-1,5,10,11,-1,5,11,4,-1,6,9,10,-1,
  6,10,5,-1,7,0,9,-1,7,9,6,-1,1,0,7,-1]
  normalPerVertex TRUE
  normal DEF NORM_331 Normal { vector [
  0 -0.94285011 0.33321716,0 -0.94285011 0.33321716,
  2.1905042e-06 -0.11167699 0.99374456,0 -0.2583012 0.96606443,
  0 -0.46627785 0.88463832,0 -0.6510155 0.75906444,
  0 -0.80326955 0.59561567,0 -0.91544303 0.40244759,
  4.3812389e-06 -0.11163476 0.9937493,0 -0.88276482 0.46981514,
  0 -0.75645248 0.65404866,0 -0.59239558 0.80564724,
  0 -0.39878004 0.91704661,1.4685195e-06 -0.18529434 0.98268307] }
}
}
DEF SHAPE_332 Shape {
 appearance USE APP_1
 geometry DEF FACE_332 IndexedFaceSet {
  coord DEF COORD_332 Coordinate { point [
  30.718504 1.0039378 0.1771654,30.71842 1.0039394 0.22440945,
  30.71837 0.27558945 0.22440945,30.718504 0.27558961 0.11811024,
  30.718504 1.003937 0.11811024] }
 coordIndex [
  2,1,0,-1,3,0,4,-1,3,2,0,-1]
  normalPerVertex TRUE
  normal DEF NORM_332 Normal { vector [
  -0.99999947 6.6080879e-05 -0.0010227939,-0.99999842 6.8168273e-05 -0.0017758188,
  -0.99999899 9.1496535e-05 -0.0014161751,-0.99999967 6.5484473e-05 -0.00080764319,
  -1 0 0] }
}
}
DEF SHAPE_333 Shape {
 appearance USE APP_1
 geometry DEF FACE_333 IndexedFaceSet {
  coord DEF COORD_333 Coordinate { point [
  30.787402 0.27559077 0.11811024,30.809303 0.27805859 0.11811024,
  30.830107 0.28533786 0.11811024,30.848769 0.2970639 0.11811024,
  30.864354 0.31264867 0.11811024,30.87608 0.33131069 0.11811024,
  30.883359 0.35211412 0.11811024,30.885826 0.37401575 0.11811024,
  30.885827 0.88582696 0.11811024,30.882865 0.91210889 0.11811024,
  30.87413 0.93707295 0.11811024,30.860059 0.95946732 0.11811024,
  30.841357 0.97816903 0.11811024,30.818963 0.99224028 0.11811024,
  30.793999 1.0009755 0.11811024,30.767717 1.0039367 0.11811024,
  30.718504 1.003937 0.11811024,30.718504 0.27558961 0.11811024] }
 coordIndex [
  14,13,12,-1,8,10,9,-1,8,11,10,-1,8,12,11,-1,8,15,14,-1,8,14,12,-1,16,15,8,-1,4,6,5,-1,
  1,3,2,-1,1,4,3,-1,1,7,6,-1,1,6,4,-1,0,7,1,-1,17,8,7,-1,17,16,8,-1,17,7,0,-1]
  normalPerVertex TRUE
  normal DEF NORM_333 Normal { vector [
  0 0 -1,0 0 -1,
  0 0 -1,0 0 -1,
  0 0 -1,0 0 -1,
  0 0 -1,0 0 -1,
  0 0 -1,0 0 -1,
  0 0 -1,0 0 -1,
  0 0 -1,0 0 -1,
  0 0 -1,0 0 -1,
  0 0 -1,0 0 -1] }
}
}
DEF SHAPE_334 Shape {
 appearance USE APP_1
 geometry DEF FACE_334 IndexedFaceSet {
  coord DEF COORD_334 Coordinate { point [
  30.885827 0.37401473 0.17716556,30.885826 0.37401575 0.11811024,
  30.885827 0.88582696 0.11811024,30.885827 0.88582743 0.17716555] }
 coordIndex [
  3,0,1,-1,3,1,2,-1]
  normalPerVertex TRUE
  normal DEF NORM_334 Normal { vector [
  1 -4.119997e-08 -3.1231896e-06,1 -1.7264587e-07 -1.983994e-06,
  1 -3.040922e-07 -8.4479476e-07,1 -1.7264587e-07 -1.983994e-06] }
}
}
DEF SHAPE_335 Shape {
 appearance USE APP_1
 geometry DEF FACE_335 IndexedFaceSet {
  coord DEF COORD_335 Coordinate { point [
  30.885827 0.88582743 0.17716555,30.885827 0.37401473 0.17716556,
  30.885826 0.33464566 0.17716533,30.944881 0.33464576 0.1181101,
  30.944881 0.94488749 0.11811064,30.885826 0.94488219 0.1771657] }
 coordIndex [
  1,3,2,-1,0,4,3,-1,0,3,1,-1,5,4,0,-1]
  normalPerVertex TRUE
  normal DEF NORM_335 Normal { vector [
  -0.70711091 -1.496631e-08 -0.70710265,-0.70711213 1.0110781e-06 -0.70710144,
  -0.70710777 1.4084436e-05 -0.70710579,-0.70711101 7.5901709e-07 -0.70710255,
  -0.70710973 -3.0587661e-08 -0.70710384,-0.70710682 -5.8373253e-06 -0.70710674] }
}
}
DEF SHAPE_336 Shape {
 appearance USE APP_1
 geometry DEF FACE_336 IndexedFaceSet {
  coord DEF COORD_336 Coordinate { point [
  30.885826 0.94488219 0.1771657,30.884345 0.95802296 0.17716558,
  30.879978 0.97050485 0.17716558,30.872942 0.9817019 0.17716558,
  30.863592 0.99105257 0.17716558,30.852395 0.99808792 0.17716558,
  30.839913 1.0024551 0.17716558,30.826772 1.0039364 0.17716546,
  30.944881 0.94488749 0.11811064,30.826776 1.0629912 0.11811071,
  30.857343 1.0589667 0.11811193,30.885828 1.0471681 0.11811246,
  30.910288 1.0283993 0.11811264,30.929057 1.0039393 0.11811246,
  30.940856 0.97545502 0.11811193,30.860671 1.0267214 0.14763942,
  30.889409 1.0075195 0.14763972,30.908611 0.97878132 0.14763942] }
 coordIndex [
  15,4,5,-1,15,5,6,-1,15,6,7,-1,15,9,10,-1,15,10,11,-1,15,7,9,-1,16,3,4,-1,16,11,12,-1,
  16,12,13,-1,16,4,15,-1,16,15,11,-1,17,0,1,-1,17,1,2,-1,17,2,3,-1,17,8,0,-1,17,13,14,-1,
  17,14,8,-1,17,3,16,-1,17,16,13,-1]
  normalPerVertex TRUE
  normal DEF NORM_336 Normal { vector [
  -0.70669055 -0.13065707 -0.695354,-0.7041083 -0.16071467 -0.69166632,
  -0.63856887 -0.30750259 -0.70545869,-0.58159816 -0.41995222 -0.69669485,
  -0.41995133 -0.58159881 -0.69669485,-0.30750161 -0.63856934 -0.70545869,
  -0.16071362 -0.70410853 -0.69166633,-0.13065386 -0.70669235 -0.69535278,
  -0.69333193 -0.12339676 -0.7099747,-0.12339113 -0.69333292 -0.70997472,
  -0.18066002 -0.67430692 -0.71601127,-0.36608581 -0.60084592 -0.71060915,
  -0.49999047 -0.49999759 -0.70711522,-0.60084257 -0.36609171 -0.71060894,
  -0.67430602 -0.18067002 -0.71600959,-0.24097824 -0.66125679 -0.71040055,
  -0.49675837 -0.49676097 -0.71165979,-0.66125514 -0.24098276 -0.71040056] }
}
}
DEF SHAPE_337 Shape {
 appearance USE APP_1
 geometry DEF FACE_337 IndexedFaceSet {
  coord DEF COORD_337 Coordinate { point [
  30.718504 1.0039378 0.1771654,30.767717 1.0039369 0.17716546,
  30.826772 1.0039364 0.17716546,30.826776 1.0629912 0.11811071,
  30.6544 1.0629896 0.11811013,30.654385 1.0039363 0.17716477] }
 coordIndex [
  4,0,5,-1,3,1,0,-1,3,2,1,-1,3,0,4,-1]
  normalPerVertex TRUE
  normal DEF NORM_337 Normal { vector [
  8.5682667e-06 -0.7071178 -0.70709576,-8.7643613e-06 -0.70710498 -0.70710858,
  -5.1276856e-06 -0.7071068 -0.70710676,2.165968e-06 -0.70711612 -0.70709744,
  1.308332e-05 -0.70712092 -0.70709264,2.3976238e-05 -0.70711501 -0.70709856] }
}
}
DEF SHAPE_338 Shape {
 appearance USE APP_1
 geometry DEF FACE_338 IndexedFaceSet {
  coord DEF COORD_338 Coordinate { point [
  30.767717 1.0039367 0.11811024,30.767717 1.0039369 0.17716546,
  30.718504 1.003937 0.11811024,30.718504 1.0039378 0.1771654] }
 coordIndex [
  3,1,0,-1,3,0,2,-1]
  normalPerVertex TRUE
  normal DEF NORM_338 Normal { vector [
  1.3073643e-05 1 -8.5557965e-06,1.9802112e-05 1 -2.9487227e-06,
  6.3450642e-06 1 -1.4162963e-05,1.3073643e-05 1 -8.5557965e-06] }
}
}
DEF SHAPE_339 Shape {
 appearance USE APP_1
 geometry DEF FACE_339 IndexedFaceSet {
  coord DEF COORD_339 Coordinate { point [
  30.570862 1.0283913 0.1181106,30.588764 1.0430842 0.11811204,
  30.609189 1.0540017 0.11811259,30.631352 1.0607225 0.11811203,
  30.6544 1.0629896 0.11811013,30.612622 0.98663745 0.17716422,
  30.621572 0.99398332 0.17716421,30.631782 0.99944166 0.17716449,
  30.642862 1.0028024 0.17716421,30.654385 1.0039363 0.17716477,
  30.620487 1.0267224 0.14763842] }
 coordIndex [
  10,0,1,-1,10,1,2,-1,10,2,3,-1,10,3,4,-1,10,5,0,-1,10,6,5,-1,10,7,6,-1,10,8,7,-1,
  10,9,8,-1,10,4,9,-1]
  normalPerVertex TRUE
  normal DEF NORM_339 Normal { vector [
  0.40437623 -0.57399567 -0.71204553,0.38172114 -0.57120437 -0.72664609,
  0.27056784 -0.65328672 -0.70711351,0.13391543 -0.67383036 -0.72664937,
  0.11988148 -0.69183251 -0.71203666,0.40779784 -0.59202886 -0.69512787,
  0.40438323 -0.60509879 -0.68580584,0.27060358 -0.65327192 -0.7071135,
  0.14195077 -0.71377994 -0.68583393,0.1302337 -0.70699941 -0.69511943,
  0.2679395 -0.6469134 -0.71394081] }
}
}
DEF SHAPE_340 Shape {
 appearance USE APP_1
 geometry DEF FACE_340 IndexedFaceSet {
  coord DEF COORD_340 Coordinate { point [
  30.612622 0.98663745 0.17716422,30.570862 1.0283913 0.1181106,
  30.511281 0.96881315 0.11811067,30.499556 0.95514602 0.11948363,
  30.489813 0.93940909 0.12372221,30.482361 0.92145877 0.13114525,
  30.47776 0.90117074 0.142238,30.476873 0.87869605 0.15750302,
  30.480713 0.854729 0.17716511] }
 coordIndex [
  0,3,2,-1,0,4,3,-1,0,5,4,-1,0,6,5,-1,0,7,6,-1,0,8,7,-1,1,0,2,-1]
  normalPerVertex TRUE
  normal DEF NORM_340 Normal { vector [
  0.49999136 -0.50000274 -0.70711096,0.49998855 -0.5000131 -0.70710561,
  0.49998942 -0.50000794 -0.70710865,0.49999267 -0.49999267 -0.70711715,
  0.4999924 -0.49999874 -0.70711304,0.49999261 -0.50000027 -0.70711181,
  0.49999307 -0.50000178 -0.70711042,0.49999214 -0.50000056 -0.70711195,
  0.49999118 -0.49999904 -0.70711369] }
}
}
DEF SHAPE_341 Shape {
 appearance USE APP_1
 geometry DEF FACE_341 IndexedFaceSet {
  coord DEF COORD_341 Coordinate { point [
  30.483443 0.99665329 0.11811096,30.511281 0.96881315 0.11811067,
  30.499556 0.95514602 0.11948363,30.489813 0.93940909 0.12372221,
  30.482361 0.92145877 0.13114525,30.47776 0.90117074 0.142238,
  30.476873 0.87869605 0.15750302,30.480713 0.854729 0.17716511,
  30.472705 0.84672026 0.20393685,30.469562 0.84357772 0.23266405,
  30.471476 0.8454918 0.26160668,30.478331 0.85234658 0.28901156,
  30.489711 0.86372683 0.31321865,30.504927 0.87894319 0.33276163,
  30.523058 0.89707394 0.34645669,30.453461 0.96667107 0.34645669,
  30.434957 0.94816732 0.33238769,30.419522 0.93273163 0.31223344,
  30.408131 0.92134074 0.28726928,30.401505 0.91471543 0.25907486,
  30.400065 0.91327494 0.22943427,30.4039 0.91711042 0.2002231,
  30.412769 0.92597917 0.17328976,30.42611 0.93932 0.15033852,
  30.443079 0.95628872 0.1328217,30.462602 0.97581161 0.12184771] }
 coordIndex [
  25,0,1,-1,25,1,2,-1,25,2,3,-1,24,3,4,-1,24,25,3,-1,23,4,5,-1,23,5,6,-1,23,24,4,-1,
  22,6,7,-1,22,23,6,-1,21,7,8,-1,21,22,7,-1,20,8,9,-1,20,21,8,-1,19,9,10,-1,19,20,9,-1,
  18,10,11,-1,18,19,10,-1,17,11,12,-1,17,18,11,-1,16,12,13,-1,16,17,12,-1,15,13,14,-1,15,16,13,-1]
  normalPerVertex TRUE
  normal DEF NORM_341 Normal { vector [
  -0.08894283 -0.088925569 -0.99205918,-0.085832255 -0.066195068 -0.99410816,
  -0.11971088 -0.10108416 -0.98764938,-0.24428411 -0.23534665 -0.94071102,
  -0.3747085 -0.36474022 -0.85238378,-0.44074152 -0.4293327 -0.78830219,
  -0.5397704 -0.53892069 -0.64669344,-0.62715959 -0.62836625 -0.46024636,
  -0.685163 -0.68676029 -0.24271789,-0.70644849 -0.70775613 0.0034343925,
  -0.68426588 -0.68526723 0.24937727,-0.61998822 -0.62066674 0.47998688,
  -0.5175777 -0.51791682 0.68108406,-0.38334161 -0.38332479 0.8403043,
  -0.33313469 -0.33313469 0.88206721,-0.33428624 -0.33370836 0.88141445,
  -0.43299024 -0.43221759 0.79101669,-0.55828674 -0.55714556 0.61473957,
  -0.6487841 -0.64729194 0.40011541,-0.69884821 -0.69702259 0.16053251,
  -0.70536663 -0.70322509 -0.089063965,-0.66794368 -0.66550281 -0.33310245,
  -0.59702434 -0.5913765 -0.54206621,-0.47472315 -0.46763706 -0.7456229,
  -0.32994406 -0.32582204 -0.88598923,-0.16186039 -0.14783053 -0.97567789] }
}
}
DEF SHAPE_342 Shape {
 appearance USE APP_1
 geometry DEF FACE_342 IndexedFaceSet {
  coord DEF COORD_342 Coordinate { point [
  30.61262 0.98663413 0.3464567,30.523058 0.89707394 0.34645669,
  30.480713 0.854729 0.17716511,30.472705 0.84672026 0.20393685,
  30.469562 0.84357772 0.23266405,30.471476 0.8454918 0.26160668,
  30.478331 0.85234658 0.28901156,30.489711 0.86372683 0.31321865,
  30.504927 0.87894319 0.33276163,30.612622 0.98663745 0.17716422] }
 coordIndex [
  9,0,1,-1,9,1,8,-1,7,9,8,-1,6,9,7,-1,5,9,6,-1,4,9,5,-1,3,9,4,-1,2,9,3,-1]
  normalPerVertex TRUE
  normal DEF NORM_342 Normal { vector [
  0.70710117 -0.70711239 -2.788157e-06,0.70710222 -0.70711134 -1.6761429e-06,
  0.70710462 -0.70710895 -2.7391979e-06,0.70710473 -0.70710883 -1.5197473e-06,
  0.7071049 -0.70710866 -7.9991136e-08,0.70710505 -0.70710851 5.3738468e-07,
  0.70710525 -0.70710831 1.083009e-06,0.70710549 -0.70710808 1.5751616e-06,
  0.70710577 -0.70710779 2.026234e-06,0.70710385 -0.70710971 -5.6304638e-07] }
}
}
DEF SHAPE_343 Shape {
 appearance USE APP_1
 geometry DEF FACE_343 IndexedFaceSet {
  coord DEF COORD_343 Coordinate { point [
  30.65438 1.0039366 0.34645669,30.642858 1.0028013 0.34645669,
  30.631778 0.99943984 0.34645669,30.621568 0.99398079 0.34645669,
  30.61262 0.98663413 0.3464567,30.654385 1.0039363 0.17716477,
  30.612622 0.98663745 0.17716422,30.621572 0.99398332 0.17716421,
  30.631782 0.99944166 0.17716449,30.642862 1.0028024 0.17716421] }
 coordIndex [
  6,3,4,-1,7,2,3,-1,7,3,6,-1,8,1,2,-1,8,2,7,-1,9,0,1,-1,9,1,8,-1,5,0,9,-1]
  normalPerVertex TRUE
  normal DEF NORM_343 Normal { vector [
  0.097995876 -0.99518682 4.7930348e-07,0.22718939 -0.97385059 -1.6626064e-06,
  0.4128602 -0.91079441 -1.6680516e-06,0.58266221 -0.81271443 -2.3149152e-06,
  0.63453937 -0.77289054 -5.2211938e-06,0.09793933 -0.99519239 4.3636966e-06,
  0.6345005 -0.77292245 -1.7826532e-06,0.52806125 -0.84920629 1.5148936e-08,
  0.35218705 -0.93592963 5.9497253e-08,0.16278186 -0.98666208 9.2708156e-07] }
}
}
DEF SHAPE_344 Shape {
 appearance USE APP_1
 geometry DEF FACE_344 IndexedFaceSet {
  coord DEF COORD_344 Coordinate { point [
  30.885826 0.94488219 0.1771657,30.884345 0.95802296 0.17716558,
  30.879978 0.97050485 0.17716558,30.872942 0.9817019 0.17716558,
  30.863592 0.99105257 0.17716558,30.852395 0.99808792 0.17716558,
  30.839913 1.0024551 0.17716558,30.826772 1.0039364 0.17716546,
  30.826772 1.0039352 2.0866142,30.885826 0.94488189 2.0866142,
  30.884345 0.95802274 2.0866142,30.879978 0.97050471 2.0866142,
  30.872942 0.98170184 2.0866142,30.863592 0.99105257 2.0866142,
  30.852394 0.99808795 2.0866142,30.839912 1.0024552 2.0866142] }
 coordIndex [
  7,15,8,-1,6,14,15,-1,6,15,7,-1,5,13,14,-1,5,14,6,-1,4,13,5,-1,3,12,13,-1,3,13,4,-1,
  2,11,12,-1,2,12,3,-1,1,10,11,-1,1,11,2,-1,0,9,10,-1,0,10,1,-1]
  normalPerVertex TRUE
  normal DEF NORM_344 Normal { vector [
  -0.9937079 -0.11200271 2.3214383e-08,-0.96589147 -0.25894724 0,
  -0.88405856 -0.46737615 0,-0.75788295 -0.65239055 0,
  -0.62348371 -0.78183634 0,-0.46737525 -0.88405904 0,
  -0.2589518 -0.96589024 0,-0.1119681 -0.9937118 -3.3493885e-07,
  -0.11191886 -0.99371735 -6.780908e-07,-0.99370774 -0.11200412 3.2997131e-08,
  -0.98258967 -0.18578896 1.1057716e-08,-0.91662798 -0.39974136 0,
  -0.80468654 -0.5936999 0,-0.62348376 -0.7818363 0,
  -0.39974088 -0.91662819 0,-0.18576626 -0.98259396 -2.273018e-07] }
}
}
DEF SHAPE_345 Shape {
 appearance USE APP_1
 geometry DEF FACE_345 IndexedFaceSet {
  coord DEF COORD_345 Coordinate { point [
  30.654378 1.1023614 0.11811027,30.654382 1.1023605 0.35433081,
  30.623656 1.0993341 0.11811031,30.594116 1.0903725 0.11811031,
  30.566891 1.07582 0.11811032,30.543028 1.0562358 0.11811032,
  30.543028 1.0562369 0.35433076,30.566892 1.0758208 0.35433082,
  30.594118 1.0903734 0.35433081,30.623659 1.0993348 0.35433081] }
 coordIndex [
  4,5,6,-1,4,6,7,-1,3,7,8,-1,3,4,7,-1,2,8,9,-1,2,3,8,-1,0,9,1,-1,0,2,9,-1]
  normalPerVertex TRUE
  normal DEF NORM_345 Normal { vector [
  -0.09803896 0.99518258 2.0036978e-06,-0.09801194 0.99518524 5.5515472e-06,
  -0.22718922 0.97385063 -6.1056613e-07,-0.41280462 0.9108196 -4.773663e-07,
  -0.58255792 0.81278919 -1.7048404e-06,-0.63440628 0.77299979 -4.5594667e-06,
  -0.63439191 0.77301158 -2.129607e-06,-0.52798937 0.84925098 2.3155592e-08,
  -0.35216973 0.93593615 1.0804426e-07,-0.16281797 0.98665612 1.6479452e-06] }
}
}
DEF SHAPE_346 Shape {
 appearance USE APP_1
 geometry DEF FACE_346 IndexedFaceSet {
  coord DEF COORD_346 Coordinate { point [
  30.767714 1.1023622 0.39370076,30.766728 1.1023622 0.38494033,
  30.763817 1.1023622 0.3766191,30.759126 1.1023622 0.36915443,
  30.752893 1.1023622 0.36292073,30.745428 1.1023622 0.35823067,
  30.737107 1.1023622 0.35531948,30.728346 1.1023622 0.35433317,
  30.767715 1.003937 0.39369223,30.728338 1.003937 0.35433167,
  30.737099 1.003937 0.35531757,30.74542 1.003937 0.35822695,
  30.752886 1.003937 0.36291539,30.759121 1.003937 0.36914773,
  30.763813 1.003937 0.37661139,30.766726 1.003937 0.384932] }
 coordIndex [
  1,8,0,-1,1,15,8,-1,2,14,15,-1,2,15,1,-1,3,13,14,-1,3,14,2,-1,4,12,13,-1,4,13,3,-1,
  5,11,12,-1,5,12,4,-1,6,10,11,-1,6,11,5,-1,7,9,10,-1,7,10,6,-1]
  normalPerVertex TRUE
  normal DEF NORM_346 Normal { vector [
  -0.99372175 -1.7992384e-05 0.11187977,-0.98258742 -6.0337339e-06 0.18580086,
  -0.91660816 -3.255331e-06 0.3997868,-0.80464898 -3.2585258e-06 0.59375081,
  -0.6523311 -3.2617205e-06 0.75793412,-0.46729432 -3.2649152e-06 0.88410181,
  -0.25881951 -3.2681099e-06 0.9659257,-0.11185512 -7.5904036e-06 0.99372453,
  -0.99370442 -4.1443565e-06 0.11203355,-0.11183104 -5.4217081e-06 0.99372724,
  -0.18561155 -1.8173926e-06 0.9826232,-0.3995868 3.2713222e-06 0.91669536,
  -0.59357529 3.2681275e-06 0.80477846,-0.75779187 3.2649328e-06 0.65249635,
  -0.88399993 3.261738e-06 0.46748702,-0.96586147 3.2558745e-06 0.25905911] }
}
}
DEF SHAPE_347 Shape {
 appearance USE APP_1
 geometry DEF FACE_347 IndexedFaceSet {
  coord DEF COORD_347 Coordinate { point [
  30.826772 1.1023617 2.0866142,30.861814 1.0984126 2.0866142,
  30.895099 1.0867657 2.0866142,30.924958 1.0680041 2.0866142,
  30.949894 1.0430686 2.0866142,30.968655 1.0132096 2.0866142,
  30.980302 0.97992431 2.0866142,30.984251 0.94488189 2.0866142,
  30.984251 0.94488189 0.11811024,30.980302 0.9799243 0.11811024,
  30.968655 1.0132096 0.11811024,30.949894 1.0430686 0.11811024,
  30.924958 1.0680041 0.11811024,30.895099 1.0867657 0.11811024,
  30.861814 1.0984126 0.11811024,30.826772 1.1023612 0.11811024] }
 coordIndex [
  15,0,1,-1,14,1,2,-1,14,15,1,-1,13,2,3,-1,13,14,2,-1,12,3,4,-1,12,13,3,-1,11,4,5,-1,
  11,12,4,-1,10,5,6,-1,10,11,5,-1,9,6,7,-1,9,10,6,-1,8,9,7,-1]
  normalPerVertex TRUE
  normal DEF NORM_347 Normal { vector [
  0.111986 0.99370978 -2.3165028e-07,0.18578275 0.98259084 -7.7650632e-08,
  0.39976109 0.91661937 0,0.59370658 0.80468161 0,
  0.7578807 0.65239317 0,0.88405096 0.46739053 0,
  0.96589056 0.25895063 0,0.99371277 0.11195954 0,
  0.99371277 0.11195952 0,0.98259333 0.1857696 0,
  0.91661938 0.39976107 0,0.80468163 0.59370656 0,
  0.65239319 0.75788068 0,0.46739055 0.88405094 0,
  0.25895496 0.9658894 0,0.11197959 0.99371051 -1.1611212e-07] }
}
}
DEF SHAPE_348 Shape {
 appearance USE APP_1
 geometry DEF FACE_348 IndexedFaceSet {
  coord DEF COORD_348 Coordinate { point [
  30.748031 1.137989 2.1525017,30.748031 1.12519 2.1420556,
  30.748031 1.1148521 2.1291691,30.748031 1.1074311 2.114409,
  30.748032 1.1032534 2.0984252,28.307087 1.1379892 2.1525014,
  28.307086 1.1032534 2.0984252,28.307087 1.1074311 2.114409,
  28.307087 1.1148521 2.1291691,28.307087 1.12519 2.1420556,
  28.303649 1.1024404 2.0900976,28.295276 1.1023627 2.0866146,
  30.759842 1.1023627 2.0866146,30.751474 1.1024391 2.0900913] }
 coordIndex [
  0,9,5,-1,1,9,0,-1,2,8,9,-1,2,9,1,-1,3,7,8,-1,3,8,2,-1,4,6,7,-1,4,7,3,-1,
  13,10,6,-1,13,6,4,-1,12,11,10,-1,12,10,13,-1]
  normalPerVertex TRUE
  normal DEF NORM_348 Normal { vector [
  6.0903463e-08 0.63228989 -0.77473188,0 0.71007674 -0.7041243,
  0 0.82185662 -0.56969438,0 0.92264678 -0.3856461,
  0 0.97507922 -0.22185697,1.2165493e-07 0.63228294 -0.77473756,
  7.2713752e-08 0.98456475 -0.1750207,0 0.94745707 -0.31988295,
  0 0.85984689 -0.51055198,3.0698198e-08 0.71007363 -0.70412743,
  2.6918331e-07 0.99800905 -0.063070933,0 0.99975132 -0.022300303,
  2.4228529e-07 0.99975512 -0.022129291,2.0387022e-07 0.99644152 -0.084286958] }
}
}
DEF SHAPE_349 Shape {
 appearance USE APP_1
 geometry DEF FACE_349 IndexedFaceSet {
  coord DEF COORD_349 Coordinate { point [
  28.801181 1.1023622 1.8700778,28.801181 1.003937 1.8700763,
  28.722441 1.1023622 1.8700786,28.722441 1.0039378 1.8700786] }
 coordIndex [
  0,3,2,-1,0,1,3,-1]
  normalPerVertex TRUE
  normal DEF NORM_349 Normal { vector [
  -2.044897e-05 7.6392596e-06 -1,-3.0023556e-05 1.5298995e-05 -1,
  -1.087431e-05 -2.053617e-08 -1,-2.044897e-05 7.6392596e-06 -1] }
}
}
DEF SHAPE_350 Shape {
 appearance USE APP_1
 geometry DEF FACE_350 IndexedFaceSet {
  coord DEF COORD_350 Coordinate { point [
  28.722441 1.0686991 1.7775902,28.722441 1.0473244 1.788482,
  28.722441 1.0292191 1.8042204,28.722441 1.0154592 1.8238715,
  28.722441 1.0068623 1.8462678,28.722441 1.0039378 1.8700786,
  28.722441 1.1696151 1.7408588,28.722441 1.2032785 1.8333482,
  28.722441 1.1023622 1.8700786] }
 coordIndex [
  8,3,2,-1,8,4,3,-1,8,5,4,-1,1,8,2,-1,0,8,1,-1,7,8,0,-1,6,7,0,-1]
  normalPerVertex TRUE
  normal DEF NORM_350 Normal { vector [
  1 0 0,1 0 0,
  1 0 0,1 0 0,
  1 0 0,1 0 0,
  1 0 0,1 0 0,
  1 0 0] }
}
}
DEF SHAPE_351 Shape {
 appearance USE APP_1
 geometry DEF FACE_351 IndexedFaceSet {
  coord DEF COORD_351 Coordinate { point [
  28.722441 1.1023622 1.8700786,28.722441 1.2032785 1.8333482,
  28.462598 1.2032785 1.8333482,28.462598 1.1023622 1.8700786] }
 coordIndex [
  1,2,3,-1,1,3,0,-1]
  normalPerVertex TRUE
  normal DEF NORM_351 Normal { vector [
  0 0.3420193 0.93969293,0 0.3420193 0.93969293,
  0 0.3420193 0.93969293,0 0.3420193 0.93969293] }
}
}
DEF SHAPE_352 Shape {
 appearance USE APP_1
 geometry DEF FACE_352 IndexedFaceSet {
  coord DEF COORD_352 Coordinate { point [
  28.462598 1.0039378 1.8700786,28.462598 1.0068623 1.8462678,
  28.462598 1.0154592 1.8238715,28.462598 1.0292191 1.8042204,
  28.462598 1.0473244 1.788482,28.462598 1.0686995 1.7775914,
  28.462598 1.1696151 1.7408589,28.462598 1.2032785 1.8333482,
  28.462598 1.1023622 1.8700786] }
 coordIndex [
  5,7,6,-1,5,8,7,-1,4,8,5,-1,3,8,4,-1,1,0,8,-1,2,8,3,-1,2,1,8,-1]
  normalPerVertex TRUE
  normal DEF NORM_352 Normal { vector [
  -1 0 0,-1 0 0,
  -1 0 0,-1 0 0,
  -1 0 0,-1 0 0,
  -1 0 0,-1 0 0,
  -1 0 0] }
}
}
DEF SHAPE_353 Shape {
 appearance USE APP_1
 geometry DEF FACE_353 IndexedFaceSet {
  coord DEF COORD_353 Coordinate { point [
  28.462598 1.1023622 1.8700786,28.462598 1.0039378 1.8700786,
  28.383858 1.1023622 1.8700763,28.383858 1.003937 1.8700778] }
 coordIndex [
  2,1,3,-1,0,1,2,-1]
  normalPerVertex TRUE
  normal DEF NORM_353 Normal { vector [
  3.0012945e-05 -3.4308283e-08 -1,2.0459343e-05 -7.6772534e-06 -1,
  2.0459343e-05 -7.6772534e-06 -1,1.0905822e-05 -1.5320134e-05 -1] }
}
}
DEF SHAPE_354 Shape {
 appearance USE APP_1
 geometry DEF FACE_354 IndexedFaceSet {
  coord DEF COORD_354 Coordinate { point [
  28.383858 1.003937 1.8700778,28.375098 1.003937 1.86909,
  28.366777 1.003937 1.8661788,28.359312 1.003937 1.8614887,
  28.353078 1.003937 1.855255,28.348388 1.003937 1.8477903,
  28.345477 1.003937 1.8394691,28.344491 1.003937 1.8307087,
  28.383858 1.1023622 1.8700763,28.344489 1.1023622 1.8307087,
  28.345477 1.1023622 1.8394691,28.348388 1.1023622 1.8477904,
  28.353078 1.1023622 1.855255,28.359312 1.1023622 1.8614887,
  28.366777 1.1023622 1.8661788,28.375098 1.1023622 1.86909] }
 coordIndex [
  9,6,7,-1,10,5,6,-1,10,6,9,-1,11,4,5,-1,11,5,10,-1,12,3,4,-1,12,4,11,-1,13,2,3,-1,
  13,3,12,-1,14,1,2,-1,14,2,13,-1,15,0,1,-1,15,1,14,-1,8,0,15,-1]
  normalPerVertex TRUE
  normal DEF NORM_354 Normal { vector [
  0.11196369 -7.6075902e-06 -0.9937123,0.25894352 0 -0.96589247,
  0.46735893 0 -0.88406766,0.65238648 0 -0.75788645,
  0.80469236 0 -0.59369201,0.91663737 0 -0.39971983,
  0.98259685 4.8051108e-06 -0.18575101,0.99372184 1.4334871e-05 -0.111879,
  0.111879 -1.5240763e-05 -0.99372184,0.99371287 7.1546735e-06 -0.11195866,
  0.96589329 0 -0.25894046,0.88406766 0 -0.46735892,
  0.75788646 0 -0.65238648,0.59369201 0 -0.80469236,
  0.39971983 0 -0.91663737,0.18575424 -5.1087622e-06 -0.98259624] }
}
}
DEF SHAPE_355 Shape {
 appearance USE APP_1
 geometry DEF FACE_355 IndexedFaceSet {
  coord DEF COORD_355 Coordinate { point [
  28.344489 1.1023622 1.8307087,28.344491 1.003937 1.8307087,
  28.344489 1.003937 1.6642457,28.34449 1.1023622 1.6642457] }
 coordIndex [
  1,2,3,-1,1,3,0,-1]
  normalPerVertex TRUE
  normal DEF NORM_355 Normal { vector [
  1 1.4382959e-05 3.5676043e-06,1 2.7830806e-06 -3.2911014e-06,
  1 -8.8168002e-06 -1.0149809e-05,1 2.7830806e-06 -3.2911014e-06] }
}
}
DEF SHAPE_356 Shape {
 appearance USE APP_1
 geometry DEF FACE_356 IndexedFaceSet {
  coord DEF COORD_356 Coordinate { point [
  28.370078 1.1023622 1.6155861,28.35939 1.1023622 1.625029,
  28.351276 1.1023622 1.636757,28.346211 1.1023622 1.6500886,
  28.34449 1.1023622 1.6642457,28.37008 1.003937 1.6155888,
  28.344489 1.003937 1.6642457,28.346211 1.003937 1.6500886,
  28.351276 1.003937 1.636757,28.35939 1.003937 1.625029] }
 coordIndex [
  0,9,5,-1,1,9,0,-1,2,8,9,-1,2,9,1,-1,3,7,8,-1,3,8,2,-1,4,6,7,-1,4,7,3,-1]
  normalPerVertex TRUE
  normal DEF NORM_356 Normal { vector [
  0.66202839 1.6583094e-05 0.74947876,0.74770085 0 0.66403573,
  0.86547199 0 0.50095731,0.96034504 0 0.27881428,
  0.99269047 -4.3763013e-06 0.12068812,0.66194261 3.3165626e-05 0.74955452,
  0.99268683 -8.7494984e-06 0.12071808,0.97976511 -2.9356029e-06 0.20015077,
  0.90319649 0 0.42922734,0.74766342 8.3529495e-06 0.66407787] }
}
}
DEF SHAPE_357 Shape {
 appearance USE APP_1
 geometry DEF FACE_357 IndexedFaceSet {
  coord DEF COORD_357 Coordinate { point [
  28.395669 1.1023622 1.5669291,28.395668 1.003937 1.5669291,
  28.393947 1.1023622 1.5810863,28.388882 1.1023622 1.5944178,
  28.380767 1.1023622 1.6061459,28.370078 1.1023622 1.6155861,
  28.37008 1.003937 1.6155888,28.380767 1.003937 1.6061459,
  28.388882 1.003937 1.5944178,28.393947 1.003937 1.5810863] }
 coordIndex [
  4,5,6,-1,4,6,7,-1,4,7,8,-1,3,8,9,-1,3,4,8,-1,2,9,1,-1,2,3,9,-1,0,2,1,-1]
  normalPerVertex TRUE
  normal DEF NORM_357 Normal { vector [
  0.99268481 -1.1170083e-05 0.12073466,0.99268947 -5.5865638e-06 0.12069641,
  0.979764 -3.7477528e-06 0.20015619,0.90319648 0 0.42922734,
  0.74766342 8.3529362e-06 0.66407787,0.66194261 3.3165626e-05 0.74955452,
  0.66202839 1.6583081e-05 0.74947876,0.74770085 0 0.66403573,
  0.86547199 0 0.50095731,0.96034504 0 0.27881428] }
}
}
DEF SHAPE_358 Shape {
 appearance USE APP_1
 geometry DEF FACE_358 IndexedFaceSet {
  coord DEF COORD_358 Coordinate { point [
  28.39567 1.003937 1.2007874,28.395668 1.003937 1.5669291,
  28.395671 1.1023622 1.2007874,28.395669 1.1023622 1.5669291] }
 coordIndex [
  0,3,1,-1,2,3,0,-1]
  normalPerVertex TRUE
  normal DEF NORM_358 Normal { vector [
  1 -1.184768e-05 6.3697205e-06,1 -1.125524e-05 6.2104625e-06,
  1 -1.2440119e-05 6.5289785e-06,1 -1.184768e-05 6.3697205e-06] }
}
}
DEF SHAPE_359 Shape {
 appearance USE APP_1
 geometry DEF FACE_359 IndexedFaceSet {
  coord DEF COORD_359 Coordinate { point [
  28.395671 1.1023622 1.2007874,28.39567 1.003937 1.2007874,
  28.474409 1.1023622 1.1220481,28.456888 1.1023622 1.1240228,
  28.440246 1.1023622 1.1298459,28.425316 1.1023622 1.1392265,
  28.412849 1.1023622 1.1516942,28.403468 1.1023622 1.1666237,
  28.397645 1.1023622 1.1832663,28.474409 1.003937 1.1220491,
  28.397645 1.003937 1.1832663,28.403468 1.003937 1.1666237,
  28.412849 1.003937 1.1516942,28.425316 1.003937 1.1392265,
  28.440246 1.003937 1.1298459,28.456888 1.003937 1.1240228] }
 coordIndex [
  10,0,1,-1,10,8,0,-1,11,7,8,-1,11,8,10,-1,12,6,7,-1,12,7,11,-1,13,5,6,-1,13,6,12,-1,
  14,4,5,-1,14,5,13,-1,15,3,4,-1,15,4,14,-1,9,2,3,-1,9,3,15,-1]
  normalPerVertex TRUE
  normal DEF NORM_359 Normal { vector [
  0.99371153 -6.1788677e-06 0.11197054,0.99370767 -1.2351551e-05 0.11200478,
  0.11199393 1.0395522e-05 0.99370889,0.18576805 3.4846547e-06 0.98259362,
  0.39974914 0 0.91662458,0.59370236 0 0.80468472,
  0.75788238 0 0.65239122,0.88405581 0 0.46738135,
  0.96589527 0 0.25893306,0.11196512 5.2008521e-06 0.99371214,
  0.98259295 -4.1403332e-06 0.1857716,0.91662458 0 0.39974914,
  0.80468472 0 0.59370236,0.65239122 0 0.75788238,
  0.46738135 0 0.88405581,0.25893306 0 0.96589527] }
}
}
DEF SHAPE_360 Shape {
 appearance USE APP_1
 geometry DEF FACE_360 IndexedFaceSet {
  coord DEF COORD_360 Coordinate { point [
  28.71063 1.003937 1.1220481,28.474409 1.003937 1.1220491,
  28.71063 1.1023622 1.1220491,28.474409 1.1023622 1.1220481] }
 coordIndex [
  0,3,1,-1,2,3,0,-1]
  normalPerVertex TRUE
  normal DEF NORM_360 Normal { vector [
  0 0 1,4.3606185e-06 1.0465496e-05 1,
  -4.3606367e-06 -1.0465516e-05 1,0 0 1] }
}
}
DEF SHAPE_361 Shape {
 appearance USE APP_1
 geometry DEF FACE_361 IndexedFaceSet {
  coord DEF COORD_361 Coordinate { point [
  28.71063 1.1023622 1.1220491,28.71063 1.003937 1.1220481,
  28.789369 1.1023622 1.2007874,28.787395 1.1023622 1.1832663,
  28.781571 1.1023622 1.1666237,28.772191 1.1023622 1.1516942,
  28.759723 1.1023622 1.1392265,28.744794 1.1023622 1.1298459,
  28.728151 1.1023622 1.1240228,28.789368 1.003937 1.2007874,
  28.728151 1.003937 1.1240228,28.744794 1.003937 1.1298459,
  28.759723 1.003937 1.1392265,28.772191 1.003937 1.1516942,
  28.781571 1.003937 1.1666237,28.787395 1.003937 1.1832663] }
 coordIndex [
  10,0,1,-1,10,8,0,-1,11,7,8,-1,11,8,10,-1,12,6,7,-1,12,7,11,-1,13,5,6,-1,13,6,12,-1,
  14,4,5,-1,14,5,13,-1,15,3,4,-1,15,4,14,-1,9,2,3,-1,9,3,15,-1]
  normalPerVertex TRUE
  normal DEF NORM_361 Normal { vector [
  -0.1119651 -5.1977853e-06 0.99371214,-0.1119939 -1.0389386e-05 0.99370889,
  -0.99370766 1.2357747e-05 0.11200482,-0.98259295 4.1424093e-06 0.18577162,
  -0.91662458 0 0.39974914,-0.80468472 0 0.59370236,
  -0.65239122 0 0.75788238,-0.46738135 0 0.88405581,
  -0.25893306 0 0.96589527,-0.99371152 6.1819648e-06 0.11197056,
  -0.18576803 -3.4825989e-06 0.98259363,-0.39974914 0 0.91662458,
  -0.59370236 0 0.80468472,-0.75788238 0 0.65239122,
  -0.88405581 0 0.46738135,-0.96589527 0 0.25893306] }
}
}
DEF SHAPE_362 Shape {
 appearance USE APP_1
 geometry DEF FACE_362 IndexedFaceSet {
  coord DEF COORD_362 Coordinate { point [
  28.789372 1.1023622 1.5669291,28.789371 1.003937 1.5669291,
  28.789368 1.003937 1.2007874,28.789369 1.1023622 1.2007874] }
 coordIndex [
  1,3,2,-1,1,0,3,-1]
  normalPerVertex TRUE
  normal DEF NORM_362 Normal { vector [
  -1 1.125524e-05 6.2104624e-06,-1 1.18477e-05 6.3697259e-06,
  -1 1.244016e-05 6.5289893e-06,-1 1.18477e-05 6.3697259e-06] }
}
}
DEF SHAPE_363 Shape {
 appearance USE APP_1
 geometry DEF FACE_363 IndexedFaceSet {
  coord DEF COORD_363 Coordinate { point [
  28.789372 1.1023622 1.5669291,28.789371 1.003937 1.5669291,
  28.791092 1.003937 1.5810863,28.796158 1.003937 1.5944178,
  28.804272 1.003937 1.6061459,28.814962 1.003937 1.6155861,
  28.81496 1.1023622 1.6155888,28.804272 1.1023622 1.6061459,
  28.796158 1.1023622 1.5944178,28.791092 1.1023622 1.5810863] }
 coordIndex [
  0,1,2,-1,9,2,3,-1,9,0,2,-1,8,3,4,-1,8,9,3,-1,7,4,5,-1,7,8,4,-1,6,7,5,-1]
  normalPerVertex TRUE
  normal DEF NORM_363 Normal { vector [
  -0.99268947 5.5865635e-06 0.12069641,-0.99268481 1.1170083e-05 0.12073466,
  -0.979764 3.747753e-06 0.20015619,-0.90319648 0 0.42922734,
  -0.77392376 0 0.63327878,-0.66202839 -1.658308e-05 0.74947876,
  -0.66211415 -3.3164701e-05 0.74940299,-0.72015261 -1.1127413e-05 0.6938157,
  -0.86547199 0 0.50095731,-0.96034504 0 0.27881428] }
}
}
DEF SHAPE_364 Shape {
 appearance USE APP_1
 geometry DEF FACE_364 IndexedFaceSet {
  coord DEF COORD_364 Coordinate { point [
  28.84055 1.1023622 1.6642457,28.838829 1.1023622 1.6500886,
  28.833764 1.1023622 1.636757,28.825649 1.1023622 1.625029,
  28.81496 1.1023622 1.6155888,28.84055 1.003937 1.6642457,
  28.814962 1.003937 1.6155861,28.825649 1.003937 1.625029,
  28.833764 1.003937 1.636757,28.838829 1.003937 1.6500886] }
 coordIndex [
  1,5,0,-1,1,9,5,-1,2,8,9,-1,2,9,1,-1,3,7,8,-1,3,8,2,-1,4,6,7,-1,4,7,3,-1]
  normalPerVertex TRUE
  normal DEF NORM_364 Normal { vector [
  -0.99268683 8.750571e-06 0.12071808,-0.97976511 2.9359628e-06 0.20015077,
  -0.90319649 0 0.42922734,-0.77392376 0 0.63327878,
  -0.66202839 -1.6583092e-05 0.74947876,-0.99269047 4.3768366e-06 0.12068812,
  -0.66211415 -3.3164701e-05 0.74940299,-0.72015261 -1.1127413e-05 0.6938157,
  -0.86547199 0 0.50095731,-0.96034504 0 0.27881428] }
}
}
DEF SHAPE_365 Shape {
 appearance USE APP_1
 geometry DEF FACE_365 IndexedFaceSet {
  coord DEF COORD_365 Coordinate { point [
  28.84055 1.003937 1.8307087,28.84055 1.003937 1.6642457,
  28.84055 1.1023622 1.6642457,28.84055 1.1023622 1.8307087] }
 coordIndex [
  1,0,3,-1,2,1,3,-1]
  normalPerVertex TRUE
  normal DEF NORM_365 Normal { vector [
  -1 -6.02604e-06 3.5720984e-06,-1 1.39592e-06 -8.1631274e-07,
  -1 8.8178802e-06 -5.204724e-06,-1 1.39592e-06 -8.1631274e-07] }
}
}
DEF SHAPE_366 Shape {
 appearance USE APP_1
 geometry DEF FACE_366 IndexedFaceSet {
  coord DEF COORD_366 Coordinate { point [
  28.84055 1.003937 1.8307087,28.839562 1.003937 1.8394691,
  28.836651 1.003937 1.8477904,28.831961 1.003937 1.855255,
  28.825727 1.003937 1.8614887,28.818263 1.003937 1.8661788,
  28.809942 1.003937 1.86909,28.801181 1.003937 1.8700763,
  28.84055 1.1023622 1.8307087,28.801181 1.1023622 1.8700778,
  28.809942 1.1023622 1.86909,28.818263 1.1023622 1.8661788,
  28.825727 1.1023622 1.8614887,28.831961 1.1023622 1.855255,
  28.836651 1.1023622 1.8477903,28.839562 1.1023622 1.8394691] }
 coordIndex [
  9,6,7,-1,10,5,6,-1,10,6,9,-1,11,4,5,-1,11,5,10,-1,12,3,4,-1,12,4,11,-1,13,2,3,-1,
  13,3,12,-1,14,1,2,-1,14,2,13,-1,15,0,1,-1,15,1,14,-1,8,0,15,-1]
  normalPerVertex TRUE
  normal DEF NORM_366 Normal { vector [
  -0.99370766 -2.9885916e-06 -0.11200483,-0.96589329 0 -0.25894044,
  -0.88406759 0 -0.46735907,-0.7578864 0 -0.65238654,
  -0.59369202 0 -0.80469235,-0.39971991 0 -0.91663733,
  -0.18575449 5.1102357e-06 -0.98259619,-0.1118792 1.5245148e-05 -0.99372181,
  -0.99371141 -5.9880824e-06 -0.11197155,-0.1119639 7.611005e-06 -0.99371227,
  -0.25894378 0 -0.9658924,-0.46735895 0 -0.88406765,
  -0.65238642 0 -0.75788651,-0.80469225 0 -0.59369216,
  -0.91663725 0 -0.39972009,-0.98259111 -2.0072388e-06 -0.18578134] }
}
}
DEF SHAPE_367 Shape {
 appearance USE APP_1
 geometry DEF FACE_367 IndexedFaceSet {
  coord DEF COORD_367 Coordinate { point [
  28.462598 1.0039378 1.8700786,28.462598 1.0068623 1.8462678,
  28.462598 1.0154592 1.8238715,28.462598 1.0292191 1.8042204,
  28.462598 1.0473244 1.788482,28.462598 1.0686995 1.7775914,
  28.722441 1.0686991 1.7775902,28.722441 1.0473244 1.788482,
  28.722441 1.0292191 1.8042204,28.722441 1.0154592 1.8238715,
  28.722441 1.0068623 1.8462678,28.722441 1.0039378 1.8700786] }
 coordIndex [
  5,6,7,-1,4,7,8,-1,4,5,7,-1,3,8,9,-1,3,4,8,-1,2,9,10,-1,2,3,9,-1,1,10,11,-1,
  1,2,10,-1,0,1,11,-1]
  normalPerVertex TRUE
  normal DEF NORM_367 Normal { vector [
  0 -0.99254176 -0.12190514,0 -0.97937307 -0.20206036,
  0 -0.90141033 -0.43296583,0 -0.76988405 -0.63818379,
  0 -0.59261621 -0.80548497,-2.3113655e-06 -0.45399383 -0.89100483,
  -4.6199417e-06 -0.45401611 -0.89099347,-1.5502527e-06 -0.52482142 -0.85121236,
  0 -0.71515456 -0.69896635,0 -0.86301192 -0.50518355,
  0 -0.95958953 -0.28140352,0 -0.99254175 -0.12190515] }
}
}
DEF SHAPE_368 Shape {
 appearance USE APP_1
 geometry DEF FACE_368 IndexedFaceSet {
  coord DEF COORD_368 Coordinate { point [
  28.462598 1.0686995 1.7775914,28.722441 1.0686991 1.7775902,
  28.722441 1.1696151 1.7408588,28.462598 1.1696151 1.7408589] }
 coordIndex [
  1,0,3,-1,2,1,3,-1]
  normalPerVertex TRUE
  normal DEF NORM_368 Normal { vector [
  -4.6569485e-06 -0.34203814 -0.93968607,-2.5613221e-06 -0.34203338 -0.9396878,
  -4.6569549e-07 -0.34202861 -0.93968954,-2.5613221e-06 -0.34203338 -0.9396878] }
}
}
DEF SHAPE_369 Shape {
 appearance USE APP_1
 geometry DEF FACE_369 IndexedFaceSet {
  coord DEF COORD_369 Coordinate { point [
  28.722441 1.2032785 1.8333482,28.722441 1.1696151 1.7408588,
  28.462598 1.1696151 1.7408589,28.462598 1.2032785 1.8333482] }
 coordIndex [
  2,0,1,-1,3,0,2,-1]
  normalPerVertex TRUE
  normal DEF NORM_369 Normal { vector [
  0 0.93969262 -0.34202014,0 0.93969262 -0.34202014,
  0 0.93969262 -0.34202014,0 0.93969262 -0.34202014] }
}
}
DEF SHAPE_370 Shape {
 appearance USE APP_1
 geometry DEF FACE_370 IndexedFaceSet {
  coord DEF COORD_370 Coordinate { point [
  30.67126 1.1023622 1.8700778,30.67126 1.003937 1.8700763,
  30.59252 1.1023622 1.8700786,30.59252 1.0039378 1.8700786] }
 coordIndex [
  0,3,2,-1,0,1,3,-1]
  normalPerVertex TRUE
  normal DEF NORM_370 Normal { vector [
  -2.0448973e-05 7.6392576e-06 -1,-3.0023561e-05 1.5298995e-05 -1,
  -1.087431e-05 -2.054017e-08 -1,-2.0448973e-05 7.6392576e-06 -1] }
}
}
DEF SHAPE_371 Shape {
 appearance USE APP_1
 geometry DEF FACE_371 IndexedFaceSet {
  coord DEF COORD_371 Coordinate { point [
  30.59252 1.0686991 1.7775902,30.59252 1.0473244 1.788482,
  30.59252 1.0292191 1.8042204,30.59252 1.0154592 1.8238715,
  30.59252 1.0068623 1.8462678,30.59252 1.0039378 1.8700786,
  30.59252 1.1696151 1.7408588,30.59252 1.2032785 1.8333482,
  30.59252 1.1023622 1.8700786] }
 coordIndex [
  8,3,2,-1,8,4,3,-1,8,5,4,-1,1,8,2,-1,0,8,1,-1,7,8,0,-1,6,7,0,-1]
  normalPerVertex TRUE
  normal DEF NORM_371 Normal { vector [
  1 0 0,1 0 0,
  1 0 0,1 0 0,
  1 0 0,1 0 0,
  1 0 0,1 0 0,
  1 0 0] }
}
}
DEF SHAPE_372 Shape {
 appearance USE APP_1
 geometry DEF FACE_372 IndexedFaceSet {
  coord DEF COORD_372 Coordinate { point [
  30.59252 1.1023622 1.8700786,30.59252 1.2032785 1.8333482,
  30.332677 1.2032785 1.8333482,30.332677 1.1023622 1.8700786] }
 coordIndex [
  1,2,3,-1,1,3,0,-1]
  normalPerVertex TRUE
  normal DEF NORM_372 Normal { vector [
  0 0.3420193 0.93969293,0 0.3420193 0.93969293,
  0 0.3420193 0.93969293,0 0.3420193 0.93969293] }
}
}
DEF SHAPE_373 Shape {
 appearance USE APP_1
 geometry DEF FACE_373 IndexedFaceSet {
  coord DEF COORD_373 Coordinate { point [
  30.332677 1.0039378 1.8700786,30.332677 1.0068623 1.8462678,
  30.332677 1.0154592 1.8238715,30.332677 1.0292191 1.8042204,
  30.332677 1.0473244 1.788482,30.332677 1.0686995 1.7775914,
  30.332677 1.1696151 1.7408589,30.332677 1.2032785 1.8333482,
  30.332677 1.1023622 1.8700786] }
 coordIndex [
  5,7,6,-1,5,8,7,-1,4,8,5,-1,3,8,4,-1,1,0,8,-1,2,8,3,-1,2,1,8,-1]
  normalPerVertex TRUE
  normal DEF NORM_373 Normal { vector [
  -1 0 0,-1 0 0,
  -1 0 0,-1 0 0,
  -1 0 0,-1 0 0,
  -1 0 0,-1 0 0,
  -1 0 0] }
}
}
DEF SHAPE_374 Shape {
 appearance USE APP_1
 geometry DEF FACE_374 IndexedFaceSet {
  coord DEF COORD_374 Coordinate { point [
  30.332677 1.1023622 1.8700786,30.332677 1.0039378 1.8700786,
  30.253937 1.1023622 1.8700763,30.253937 1.003937 1.8700778] }
 coordIndex [
  2,1,3,-1,0,1,2,-1]
  normalPerVertex TRUE
  normal DEF NORM_374 Normal { vector [
  3.0012945e-05 -3.4308283e-08 -1,2.0459343e-05 -7.6772534e-06 -1,
  2.0459343e-05 -7.6772534e-06 -1,1.0905822e-05 -1.5320134e-05 -1] }
}
}
DEF SHAPE_375 Shape {
 appearance USE APP_1
 geometry DEF FACE_375 IndexedFaceSet {
  coord DEF COORD_375 Coordinate { point [
  30.253937 1.003937 1.8700778,30.245177 1.003937 1.86909,
  30.236855 1.003937 1.8661788,30.229391 1.003937 1.8614887,
  30.223157 1.003937 1.855255,30.218467 1.003937 1.8477903,
  30.215556 1.003937 1.8394691,30.214569 1.003937 1.8307087,
  30.253937 1.1023622 1.8700763,30.214568 1.1023622 1.8307087,
  30.215556 1.1023622 1.8394691,30.218467 1.1023622 1.8477904,
  30.223157 1.1023622 1.855255,30.229391 1.1023622 1.8614887,
  30.236855 1.1023622 1.8661788,30.245177 1.1023622 1.86909] }
 coordIndex [
  9,6,7,-1,10,5,6,-1,10,6,9,-1,11,4,5,-1,11,5,10,-1,12,3,4,-1,12,4,11,-1,13,2,3,-1,
  13,3,12,-1,14,1,2,-1,14,2,13,-1,15,0,1,-1,15,1,14,-1,8,0,15,-1]
  normalPerVertex TRUE
  normal DEF NORM_375 Normal { vector [
  0.11196369 -7.6075902e-06 -0.9937123,0.25894352 0 -0.96589247,
  0.46735893 0 -0.88406766,0.65238648 0 -0.75788645,
  0.80469236 0 -0.59369201,0.91663737 0 -0.39971983,
  0.98259685 4.8051108e-06 -0.18575101,0.99372184 1.4334871e-05 -0.111879,
  0.111879 -1.5240763e-05 -0.99372184,0.99371287 7.1546735e-06 -0.11195866,
  0.96589329 0 -0.25894046,0.88406766 0 -0.46735892,
  0.75788646 0 -0.65238648,0.59369201 0 -0.80469236,
  0.39971983 0 -0.91663737,0.18575424 -5.1087622e-06 -0.98259624] }
}
}
DEF SHAPE_376 Shape {
 appearance USE APP_1
 geometry DEF FACE_376 IndexedFaceSet {
  coord DEF COORD_376 Coordinate { point [
  30.214569 1.003937 1.8307087,30.214568 1.1023622 1.8307087,
  30.214568 1.003937 1.6642457,30.214569 1.1023622 1.6642457] }
 coordIndex [
  0,2,3,-1,0,3,1,-1]
  normalPerVertex TRUE
  normal DEF NORM_376 Normal { vector [
  1 2.7830806e-06 -3.2911014e-06,1 1.4382959e-05 3.5676043e-06,
  1 -8.8168002e-06 -1.0149809e-05,1 2.7830806e-06 -3.2911014e-06] }
}
}
DEF SHAPE_377 Shape {
 appearance USE APP_1
 geometry DEF FACE_377 IndexedFaceSet {
  coord DEF COORD_377 Coordinate { point [
  30.240157 1.1023622 1.6155861,30.229469 1.1023622 1.625029,
  30.221355 1.1023622 1.636757,30.216289 1.1023622 1.6500886,
  30.214569 1.1023622 1.6642457,30.240158 1.003937 1.6155888,
  30.214568 1.003937 1.6642457,30.216289 1.003937 1.6500886,
  30.221355 1.003937 1.636757,30.229469 1.003937 1.625029] }
 coordIndex [
  0,9,5,-1,1,9,0,-1,2,8,9,-1,2,9,1,-1,3,7,8,-1,3,8,2,-1,4,6,7,-1,4,7,3,-1]
  normalPerVertex TRUE
  normal DEF NORM_377 Normal { vector [
  0.66202839 1.6583118e-05 0.74947876,0.74770085 0 0.66403573,
  0.86547199 0 0.50095731,0.96034504 0 0.27881428,
  0.99269047 -4.3763008e-06 0.12068812,0.66194261 3.3165676e-05 0.74955452,
  0.99268683 -8.7494984e-06 0.12071808,0.97976511 -2.935603e-06 0.20015077,
  0.90319649 0 0.42922734,0.74766342 8.3529615e-06 0.66407787] }
}
}
DEF SHAPE_378 Shape {
 appearance USE APP_1
 geometry DEF FACE_378 IndexedFaceSet {
  coord DEF COORD_378 Coordinate { point [
  30.265746 1.003937 1.5669291,30.265747 1.1023622 1.5669291,
  30.264026 1.1023622 1.5810863,30.25896 1.1023622 1.5944178,
  30.250846 1.1023622 1.6061459,30.240157 1.1023622 1.6155861,
  30.240158 1.003937 1.6155888,30.250846 1.003937 1.6061459,
  30.25896 1.003937 1.5944178,30.264026 1.003937 1.5810863] }
 coordIndex [
  4,5,6,-1,4,6,7,-1,4,7,8,-1,3,8,9,-1,3,4,8,-1,2,9,0,-1,2,3,9,-1,1,2,0,-1]
  normalPerVertex TRUE
  normal DEF NORM_378 Normal { vector [
  0.99268947 -5.5865633e-06 0.12069641,0.99268481 -1.1170083e-05 0.12073466,
  0.979764 -3.7477529e-06 0.20015619,0.90319648 0 0.42922734,
  0.74766342 8.3529481e-06 0.66407787,0.66194261 3.3165676e-05 0.74955452,
  0.66202839 1.6583104e-05 0.74947876,0.74770085 0 0.66403573,
  0.86547199 0 0.50095731,0.96034504 0 0.27881428] }
}
}
DEF SHAPE_379 Shape {
 appearance USE APP_1
 geometry DEF FACE_379 IndexedFaceSet {
  coord DEF COORD_379 Coordinate { point [
  30.265749 1.003937 1.2007874,30.265746 1.003937 1.5669291,
  30.26575 1.1023622 1.2007874,30.265747 1.1023622 1.5669291] }
 coordIndex [
  0,3,1,-1,2,3,0,-1]
  normalPerVertex TRUE
  normal DEF NORM_379 Normal { vector [
  1 -1.184768e-05 6.3697205e-06,1 -1.125524e-05 6.2104625e-06,
  1 -1.2440119e-05 6.5289785e-06,1 -1.184768e-05 6.3697205e-06] }
}
}
DEF SHAPE_380 Shape {
 appearance USE APP_1
 geometry DEF FACE_380 IndexedFaceSet {
  coord DEF COORD_380 Coordinate { point [
  30.265749 1.003937 1.2007874,30.26575 1.1023622 1.2007874,
  30.344488 1.1023622 1.1220481,30.326967 1.1023622 1.1240228,
  30.310324 1.1023622 1.1298459,30.295395 1.1023622 1.1392265,
  30.282927 1.1023622 1.1516942,30.273547 1.1023622 1.1666237,
  30.267724 1.1023622 1.1832663,30.344488 1.003937 1.1220491,
  30.267724 1.003937 1.1832663,30.273547 1.003937 1.1666237,
  30.282927 1.003937 1.1516942,30.295395 1.003937 1.1392265,
  30.310324 1.003937 1.1298459,30.326967 1.003937 1.1240228] }
 coordIndex [
  10,1,0,-1,10,8,1,-1,11,7,8,-1,11,8,10,-1,12,6,7,-1,12,7,11,-1,13,5,6,-1,13,6,12,-1,
  14,4,5,-1,14,5,13,-1,15,3,4,-1,15,4,14,-1,9,2,3,-1,9,3,15,-1]
  normalPerVertex TRUE
  normal DEF NORM_380 Normal { vector [
  0.99370767 -1.2351551e-05 0.11200478,0.99371153 -6.1788677e-06 0.11197054,
  0.11199393 1.0395522e-05 0.99370889,0.18576805 3.4846547e-06 0.98259362,
  0.39974914 0 0.91662458,0.59370236 0 0.80468472,
  0.75788238 0 0.65239122,0.88405581 0 0.46738135,
  0.96589527 0 0.25893306,0.11196512 5.2008521e-06 0.99371214,
  0.98259295 -4.1403332e-06 0.1857716,0.91662458 0 0.39974914,
  0.80468472 0 0.59370236,0.65239122 0 0.75788238,
  0.46738135 0 0.88405581,0.25893306 0 0.96589527] }
}
}
DEF SHAPE_381 Shape {
 appearance USE APP_1
 geometry DEF FACE_381 IndexedFaceSet {
  coord DEF COORD_381 Coordinate { point [
  30.344488 1.1023622 1.1220481,30.580709 1.1023622 1.1220491,
  30.344488 1.003937 1.1220491,30.580709 1.003937 1.1220481] }
 coordIndex [
  3,0,2,-1,1,0,3,-1]
  normalPerVertex TRUE
  normal DEF NORM_381 Normal { vector [
  0 0 1,-4.3606367e-06 -1.0465516e-05 1,
  4.3606185e-06 1.0465496e-05 1,0 0 1] }
}
}
DEF SHAPE_382 Shape {
 appearance USE APP_1
 geometry DEF FACE_382 IndexedFaceSet {
  coord DEF COORD_382 Coordinate { point [
  30.580709 1.003937 1.1220481,30.580709 1.1023622 1.1220491,
  30.659448 1.1023622 1.2007874,30.657473 1.1023622 1.1832663,
  30.65165 1.1023622 1.1666237,30.64227 1.1023622 1.1516942,
  30.629802 1.1023622 1.1392265,30.614872 1.1023622 1.1298459,
  30.59823 1.1023622 1.1240228,30.659447 1.003937 1.2007874,
  30.59823 1.003937 1.1240228,30.614872 1.003937 1.1298459,
  30.629802 1.003937 1.1392265,30.64227 1.003937 1.1516942,
  30.65165 1.003937 1.1666237,30.657473 1.003937 1.1832663] }
 coordIndex [
  10,1,0,-1,10,8,1,-1,11,7,8,-1,11,8,10,-1,12,6,7,-1,12,7,11,-1,13,5,6,-1,13,6,12,-1,
  14,4,5,-1,14,5,13,-1,15,3,4,-1,15,4,14,-1,9,2,3,-1,9,3,15,-1]
  normalPerVertex TRUE
  normal DEF NORM_382 Normal { vector [
  -0.1119939 -1.0389386e-05 0.99370889,-0.1119651 -5.1977853e-06 0.99371214,
  -0.99370766 1.2357747e-05 0.11200482,-0.98259295 4.1424093e-06 0.18577162,
  -0.91662458 0 0.39974914,-0.80468472 0 0.59370236,
  -0.65239122 0 0.75788238,-0.46738135 0 0.88405581,
  -0.25893306 0 0.96589527,-0.99371152 6.1819648e-06 0.11197056,
  -0.18576803 -3.4825989e-06 0.98259363,-0.39974914 0 0.91662458,
  -0.59370236 0 0.80468472,-0.75788238 0 0.65239122,
  -0.88405581 0 0.46738135,-0.96589527 0 0.25893306] }
}
}
DEF SHAPE_383 Shape {
 appearance USE APP_1
 geometry DEF FACE_383 IndexedFaceSet {
  coord DEF COORD_383 Coordinate { point [
  30.659449 1.003937 1.5669291,30.65945 1.1023622 1.5669291,
  30.659447 1.003937 1.2007874,30.659448 1.1023622 1.2007874] }
 coordIndex [
  0,3,2,-1,0,1,3,-1]
  normalPerVertex TRUE
  normal DEF NORM_383 Normal { vector [
  -1 1.18477e-05 6.3697259e-06,-1 1.125524e-05 6.2104624e-06,
  -1 1.244016e-05 6.5289893e-06,-1 1.18477e-05 6.3697259e-06] }
}
}
DEF SHAPE_384 Shape {
 appearance USE APP_1
 geometry DEF FACE_384 IndexedFaceSet {
  coord DEF COORD_384 Coordinate { point [
  30.659449 1.003937 1.5669291,30.65945 1.1023622 1.5669291,
  30.661171 1.003937 1.5810863,30.666236 1.003937 1.5944178,
  30.674351 1.003937 1.6061459,30.68504 1.003937 1.6155861,
  30.685038 1.1023622 1.6155888,30.674351 1.1023622 1.6061459,
  30.666236 1.1023622 1.5944178,30.661171 1.1023622 1.5810863] }
 coordIndex [
  1,0,2,-1,9,2,3,-1,9,1,2,-1,8,3,4,-1,8,9,3,-1,7,4,5,-1,7,8,4,-1,6,7,5,-1]
  normalPerVertex TRUE
  normal DEF NORM_384 Normal { vector [
  -0.99268481 1.1170083e-05 0.12073466,-0.99268947 5.5865634e-06 0.12069641,
  -0.979764 3.7477528e-06 0.20015619,-0.90319648 0 0.42922734,
  -0.77392376 0 0.63327878,-0.66202839 -1.6583077e-05 0.74947876,
  -0.66211415 -3.3164695e-05 0.74940299,-0.72015261 -1.1127411e-05 0.6938157,
  -0.86547199 0 0.50095731,-0.96034504 0 0.27881428] }
}
}
DEF SHAPE_385 Shape {
 appearance USE APP_1
 geometry DEF FACE_385 IndexedFaceSet {
  coord DEF COORD_385 Coordinate { point [
  30.710629 1.1023622 1.6642457,30.708908 1.1023622 1.6500886,
  30.703842 1.1023622 1.636757,30.695728 1.1023622 1.625029,
  30.685038 1.1023622 1.6155888,30.710628 1.003937 1.6642457,
  30.68504 1.003937 1.6155861,30.695728 1.003937 1.625029,
  30.703842 1.003937 1.636757,30.708908 1.003937 1.6500886] }
 coordIndex [
  1,5,0,-1,1,9,5,-1,2,8,9,-1,2,9,1,-1,3,7,8,-1,3,8,2,-1,4,6,7,-1,4,7,3,-1]
  normalPerVertex TRUE
  normal DEF NORM_385 Normal { vector [
  -0.99268683 8.750571e-06 0.12071808,-0.97976511 2.9359628e-06 0.20015077,
  -0.90319649 0 0.42922734,-0.77392376 0 0.63327878,
  -0.66202839 -1.6583088e-05 0.74947876,-0.99269047 4.3768365e-06 0.12068812,
  -0.66211415 -3.3164695e-05 0.74940299,-0.72015261 -1.1127411e-05 0.6938157,
  -0.86547199 0 0.50095731,-0.96034504 0 0.27881428] }
}
}
DEF SHAPE_386 Shape {
 appearance USE APP_1
 geometry DEF FACE_386 IndexedFaceSet {
  coord DEF COORD_386 Coordinate { point [
  30.710629 1.003937 1.8307087,30.710628 1.003937 1.6642457,
  30.710629 1.1023622 1.6642457,30.710627 1.1023622 1.8307087] }
 coordIndex [
  1,0,3,-1,2,1,3,-1]
  normalPerVertex TRUE
  normal DEF NORM_386 Normal { vector [
  -1 -1.4370919e-05 3.5720984e-06,-1 -2.7765202e-06 -3.2833677e-06,
  -1 8.8178803e-06 -1.0138835e-05,-1 -2.7765202e-06 -3.2833677e-06] }
}
}
DEF SHAPE_387 Shape {
 appearance USE APP_1
 geometry DEF FACE_387 IndexedFaceSet {
  coord DEF COORD_387 Coordinate { point [
  30.710629 1.003937 1.8307087,30.709641 1.003937 1.8394691,
  30.70673 1.003937 1.8477904,30.70204 1.003937 1.855255,
  30.695806 1.003937 1.8614887,30.688342 1.003937 1.8661788,
  30.68002 1.003937 1.86909,30.67126 1.003937 1.8700763,
  30.710627 1.1023622 1.8307087,30.67126 1.1023622 1.8700778,
  30.68002 1.1023622 1.86909,30.688342 1.1023622 1.8661788,
  30.695806 1.1023622 1.8614887,30.70204 1.1023622 1.855255,
  30.70673 1.1023622 1.8477903,30.709641 1.1023622 1.8394691] }
 coordIndex [
  9,6,7,-1,10,5,6,-1,10,6,9,-1,11,4,5,-1,11,5,10,-1,12,3,4,-1,12,4,11,-1,13,2,3,-1,
  13,3,12,-1,14,1,2,-1,14,2,13,-1,15,0,1,-1,15,1,14,-1,8,0,15,-1]
  normalPerVertex TRUE
  normal DEF NORM_387 Normal { vector [
  -0.99371287 -7.1359822e-06 -0.11195866,-0.96589331 0 -0.25894035,
  -0.88406762 0 -0.467359,-0.75788644 0 -0.6523865,
  -0.59369205 0 -0.80469233,-0.39971993 0 -0.91663732,
  -0.18575449 5.1102365e-06 -0.98259619,-0.1118792 1.5245148e-05 -0.99372181,
  -0.99372181 -1.4297506e-05 -0.1118792,-0.11196391 7.6097931e-06 -0.99371227,
  -0.25894381 0 -0.96589239,-0.467359 0 -0.88406762,
  -0.6523865 0 -0.75788644,-0.80469233 0 -0.59369205,
  -0.91663732 0 -0.39971993,-0.98259685 -4.7925819e-06 -0.18575099] }
}
}
DEF SHAPE_388 Shape {
 appearance USE APP_1
 geometry DEF FACE_388 IndexedFaceSet {
  coord DEF COORD_388 Coordinate { point [
  30.332677 1.0039378 1.8700786,30.332677 1.0068623 1.8462678,
  30.332677 1.0154592 1.8238715,30.332677 1.0292191 1.8042204,
  30.332677 1.0473244 1.788482,30.332677 1.0686995 1.7775914,
  30.59252 1.0686991 1.7775902,30.59252 1.0473244 1.788482,
  30.59252 1.0292191 1.8042204,30.59252 1.0154592 1.8238715,
  30.59252 1.0068623 1.8462678,30.59252 1.0039378 1.8700786] }
 coordIndex [
  5,6,7,-1,4,7,8,-1,4,5,7,-1,3,8,9,-1,3,4,8,-1,2,9,10,-1,2,3,9,-1,1,10,11,-1,
  1,2,10,-1,0,1,11,-1]
  normalPerVertex TRUE
  normal DEF NORM_388 Normal { vector [
  0 -0.99254176 -0.12190514,0 -0.97937307 -0.20206036,
  0 -0.90141033 -0.43296583,0 -0.76988405 -0.63818379,
  0 -0.59261621 -0.80548497,-2.3113652e-06 -0.45399383 -0.89100483,
  -4.6199411e-06 -0.45401611 -0.89099347,-1.5502525e-06 -0.52482142 -0.85121236,
  0 -0.71515456 -0.69896635,0 -0.86301192 -0.50518355,
  0 -0.95958953 -0.28140352,0 -0.99254175 -0.12190515] }
}
}
DEF SHAPE_389 Shape {
 appearance USE APP_1
 geometry DEF FACE_389 IndexedFaceSet {
  coord DEF COORD_389 Coordinate { point [
  30.332677 1.0686995 1.7775914,30.59252 1.0686991 1.7775902,
  30.59252 1.1696151 1.7408588,30.332677 1.1696151 1.7408589] }
 coordIndex [
  1,0,3,-1,2,1,3,-1]
  normalPerVertex TRUE
  normal DEF NORM_389 Normal { vector [
  -4.656948e-06 -0.34203814 -0.93968607,-2.5613218e-06 -0.34203338 -0.9396878,
  -4.6569549e-07 -0.34202861 -0.93968954,-2.5613218e-06 -0.34203338 -0.9396878] }
}
}
DEF SHAPE_390 Shape {
 appearance USE APP_1
 geometry DEF FACE_390 IndexedFaceSet {
  coord DEF COORD_390 Coordinate { point [
  30.59252 1.2032785 1.8333482,30.59252 1.1696151 1.7408588,
  30.332677 1.1696151 1.7408589,30.332677 1.2032785 1.8333482] }
 coordIndex [
  2,0,1,-1,3,0,2,-1]
  normalPerVertex TRUE
  normal DEF NORM_390 Normal { vector [
  0 0.93969262 -0.34202014,0 0.93969262 -0.34202014,
  0 0.93969262 -0.34202014,0 0.93969262 -0.34202014] }
}
}
DEF SHAPE_391 Shape {
 appearance USE APP_1
 geometry DEF FACE_391 IndexedFaceSet {
  coord DEF COORD_391 Coordinate { point [
  30.74803 1.1105349 2.2521619,30.748031 1.164427 2.169802,
  30.746056 1.1790883 2.1793955,30.740233 1.1930144 2.1885081,
  30.730852 1.2055071 2.1966826,30.718385 1.2159397 2.2035092,
  30.703455 1.2237892 2.2086455,30.686812 1.2286619 2.2118339,
  30.669291 1.2303134 2.2129146,30.669291 1.1764222 2.2952751,
  30.686812 1.1747698 2.2941939,30.703455 1.1698972 2.2910055,
  30.718385 1.1620477 2.2858692,30.730852 1.151615 2.2790426,
  30.740233 1.1391224 2.2708681,30.746056 1.1251962 2.2617555] }
 coordIndex [
  0,1,2,-1,15,2,3,-1,15,0,2,-1,14,3,4,-1,14,15,3,-1,13,4,5,-1,13,14,4,-1,12,5,6,-1,
  12,13,5,-1,11,6,7,-1,11,12,6,-1,10,7,8,-1,10,11,7,-1,9,10,8,-1]
  normalPerVertex TRUE
  normal DEF NORM_391 Normal { vector [
  0.99370986 0.093705337 0.061318976,0.99370824 0.093715968 0.061329036,
  0.98259112 0.15545661 0.10172475,0.91662459 0.33450102 0.21887996,
  0.80468473 0.49679669 0.32507775,0.65239122 0.63417881 0.41497341,
  0.46738135 0.73975788 0.48405883,0.25893306 0.80823929 0.52886948,
  0.11196512 0.83151866 0.54409607,0.11199394 0.83151879 0.54408994,
  0.18576805 0.822214 0.53800964,0.39974914 0.76701069 0.50189165,
  0.59370237 0.67334195 0.44059973,0.75788238 0.54590619 0.35721244,
  0.88405581 0.39109412 0.25591152,0.96589233 0.21667848 0.14178306] }
}
}
DEF SHAPE_392 Shape {
 appearance USE APP_1
 geometry DEF FACE_392 IndexedFaceSet {
  coord DEF COORD_392 Coordinate { point [
  30.669291 1.1764222 2.2952751,28.385827 1.1764214 2.2952746,
  30.669291 1.2303134 2.2129146,28.385827 1.2303139 2.2129149] }
 coordIndex [
  0,2,3,-1,0,3,1,-1]
  normalPerVertex TRUE
  normal DEF NORM_392 Normal { vector [
  -9.0219855e-08 0.8367785 0.54754155,-4.510998e-07 0.83677391 0.54754855,
  2.7066009e-07 0.83678308 0.54753454,-9.0219855e-08 0.8367785 0.54754155] }
}
}
DEF SHAPE_393 Shape {
 appearance USE APP_1
 geometry DEF FACE_393 IndexedFaceSet {
  coord DEF COORD_393 Coordinate { point [
  30.885827 0.91732272 2.0866146,30.885861 0.90896724 2.0900793,
  30.886221 0.90551181 2.0984252,30.885827 0.59842531 2.0866146,
  30.885861 0.60678036 2.0900782,30.886221 0.61023581 2.0984252,
  30.893629 0.61023622 2.1386112,30.910047 0.61023622 2.1760309,
  30.934602 0.61023622 2.2086937,30.965987 0.61023632 2.234862,
  30.965987 0.90551181 2.234862,30.934602 0.90551181 2.2086937,
  30.910047 0.90551181 2.1760309,30.893629 0.90551181 2.1386112] }
 coordIndex [
  9,10,11,-1,8,9,11,-1,7,11,12,-1,7,8,11,-1,6,12,13,-1,6,7,12,-1,5,13,2,-1,5,6,13,-1,
  4,2,1,-1,4,5,2,-1,3,1,0,-1,3,4,1,-1]
  normalPerVertex TRUE
  normal DEF NORM_393 Normal { vector [
  -0.99995167 1.6813345e-07 0.0098318923,-0.99961308 -2.6934967e-07 0.027815284,
  -0.98999059 2.2511131e-07 0.14113339,-0.99995146 -7.0057313e-08 0.0098532396,
  -0.99930236 -9.504859e-08 0.037346838,-0.98568339 1.8584871e-07 0.1686068,
  -0.94389666 0 0.33024095,-0.84312648 0 0.5377153,
  -0.7246916 0 0.68907335,-0.64038962 -1.1786434e-07 0.76805022,
  -0.64039027 -2.3606069e-07 0.76804967,-0.7246919 -5.9355878e-08 0.68907304,
  -0.88216198 0 0.47094611,-0.96659615 1.1309281e-07 0.25630429] }
}
}
DEF SHAPE_394 Shape {
 appearance USE APP_1
 geometry DEF FACE_394 IndexedFaceSet {
  coord DEF COORD_394 Coordinate { point [
  30.992425 0.90551109 2.2521619,30.965987 0.90551181 2.234862,
  30.965987 0.61023632 2.234862,30.992425 0.61023807 2.2521619,
  31.058311 0.68897638 2.2952746,31.05666 0.67145525 2.2941939,
  31.051787 0.65481264 2.2910055,31.043937 0.63988316 2.2858692,
  31.033505 0.62741549 2.2790426,31.021012 0.61803488 2.2708681,
  31.007086 0.61221173 2.2617555,31.058311 0.82677165 2.2952746,
  31.007086 0.9035363 2.2617555,31.021012 0.89771316 2.2708681,
  31.033505 0.88833254 2.2790426,31.043937 0.87586487 2.2858692,
  31.051787 0.86093539 2.2910055,31.05666 0.84429279 2.2941939] }
 coordIndex [
  11,14,13,-1,11,15,14,-1,11,16,15,-1,11,17,16,-1,0,13,12,-1,0,11,13,-1,1,11,0,-1,9,6,5,-1,
  9,7,6,-1,9,8,7,-1,3,5,4,-1,3,10,9,-1,3,9,5,-1,2,4,11,-1,2,11,1,-1,2,3,4,-1]
  normalPerVertex TRUE
  normal DEF NORM_394 Normal { vector [
  -0.54754529 -2.376148e-06 0.83677605,-0.54754468 -5.3388832e-07 0.83677645,
  -0.54754483 1.7505455e-07 0.83677635,-0.54754592 3.1310274e-06 0.83677564,
  -0.54754531 8.7300057e-07 0.83677604,-0.5475433 0 0.83677735,
  -0.5475433 0 0.83677735,-0.5475433 0 0.83677735,
  -0.5475433 0 0.83677735,-0.5475433 0 0.83677735,
  -0.5475433 0 0.83677735,-0.54754465 -3.4890088e-07 0.83677647,
  -0.5475433 0 0.83677735,-0.5475433 0 0.83677735,
  -0.5475433 0 0.83677735,-0.5475433 0 0.83677735,
  -0.5475433 0 0.83677735,-0.5475433 0 0.83677735] }
}
}
DEF SHAPE_395 Shape {
 appearance USE APP_1
 geometry DEF FACE_395 IndexedFaceSet {
  coord DEF COORD_395 Coordinate { point [
  30.992425 0.61023807 2.2521619,31.046317 0.61023807 2.169802,
  31.060978 0.61221173 2.1793955,31.074904 0.61803488 2.1885081,
  31.087397 0.62741549 2.1966826,31.097829 0.63988316 2.2035092,
  31.105679 0.65481264 2.2086455,31.110552 0.67145525 2.2118339,
  31.112204 0.68897638 2.2129149,31.058311 0.68897638 2.2952746,
  31.05666 0.67145525 2.2941939,31.051787 0.65481264 2.2910055,
  31.043937 0.63988316 2.2858692,31.033505 0.62741549 2.2790426,
  31.021012 0.61803488 2.2708681,31.007086 0.61221173 2.2617555] }
 coordIndex [
  15,0,1,-1,15,1,2,-1,14,2,3,-1,14,15,2,-1,13,3,4,-1,13,14,3,-1,12,4,5,-1,12,13,4,-1,
  11,5,6,-1,11,12,5,-1,10,6,7,-1,10,11,6,-1,9,7,8,-1,9,10,7,-1]
  normalPerVertex TRUE
  normal DEF NORM_395 Normal { vector [
  0.093665759 -0.99371538 0.06128997,0.09366576 -0.99371538 0.06128997,
  0.21666933 -0.96589526 0.14177707,0.39109414 -0.8840558 0.25591153,
  0.5459062 -0.75788237 0.35721244,0.67334195 -0.59370237 0.44059973,
  0.76701069 -0.39974914 0.50189165,0.82221214 -0.18576049 0.53801509,
  0.83151185 -0.11197087 0.54410528,0.83151519 -0.11195358 0.54410374,
  0.80823928 -0.25893306 0.52886948,0.73975788 -0.46738135 0.48405884,
  0.63417882 -0.65239121 0.41497342,0.49679671 -0.80468471 0.32507776,
  0.33450105 -0.91662457 0.21887998,0.1554307 -0.98259719 0.10170572] }
}
}
DEF SHAPE_396 Shape {
 appearance USE APP_1
 geometry DEF FACE_396 IndexedFaceSet {
  coord DEF COORD_396 Coordinate { point [
  31.112204 0.68897638 2.2129149,31.112204 0.82677165 2.2129152,
  31.058311 0.82677165 2.2952746,31.058311 0.68897638 2.2952746] }
 coordIndex [
  3,0,1,-1,3,1,2,-1]
  normalPerVertex TRUE
  normal DEF NORM_396 Normal { vector [
  0.83677391 -2.9902121e-06 0.54754855,0.83677277 -1.4951671e-06 0.5475503,
  0.83677162 0 0.54755206,0.83677277 -1.4951671e-06 0.5475503] }
}
}
DEF SHAPE_397 Shape {
 appearance USE APP_1
 geometry DEF FACE_397 IndexedFaceSet {
  coord DEF COORD_397 Coordinate { point [
  31.046317 0.90551057 2.169802,30.992425 0.90551109 2.2521619,
  31.007086 0.9035363 2.2617555,31.021012 0.89771316 2.2708681,
  31.033505 0.88833254 2.2790426,31.043937 0.87586487 2.2858692,
  31.051787 0.86093539 2.2910055,31.05666 0.84429279 2.2941939,
  31.058311 0.82677165 2.2952746,31.112204 0.82677165 2.2129152,
  31.110552 0.84429278 2.2118339,31.105679 0.86093539 2.2086455,
  31.097829 0.87586487 2.2035092,31.087397 0.88833254 2.1966826,
  31.074904 0.89771316 2.1885081,31.060978 0.9035363 2.1793955] }
 coordIndex [
  0,1,2,-1,15,2,3,-1,15,0,2,-1,14,3,4,-1,14,15,3,-1,13,4,5,-1,13,14,4,-1,12,5,6,-1,
  12,13,5,-1,11,6,7,-1,11,12,6,-1,10,7,8,-1,10,11,7,-1,9,10,8,-1]
  normalPerVertex TRUE
  normal DEF NORM_397 Normal { vector [
  0.093708186 0.99370986 0.061314623,0.09372166 0.99370824 0.061320337,
  0.15545852 0.98259112 0.10172184,0.33450102 0.91662459 0.21887996,
  0.49679669 0.80468473 0.32507775,0.6341788 0.65239122 0.41497342,
  0.73975788 0.46738135 0.48405883,0.80823928 0.25893306 0.52886948,
  0.83151296 0.11196512 0.54410477,0.8315074 0.11199394 0.54410734,
  0.82221018 0.18576805 0.53801547,0.76701069 0.39974914 0.50189165,
  0.67334195 0.59370237 0.44059972,0.54590619 0.75788238 0.35721244,
  0.39109412 0.88405581 0.25591152,0.21667848 0.96589233 0.14178306] }
}
}
DEF SHAPE_398 Shape {
 appearance USE APP_1
 geometry DEF FACE_398 IndexedFaceSet {
  coord DEF COORD_398 Coordinate { point [
  31.112204 0.82677165 2.2129152,31.110552 0.84429278 2.2118339,
  31.105679 0.86093539 2.2086455,31.097829 0.87586487 2.2035092,
  31.087397 0.88833254 2.1966826,31.074904 0.89771316 2.1885081,
  31.060978 0.9035363 2.1793955,31.046317 0.90551057 2.169802,
  31.019879 0.90551171 2.1525014,31.019879 0.61023622 2.1525017,
  31.046317 0.61023807 2.169802,31.060978 0.61221173 2.1793955,
  31.074904 0.61803488 2.1885081,31.087397 0.62741549 2.1966826,
  31.097829 0.63988316 2.2035092,31.105679 0.65481264 2.2086455,
  31.110552 0.67145525 2.2118339,31.112204 0.68897638 2.2129149] }
 coordIndex [
  16,11,10,-1,16,12,11,-1,16,13,12,-1,16,14,13,-1,16,15,14,-1,17,10,9,-1,17,16,10,-1,8,17,9,-1,
  0,8,7,-1,0,17,8,-1,1,0,7,-1,6,1,7,-1,3,2,1,-1,4,6,5,-1,4,1,6,-1,4,3,1,-1]
  normalPerVertex TRUE
  normal DEF NORM_398 Normal { vector [
  0.54755186 3.7193686e-06 -0.83677175,0.5475433 0 -0.83677735,
  0.5475433 0 -0.83677735,0.5475433 0 -0.83677735,
  0.5475433 0 -0.83677735,0.5475433 0 -0.83677735,
  0.5475433 0 -0.83677735,0.54755601 1.5185849e-05 -0.83676904,
  0.54754984 7.4580996e-07 -0.83677307,0.54754917 -2.2746223e-06 -0.83677351,
  0.54755177 -1.0123853e-05 -0.83677181,0.5475433 0 -0.83677735,
  0.5475433 0 -0.83677735,0.5475433 0 -0.83677735,
  0.5475433 0 -0.83677735,0.5475433 0 -0.83677735,
  0.5475433 0 -0.83677735,0.5475493 -1.5489817e-06 -0.83677342] }
}
}
DEF SHAPE_399 Shape {
 appearance USE APP_1
 geometry DEF FACE_399 IndexedFaceSet {
  coord DEF COORD_399 Coordinate { point [
  31.019879 0.61023622 2.1525017,31.00708 0.61023622 2.1420556,
  30.996742 0.61023622 2.1291691,30.989321 0.61023622 2.114409,
  30.985143 0.61023567 2.0984252,30.886221 0.61023581 2.0984252,
  30.893629 0.61023622 2.1386112,30.910047 0.61023622 2.1760309,
  30.934602 0.61023622 2.2086937,30.965987 0.61023632 2.234862,
  30.992425 0.61023807 2.2521619,31.046317 0.61023807 2.169802] }
 coordIndex [
  1,9,8,-1,0,9,1,-1,2,8,7,-1,2,1,8,-1,3,7,6,-1,3,2,7,-1,11,10,9,-1,11,9,0,-1,
  4,6,5,-1,4,3,6,-1]
  normalPerVertex TRUE
  normal DEF NORM_399 Normal { vector [
  3.1701323e-05 -1 2.1994377e-05,8.0079577e-07 -1 1.2152893e-06,
  0 -1 0,1.8333612e-06 -1 7.2488435e-06,
  1.3841488e-06 -1 1.6792448e-05,-1.3853175e-06 -1 1.0485632e-05,
  8.0961945e-07 -1 9.822277e-06,0 -1 0,
  7.1551893e-07 -1 7.7822551e-07,2.5449642e-05 -1 1.7404385e-05,
  4.6376991e-05 -1 3.0346637e-05,4.7454535e-05 -1 3.1677091e-05] }
}
}
DEF SHAPE_400 Shape {
 appearance USE APP_1
 geometry DEF FACE_400 IndexedFaceSet {
  coord DEF COORD_400 Coordinate { point [
  30.885827 0.59842531 2.0866146,30.984252 0.59842531 2.0866146,
  30.885861 0.60678036 2.0900782,30.886221 0.61023581 2.0984252,
  30.985143 0.61023567 2.0984252,30.98433 0.60679555 2.0900934] }
 coordIndex [
  5,0,1,-1,5,2,0,-1,4,3,2,-1,4,2,5,-1]
  normalPerVertex TRUE
  normal DEF NORM_400 Normal { vector [
  -4.1800469e-05 -0.38336919 0.92359518,2.6162243e-08 -0.38378895 0.92342084,
  -6.6050666e-07 -0.79750905 0.60330699,-1.4271702e-06 -0.92395673 0.382497,
  4.0925516e-05 -0.92413467 0.3820669,-1.39347e-07 -0.60382189 0.79711926] }
}
}
DEF SHAPE_401 Shape {
 appearance USE APP_1
 geometry DEF FACE_401 IndexedFaceSet {
  coord DEF COORD_401 Coordinate { point [
  30.984252 0.59842531 2.0866146,30.984251 0.59448819 2.0866142,
  30.885827 0.59842531 2.0866146,30.885826 0.59448819 2.0866142,
  30.86853 0.55273024 2.0866142,30.875874 0.56167909 2.0866142,
  30.881332 0.57188875 2.0866142,30.884692 0.58296709 2.0866142,
  30.608687 0.29288813 2.0866142,30.566929 0.27559094 2.0866142,
  30.57845 0.27672551 2.0866142,30.589529 0.28008581 2.0866142,
  30.599738 0.28554329 2.0866142,30.562992 0.27559043 2.0866145,
  30.562992 0.17716485 2.0866146,30.566929 0.17716714 2.0866142,
  30.678284 0.22329084 2.0866142,30.65442 0.20370676 2.0866142,
  30.627194 0.18915406 2.0866142,30.597652 0.18019272 2.0866142,
  30.938126 0.48313406 2.0866142,30.981225 0.56376557 2.0866142,
  30.972263 0.53422359 2.0866142,30.957711 0.50699764 2.0866142] }
 coordIndex [
  8,16,20,-1,8,20,4,-1,12,17,16,-1,12,16,8,-1,5,20,23,-1,5,4,20,-1,11,18,17,-1,11,19,18,-1,
  11,17,12,-1,6,22,21,-1,6,23,22,-1,6,5,23,-1,10,15,19,-1,10,19,11,-1,7,21,1,-1,7,6,21,-1,
  9,15,10,-1,3,7,1,-1,13,14,15,-1,13,15,9,-1,2,1,0,-1,2,3,1,-1]
  normalPerVertex TRUE
  normal DEF NORM_401 Normal { vector [
  2.8331874e-08 -0.00011643832 0.99999999,1.6193056e-07 -1.8361599e-05 1,
  2.7306115e-07 -0.00011032031 0.99999999,5.1778579e-07 -2.9874598e-05 1,
  0 0 1,0 0 1,
  0 0 1,1.1095524e-07 -9.5881895e-07 1,
  0 0 1,2.225343e-05 0 1,
  0 0 1,0 0 1,
  0 0 1,9.6967205e-05 3.8377566e-07 1,
  0.00010656277 7.67617e-07 0.99999999,1.5235183e-05 6.0297629e-08 1,
  0 0 1,0 0 1,
  0 0 1,0 0 1,
  0 0 1,0 0 1,
  0 0 1,0 0 1] }
}
}
DEF SHAPE_402 Shape {
 appearance USE APP_1
 geometry DEF FACE_402 IndexedFaceSet {
  coord DEF COORD_402 Coordinate { point [
  30.562992 0.27559043 2.0866145,30.562992 0.17716485 2.0866146,
  30.551182 0.17627413 2.0984252,30.554631 0.17708759 2.0900869,
  30.551182 0.27519628 2.0984252,30.554637 0.27555637 2.0900793] }
 coordIndex [
  5,1,0,-1,5,3,1,-1,4,2,3,-1,4,3,5,-1]
  normalPerVertex TRUE
  normal DEF NORM_402 Normal { vector [
  0.3830444 7.090708e-07 0.92372993,0.38328523 2.4678381e-05 0.92363003,
  0.92406082 -1.1971253e-06 0.38224548,0.79743204 8.0345311e-06 0.60340877,
  0.92401144 -1.3077367e-05 0.38236483,0.60392421 8.7235447e-06 0.79704175] }
}
}
DEF SHAPE_403 Shape {
 appearance USE APP_1
 geometry DEF FACE_403 IndexedFaceSet {
  coord DEF COORD_403 Coordinate { point [
  30.551182 0.17627413 2.0984252,30.554631 0.17708759 2.0900869,
  30.562992 0.17716485 2.0866146,29.527559 0.17716446 2.0866142,
  29.527559 0.14153851 2.1525017,29.527559 0.1563845 2.1399123,
  29.527559 0.16768849 2.1240658,29.527559 0.17475907 2.1059302,
  30.551181 0.14153835 2.1525014,30.551181 0.17209648 2.114409,
  30.551181 0.16467545 2.1291691,30.551181 0.15433759 2.1420556] }
 coordIndex [
  1,3,2,-1,0,7,3,-1,0,3,1,-1,9,6,7,-1,9,7,0,-1,10,5,6,-1,10,6,9,-1,11,4,5,-1,
  11,5,10,-1,8,4,11,-1]
  normalPerVertex TRUE
  normal DEF NORM_403 Normal { vector [
  0.0001380393 -0.98595166 -0.16703083,0.00017904518 -0.99718159 -0.075025565,
  3.8676393e-07 -0.99975258 -0.022243661,0.00041709644 -0.99445513 -0.10516091,
  0.0001641367 -0.64014305 -0.76825572,0.00020863755 -0.7495957 -0.66189595,
  0.00026578896 -0.88385627 -0.46775851,0.00027876964 -0.96887182 -0.24756277,
  -2.8898115e-07 -0.63228303 -0.77473748,-3.8747199e-05 -0.93417907 -0.35680451,
  -1.6404679e-05 -0.83145481 -0.55559238,3.4122241e-05 -0.68711628 -0.72654747] }
}
}
DEF SHAPE_404 Shape {
 appearance USE APP_1
 geometry DEF FACE_404 IndexedFaceSet {
  coord DEF COORD_404 Coordinate { point [
  30.551182 0.17627413 2.0984252,30.551181 0.17209648 2.114409,
  30.551181 0.16467545 2.1291691,30.551181 0.15433759 2.1420556,
  30.551181 0.14153835 2.1525014,30.551182 0.27519628 2.0984252,
  30.551181 0.19543082 2.234862,30.551181 0.22681569 2.2086937,
  30.551181 0.25137032 2.1760309,30.551181 0.26778829 2.1386111,
  30.55118 0.16899264 2.2521619,30.55118 0.11510058 2.169802] }
 coordIndex [
  6,10,11,-1,4,6,11,-1,3,6,4,-1,7,6,3,-1,2,7,3,-1,8,2,1,-1,8,7,2,-1,9,1,0,-1,
  9,8,1,-1,5,9,0,-1]
  normalPerVertex TRUE
  normal DEF NORM_404 Normal { vector [
  1 -2.7572128e-06 1.650931e-05,1 -1.3750367e-06 5.4366948e-06,
  1 0 0,1 -1.322597e-06 5.8562546e-07,
  1 -2.21419e-05 1.3237807e-05,1 -1.3852429e-06 1.3384967e-05,
  1 -1.4626806e-05 7.4264614e-06,1 0 0,
  1 0 0,1 -1.6127547e-06 9.6566606e-06,
  1 -2.1961547e-05 8.1170193e-06,1 -2.6271613e-05 1.3438698e-05] }
}
}
DEF SHAPE_405 Shape {
 appearance USE APP_1
 geometry DEF FACE_405 IndexedFaceSet {
  coord DEF COORD_405 Coordinate { point [
  30.472441 0.049213288 2.2129152,30.489962 0.050865658 2.2118339,
  30.506605 0.055738335 2.2086455,30.521534 0.063587824 2.2035092,
  30.534002 0.074020485 2.1966826,30.543382 0.086513137 2.1885081,
  30.549206 0.10043929 2.1793955,30.55118 0.11510058 2.169802,
  30.551181 0.14153835 2.1525014,29.527559 0.14153851 2.1525017,
  29.527561 0.098628584 2.1805804,29.529041 0.087632621 2.1877756,
  29.533408 0.077187984 2.19461,29.540443 0.067818481 2.2007409,
  29.549794 0.059994003 2.2058608,29.560991 0.054106956 2.209713,
  29.573473 0.050452579 2.2121042,29.586614 0.049214145 2.2129146] }
 coordIndex [
  1,3,2,-1,1,4,3,-1,1,5,4,-1,1,6,5,-1,7,1,0,-1,7,6,1,-1,8,7,0,-1,14,16,15,-1,
  11,13,12,-1,10,14,13,-1,10,17,16,-1,10,13,11,-1,10,16,14,-1,9,0,17,-1,9,8,0,-1,9,17,10,-1]
  normalPerVertex TRUE
  normal DEF NORM_405 Normal { vector [
  1.7487707e-07 -0.54754911 -0.83677355,0 -0.5475433 -0.83677735,
  0 -0.5475433 -0.83677735,0 -0.5475433 -0.83677735,
  0 -0.5475433 -0.83677735,0 -0.5475433 -0.83677735,
  0 -0.5475433 -0.83677735,1.5185818e-05 -0.54755601 -0.83676904,
  3.2480994e-07 -0.54755027 -0.83677279,-3.1837351e-07 -0.54754899 -0.83677363,
  -7.1859049e-06 -0.54754931 -0.83677342,0 -0.5475433 -0.83677735,
  0 -0.5475433 -0.83677735,0 -0.5475433 -0.83677735,
  0 -0.5475433 -0.83677735,0 -0.5475433 -0.83677735,
  0 -0.5475433 -0.83677735,-3.4672939e-07 -0.54754794 -0.83677431] }
}
}
DEF SHAPE_406 Shape {
 appearance USE APP_1
 geometry DEF FACE_406 IndexedFaceSet {
  coord DEF COORD_406 Coordinate { point [
  29.586614 0.049214145 2.2129146,29.586614 0.10310569 2.2952749,
  29.573473 0.10434464 2.2944642,29.560991 0.10799901 2.292073,
  29.549794 0.11388606 2.2882208,29.540443 0.12171054 2.2831009,
  29.533408 0.13108004 2.27697,29.529041 0.14152468 2.2701355,
  29.52756 0.15252064 2.2629404,29.527561 0.098628584 2.1805804,
  29.529041 0.087632621 2.1877756,29.533408 0.077187984 2.19461,
  29.540443 0.067818481 2.2007409,29.549794 0.059994003 2.2058608,
  29.560991 0.054106956 2.209713,29.573473 0.050452579 2.2121042] }
 coordIndex [
  0,1,2,-1,15,2,3,-1,15,0,2,-1,14,3,4,-1,14,15,3,-1,13,4,5,-1,13,14,4,-1,12,5,6,-1,
  12,13,5,-1,11,6,7,-1,11,12,6,-1,10,7,8,-1,10,11,7,-1,9,10,8,-1]
  normalPerVertex TRUE
  normal DEF NORM_406 Normal { vector [
  -0.11194167 -0.83151973 0.54409926,-0.11196468 -0.83151926 0.54409524,
  -0.18574874 -0.82221629 0.53801281,-0.39974011 -0.76701399 0.5018938,
  -0.59369919 -0.67334391 0.44060101,-0.75788366 -0.54590495 0.35721163,
  -0.88405949 -0.39108831 0.25590772,-0.96589493 -0.21667038 0.14177776,
  -0.99371478 -0.093671956 0.061290307,-0.99371737 -0.093654401 0.061275101,
  -0.98259728 -0.15543148 0.10170373,-0.91662852 -0.33449347 0.21887502,
  -0.80468706 -0.49679404 0.32507602,-0.65238973 -0.63417988 0.41497412,
  -0.46737438 -0.73976096 0.48406085,-0.25891974 -0.80824227 0.52887144] }
}
}
DEF SHAPE_407 Shape {
 appearance USE APP_1
 geometry DEF FACE_407 IndexedFaceSet {
  coord DEF COORD_407 Coordinate { point [
  29.527559 0.14153851 2.1525017,29.527559 0.1563845 2.1399123,
  29.527559 0.16768849 2.1240658,29.527559 0.17475907 2.1059302,
  29.527559 0.17716446 2.0866142,29.52756 0.17716535 1.850347,
  29.52756 0.27559055 1.850347,29.527559 0.27559043 2.0866142,
  29.527559 0.27017697 2.1300752,29.527559 0.25426743 2.1708802,
  29.527559 0.2288339 2.2065354,29.527559 0.19543073 2.2348619,
  29.52756 0.15252064 2.2629404,29.527561 0.098628584 2.1805804] }
 coordIndex [
  11,13,12,-1,0,13,11,-1,1,0,11,-1,10,1,11,-1,2,1,10,-1,9,2,10,-1,8,3,2,-1,8,2,9,-1,
  7,4,3,-1,7,3,8,-1,5,4,7,-1,6,5,7,-1]
  normalPerVertex TRUE
  normal DEF NORM_407 Normal { vector [
  -1 -2.1913493e-05 1.4339045e-05,-1 0 0,
  -1 0 0,-1 -1.8480857e-07 -9.6472034e-07,
  -1 -7.8543053e-07 -5.4519454e-06,-1 -4.7126403e-06 -3.926459e-06,
  -1 -8.6398799e-06 -2.2904348e-06,-1 -4.1883213e-06 -3.6139407e-06,
  -1 0 0,-1 0 0,
  -1 0 0,-1 -1.6657783e-05 8.5792434e-06,
  -1 -2.3540121e-05 7.9209066e-06,-1 -2.6853941e-05 1.3830562e-05] }
}
}
DEF SHAPE_408 Shape {
 appearance USE APP_1
 geometry DEF FACE_408 IndexedFaceSet {
  coord DEF COORD_408 Coordinate { point [
  30.23622 0.17716535 0.68897583,30.235548 0.17716535 0.69407059,
  30.233583 0.17716535 0.69881826,30.230455 0.17716535 0.70289514,
  30.226378 0.17716535 0.70602323,30.22163 0.17716535 0.70798925,
  30.216535 0.17716535 0.70865915,29.527559 0.17716535 0.70866129,
  29.527559 0.17716535 0.98429864,29.524399 0.17716535 1.0105,
  29.515103 0.17716535 1.0351997,29.500202 0.17716535 1.0569819,
  29.480551 0.17716535 1.0745982,29.457276 0.17716535 1.0870388,
  29.431711 0.17716535 1.0935908,29.405322 0.17716535 1.0938785,
  29.37962 0.17716535 1.0878855,29.175395 0.17716535 1.0135559,
  29.152447 0.17716535 1.0082056,29.128885 0.17716535 1.0084625,
  29.106059 0.17716535 1.0143124,29.085278 0.17716535 1.0254201,
  29.067733 0.17716535 1.041149,29.054429 0.17716535 1.0605974,
  29.046129 0.17716535 1.0826506,29.043308 0.17716535 1.1060447,
  29.043307 0.17716535 1.3188976,29.045775 0.17716535 1.3407993,
  29.053054 0.17716535 1.3616027,29.06478 0.17716535 1.3802648,
  29.080365 0.17716535 1.3958495,29.099027 0.17716535 1.4075756,
  29.119831 0.17716535 1.4148548,29.141732 0.17716535 1.4173223,
  29.889764 0.17716535 1.417323,29.914294 0.17716535 1.420087,
  29.937593 0.17716535 1.4282398,29.958495 0.17716535 1.4413729,
  29.97595 0.17716535 1.4588279,29.989083 0.17716535 1.4797294,
  29.997236 0.17716535 1.5030292,30 0.17716535 1.5275591,
  29.999999 0.17716535 1.7243021,29.99684 0.17716535 1.7505034,
  29.987544 0.17716535 1.7752031,29.972643 0.17716535 1.7969853,
  29.952992 0.17716535 1.8146016,29.929717 0.17716535 1.8270423,
  29.904152 0.17716535 1.8335942,29.877763 0.17716535 1.8338819,
  29.852061 0.17716535 1.8278889,29.659647 0.17716535 1.7578582,
  29.636699 0.17716535 1.7525079,29.613137 0.17716535 1.7527648,
  29.590311 0.17716535 1.7586147,29.56953 0.17716535 1.7697224,
  29.551985 0.17716535 1.7854513,29.538681 0.17716535 1.8048997,
  29.530381 0.17716535 1.8269529,29.52756 0.17716535 1.850347,
  29.527559 0.17716446 2.0866142,30.562992 0.17716485 2.0866146,
  30.566929 0.17716714 2.0866142,30.56693 0.17716535 1.5078733,
  30.560325 0.17716535 1.5016037,30.555339 0.17716535 1.4939844,
  30.552236 0.17716535 1.4854231,30.551184 0.17716535 1.476378,
  30.551182 0.17716535 1.4566929,30.55217 0.17716535 1.4479325,
  30.555081 0.17716535 1.4396112,30.559771 0.17716535 1.4321466,
  30.566005 0.17716535 1.4259129,30.57347 0.17716535 1.4212228,
  30.581791 0.17716535 1.4183116,30.590551 0.17716535 1.4173253,
  30.816929 0.17716371 1.417323,30.816929 0.1771644 1.0629921,
  30.590551 0.17716535 1.0629912,30.581791 0.17716535 1.0620034,
  30.573469 0.17716535 1.0590922,30.566005 0.17716535 1.0544021,
  30.559771 0.17716535 1.0481684,30.555081 0.17716535 1.0407037,
  30.55217 0.17716535 1.0323825,30.551182 0.17716535 1.0236221,
  30.551182 0.17716535 1.003937,30.552236 0.17716535 0.99489182,
  30.555339 0.17716535 0.9863305,30.560325 0.17716535 0.97871119,
  30.56693 0.17716535 0.97244165,30.566929 0.17716605 0.70866142,
  30.472441 0.17716535 0.70865915,30.467346 0.17716535 0.70798926,
  30.462599 0.17716535 0.70602329,30.458522 0.17716535 0.7028953,
  30.455394 0.17716535 0.69881855,30.453428 0.17716535 0.69407102,
  30.452758 0.17716535 0.68897638,30.452755 0.17716535 0.61023606,
  30.452084 0.17716535 0.60514144,30.450118 0.17716535 0.60039393,
  30.44699 0.17716535 0.59631721,30.442913 0.17716535 0.59318925,
  30.438165 0.17716535 0.59122331,30.433071 0.17716535 0.59055344,
  30.255905 0.17716535 0.59055219,30.250811 0.17716535 0.59122336,
  30.246063 0.17716535 0.59318933,30.241987 0.17716535 0.59631732,
  30.238859 0.17716535 0.60039406,30.236893 0.17716535 0.60514159,
  30.236223 0.17716535 0.61023622] }
 coordIndex [
  103,102,101,-1,99,101,100,-1,99,104,103,-1,99,105,104,-1,99,103,101,-1,98,105,99,-1,108,107,106,-1,110,109,108,-1,
  110,108,106,-1,111,110,106,-1,112,111,106,-1,90,92,91,-1,89,92,90,-1,89,93,92,-1,88,93,89,-1,88,94,93,-1,
  0,106,105,-1,0,105,98,-1,0,112,106,-1,0,98,97,-1,1,0,97,-1,2,1,97,-1,2,97,96,-1,3,2,96,-1,
  3,96,95,-1,4,94,88,-1,4,3,95,-1,4,88,87,-1,4,95,94,-1,5,4,87,-1,5,87,86,-1,6,85,84,-1,
  6,86,85,-1,6,5,86,-1,75,77,76,-1,75,78,77,-1,75,79,78,-1,74,79,75,-1,73,80,79,-1,73,79,74,-1,
  72,80,73,-1,72,81,80,-1,71,81,72,-1,71,82,81,-1,8,7,6,-1,38,82,71,-1,38,71,70,-1,38,83,82,-1,
  37,83,38,-1,37,6,84,-1,37,84,83,-1,39,38,70,-1,39,70,69,-1,36,6,37,-1,40,39,69,-1,40,68,67,-1,
  40,69,68,-1,35,6,36,-1,61,63,62,-1,41,40,67,-1,41,66,65,-1,41,67,66,-1,34,9,8,-1,34,10,9,-1,
  34,6,35,-1,34,8,6,-1,11,10,34,-1,12,11,34,-1,13,12,34,-1,42,41,65,-1,42,64,63,-1,42,65,64,-1,
  43,42,63,-1,43,63,61,-1,44,43,61,-1,45,44,61,-1,46,45,61,-1,19,18,17,-1,47,46,61,-1,48,47,61,-1,
  22,20,19,-1,22,21,20,-1,23,22,19,-1,23,19,17,-1,24,23,17,-1,25,24,17,-1,53,52,51,-1,55,54,53,-1,
  56,53,51,-1,56,55,53,-1,26,25,17,-1,26,17,16,-1,33,26,16,-1,33,15,14,-1,33,16,15,-1,32,26,33,-1,
  58,56,51,-1,58,57,56,-1,30,26,32,-1,30,27,26,-1,30,28,27,-1,30,29,28,-1,30,32,31,-1,59,58,51,-1,
  59,51,50,-1,60,59,50,-1,60,49,48,-1,60,50,49,-1,60,48,61,-1,33,14,34,-1,14,13,34,-1]
  normalPerVertex TRUE
  normal DEF NORM_408 Normal { vector [
  0 -1 0,0 -1 0,
  0 -1 0,0 -1 0,
  0 -1 0,0 -1 0,
  0 -1 0,0 -1 0,
  0 -1 0,0 -1 0,
  0 -1 0,0 -1 0,
  0 -1 0,0 -1 0,
  0 -1 0,0 -1 0,
  0 -1 0,0 -1 0,
  0 -1 0,0 -1 0,
  0 -1 0,0 -1 0,
  0 -1 0,0 -1 0,
  0 -1 0,0 -1 0,
  0 -1 0,0 -1 0,
  0 -1 0,0 -1 0,
  0 -1 0,0 -1 0,
  0 -1 0,0 -1 0,
  0 -1 0,0 -1 0,
  0 -1 0,0 -1 0,
  0 -1 0,0 -1 0,
  0 -1 0,0 -1 0,
  0 -1 0,-3.7294478e-07 -1 -8.0828617e-07,
  -6.8142037e-07 -1 -3.5472084e-07,-5.9523768e-07 -1 -5.2200691e-07,
  -5.0335423e-07 -1 -7.1886432e-07,-3.8637652e-07 -1 -9.9357254e-07,
  3.4137228e-07 -1 -2.9153435e-06,3.3618779e-07 -1 -3.0695063e-06,
  -1.3099073e-07 -1 -2.7860943e-06,0 -1 0,
  0 -1 0,0 -1 0,
  0 -1 0,0 -1 0,
  0 -1 0,0 -1 0,
  0 -1 0,-1.8833705e-07 -1 -2.7213143e-06,
  2.3724127e-07 -1 -3.1497217e-06,1.8871339e-06 -1 -1.6519002e-06,
  0.00058194594 -0.99999983 3.0910128e-06,3.4361421e-06 -1 -7.9756498e-07,
  0 -1 0,0 -1 0,
  0 -1 0,0 -1 0,
  0 -1 0,0 -1 0,
  0 -1 0,0 -1 0,
  0 -1 0,0 -1 0,
  0 -1 0,-5.5300585e-06 -1 -9.2975843e-07,
  -7.2564318e-06 -1 -1.931687e-06,-5.7446593e-06 -1 -9.6583886e-07,
  -4.0751978e-06 -1 0,0 -1 0,
  0 -1 0,0 -1 0,
  0 -1 0,0 -1 0,
  0 -1 0,0 -1 0,
  0 -1 0,0 -1 0,
  0 -1 0,0 -1 0,
  6.7310376e-06 -1 -2.4111068e-06,7.3614876e-06 -1 -2.6369386e-06,
  6.420829e-06 -1 -2.2999878e-06,0 -1 0,
  0 -1 0,0 -1 0,
  0 -1 0,0 -1 0,
  0 -1 0,0 -1 0,
  0 0 1,0 -1 0,
  0 0 1,0 -1 0,
  0 -1 0,0 -1 0,
  0 -1 0,0 0 1,
  0 -1 0,0 0 1,
  0 -1 0,0 -1 0,
  0 -1 0] }
}
}
DEF SHAPE_409 Shape {
 appearance USE APP_1
 geometry DEF FACE_409 IndexedFaceSet {
  coord DEF COORD_409 Coordinate { point [
  30.551184 0.27559055 1.0236221,30.551184 0.27559055 1.003937,
  30.551182 0.17716535 1.0236221,30.551182 0.17716535 1.003937] }
 coordIndex [
  3,1,0,-1,2,3,0,-1]
  normalPerVertex TRUE
  normal DEF NORM_409 Normal { vector [
  1 -1.391906e-05 0,1 -1.391904e-05 0,
  1 -1.391908e-05 0,1 -1.391906e-05 0] }
}
}
DEF SHAPE_410 Shape {
 appearance USE APP_1
 geometry DEF FACE_410 IndexedFaceSet {
  coord DEF COORD_410 Coordinate { point [
  30.551182 0.17716535 1.003937,30.552236 0.17716535 0.99489182,
  30.555339 0.17716535 0.9863305,30.560325 0.17716535 0.97871119,
  30.56693 0.17716535 0.97244165,30.551184 0.27559055 1.003937,
  30.56693 0.27559055 0.97244155,30.560326 0.27559055 0.97871109,
  30.555339 0.27559055 0.98633043,30.552236 0.27559055 0.99489179,
  30.572423 0.27584685 0.96898967,30.578269 0.27669104 0.9665349,
  30.584397 0.27823318 0.96505203,30.590551 0.28052073 0.96456775,
  30.590551 0.17894793 0.96456803,30.575758 0.17741536 0.96745552,
  30.583029 0.17799177 0.96529304] }
 coordIndex [
  12,14,13,-1,12,16,14,-1,11,15,16,-1,11,16,12,-1,10,4,15,-1,10,15,11,-1,6,4,10,-1,7,3,4,-1,
  7,4,6,-1,8,2,3,-1,8,3,7,-1,9,1,2,-1,9,2,8,-1,5,0,1,-1,5,1,9,-1]
  normalPerVertex TRUE
  normal DEF NORM_410 Normal { vector [
  0.99328226 -1.3842921e-05 0.11571666,0.98143199 -4.6420217e-06 0.19181044,
  0.91111655 1.0991385e-08 0.41214879,0.79203233 3.0788376e-08 0.61047914,
  0.6060274 0.00090591563 0.79544325,0.9932909 -6.9378938e-06 0.11564253,
  0.62640843 -6.0699161e-08 0.77949501,0.74232651 -7.0382449e-08 0.67003832,
  0.87642662 -5.058673e-08 0.48153545,0.96362373 -3.0789352e-08 0.26726263,
  0.4751166 0.0010201174 0.87992226,0.30201181 -3.5119375e-05 0.95330418,
  0.13440214 0.0001344527 0.99092686,0.078450523 2.6486569e-06 0.99691801,
  0.087938532 0.00059460007 0.99612573,0.40065748 0.0015079798 0.91622667,
  0.20415405 0.00071910858 0.97893851] }
}
}
DEF SHAPE_411 Shape {
 appearance USE APP_1
 geometry DEF FACE_411 IndexedFaceSet {
  coord DEF COORD_411 Coordinate { point [
  30.984252 0.6496063 0.96456711,30.984251 0.59448817 0.96456693,
  30.885827 0.6496063 0.9645674,30.885826 0.59448819 0.96456696,
  30.868529 0.55272993 0.96456693,30.875874 0.56167881 0.96456693,
  30.881331 0.57188854 0.96456693,30.884692 0.58296698 0.96456693,
  30.608687 0.29288788 0.96456693,30.590551 0.28052073 0.96456775,
  30.597096 0.28387693 0.96456693,30.603172 0.28802084 0.96456693,
  30.590551 0.17894793 0.96456803,30.678284 0.22329084 0.96456693,
  30.652411 0.20238691 0.96456693,30.622726 0.18738279 0.96456693,
  30.938126 0.48313406 0.96456693,30.981225 0.56376557 0.96456693,
  30.972263 0.53422359 0.96456693,30.957711 0.50699764 0.96456693] }
 coordIndex [
  4,13,16,-1,8,13,4,-1,11,14,13,-1,11,13,8,-1,5,16,19,-1,5,4,16,-1,10,14,11,-1,9,15,14,-1,
  9,12,15,-1,9,14,10,-1,6,18,17,-1,6,19,18,-1,6,5,19,-1,7,17,1,-1,7,6,17,-1,3,7,1,-1,
  2,1,0,-1,2,3,1,-1]
  normalPerVertex TRUE
  normal DEF NORM_411 Normal { vector [
  2.9081799e-06 -3.3047857e-06 1,1.166787e-06 -4.2683908e-06 1,
  1.5862795e-06 -5.6653047e-06 1,2.6437895e-07 -7.033233e-06 1,
  0 0 1,0 0 1,
  0 0 1,5.6653873e-08 -4.8957022e-07 1,
  0 0 1,2.6031404e-05 4.1305706e-06 1,
  4.6407618e-05 3.1501557e-05 1,0 0 1,
  3.3356372e-05 2.6975204e-06 1,0 0 1,
  9.9947995e-06 2.6547365e-06 1,1.8623444e-05 -2.391999e-06 1,
  0 0 1,0 0 1,
  0 0 1,0 0 1] }
}
}
DEF SHAPE_412 Shape {
 appearance USE APP_1
 geometry DEF FACE_412 IndexedFaceSet {
  coord DEF COORD_412 Coordinate { point [
  30.984252 0.76771607 1.0826772,30.885827 0.76771633 1.0826772,
  30.984252 0.6496063 0.96456711,30.984252 0.67588828 0.96752845,
  30.984252 0.70085241 0.97626362,30.984252 0.72324683 0.99033489,
  30.984252 0.74194858 1.0090366,30.984252 0.75601984 1.0314311,
  30.984252 0.76475501 1.0563952,30.885827 0.6496063 0.9645674,
  30.885827 0.76475502 1.0563952,30.885827 0.75601984 1.0314311,
  30.885827 0.74194858 1.0090366,30.885827 0.72324683 0.99033489,
  30.885827 0.70085241 0.97626362,30.885827 0.67588829 0.96752845] }
 coordIndex [
  3,9,2,-1,3,15,9,-1,4,14,15,-1,4,15,3,-1,5,13,14,-1,5,14,4,-1,6,12,13,-1,6,13,5,-1,
  7,11,12,-1,7,12,6,-1,8,10,11,-1,8,11,7,-1,0,1,10,-1,0,10,8,-1]
  normalPerVertex TRUE
  normal DEF NORM_412 Normal { vector [
  -1.3135876e-06 -0.99371257 0.11196125,-2.6231715e-06 -0.99371203 0.11196609,
  2.8872225e-06 -0.11196707 0.99371192,9.6781548e-07 -0.18577035 0.98259319,
  0 -0.39975947 0.91662008,0 -0.593706 0.80468204,
  0 -0.75788092 0.65239291,0 -0.88405161 0.46738929,
  0 -0.9658912 0.25894826,1.4456129e-06 -0.11196174 0.99371252,
  -8.7930388e-07 -0.98259325 0.18577003,0 -0.91662008 0.39975947,
  0 -0.80468204 0.593706,0 -0.65239291 0.75788092,
  0 -0.46738929 0.88405161,0 -0.25894826 0.9658912] }
}
}
DEF SHAPE_413 Shape {
 appearance USE APP_1
 geometry DEF FACE_413 IndexedFaceSet {
  coord DEF COORD_413 Coordinate { point [
  30.984252 0.76771607 1.0826772,30.885827 0.76771633 1.0826772,
  30.885827 0.76771607 1.3976378,30.984252 0.76771633 1.3976378] }
 coordIndex [
  1,3,2,-1,1,0,3,-1]
  normalPerVertex TRUE
  normal DEF NORM_413 Normal { vector [
  -2.6438e-06 -1 8.2618751e-07,0 -1 0,
  2.6438e-06 -1 -8.2618751e-07,0 -1 0] }
}
}
DEF SHAPE_414 Shape {
 appearance USE APP_1
 geometry DEF FACE_414 IndexedFaceSet {
  coord DEF COORD_414 Coordinate { point [
  30.984252 0.6496063 1.5157476,30.885827 0.6496063 1.5157478,
  30.984252 0.76771633 1.3976378,30.984252 0.76475502 1.4239198,
  30.984252 0.75601984 1.4488839,30.984252 0.74194858 1.4712783,
  30.984252 0.72324683 1.4899801,30.984252 0.70085241 1.5040513,
  30.984252 0.67588829 1.5127865,30.885827 0.76771607 1.3976378,
  30.885827 0.67588828 1.5127865,30.885827 0.70085241 1.5040513,
  30.885827 0.72324683 1.4899801,30.885827 0.74194858 1.4712783,
  30.885827 0.75601984 1.4488839,30.885827 0.76475501 1.4239198] }
 coordIndex [
  3,9,2,-1,3,15,9,-1,4,14,15,-1,4,15,3,-1,5,13,14,-1,5,14,4,-1,6,12,13,-1,6,13,5,-1,
  7,11,12,-1,7,12,6,-1,8,10,11,-1,8,11,7,-1,0,1,10,-1,0,10,8,-1]
  normalPerVertex TRUE
  normal DEF NORM_414 Normal { vector [
  -1.444946e-06 -0.11196173 -0.99371252,-2.8858887e-06 -0.11196706 -0.99371192,
  2.6245052e-06 -0.99371203 -0.1119661,8.7975093e-07 -0.98259325 -0.18577003,
  0 -0.91662008 -0.39975947,0 -0.80468204 -0.593706,
  0 -0.65239291 -0.75788092,0 -0.46738929 -0.88405161,
  0 -0.25894826 -0.9658912,1.3142544e-06 -0.99371257 -0.11196125,
  -9.6736843e-07 -0.18577034 -0.98259319,0 -0.39975947 -0.91662008,
  0 -0.593706 -0.80468204,0 -0.75788092 -0.65239291,
  0 -0.88405161 -0.46738929,0 -0.9658912 -0.25894826] }
}
}
DEF SHAPE_415 Shape {
 appearance USE APP_1
 geometry DEF FACE_415 IndexedFaceSet {
  coord DEF COORD_415 Coordinate { point [
  30.938126 0.48313335 1.515748,30.957711 0.50699763 1.515748,
  30.972263 0.53422359 1.515748,30.981225 0.56376556 1.515748,
  30.984251 0.59448819 1.515748,30.984252 0.6496063 1.5157476,
  30.885827 0.6496063 1.5157478,30.885826 0.59448818 1.515748,
  30.884692 0.58296709 1.515748,30.881332 0.57188875 1.515748,
  30.875874 0.56167909 1.515748,30.868529 0.55273065 1.515748,
  30.608687 0.29288772 1.515748,30.603172 0.28802084 1.515748,
  30.597096 0.28387693 1.515748,30.590551 0.2805207 1.515748,
  30.590551 0.17894859 1.515748,30.622726 0.18738279 1.515748,
  30.652411 0.20238691 1.515748,30.678283 0.22329154 1.515748] }
 coordIndex [
  6,5,4,-1,7,6,4,-1,8,4,3,-1,8,7,4,-1,9,2,1,-1,9,3,2,-1,9,8,3,-1,10,9,1,-1,
  0,11,10,-1,0,10,1,-1,19,11,0,-1,12,11,19,-1,13,12,19,-1,18,14,13,-1,18,15,14,-1,18,13,19,-1,
  17,15,18,-1,16,15,17,-1]
  normalPerVertex TRUE
  normal DEF NORM_415 Normal { vector [
  0 0 -1,0 0 -1,
  0 0 -1,-6.9574139e-08 -3.4977345e-07 -1,
  -1.2000855e-06 -4.261149e-06 -1,-2.9081797e-06 -8.0257588e-06 -1,
  -1.5862861e-06 -5.6652628e-06 -1,-2.6438195e-07 -2.7288969e-06 -1,
  -1.5107541e-07 -4.6911128e-07 -1,0 0 -1,
  0 0 -1,0 0 -1,
  0 0 -1,0 0 -1,
  0 0 -1,0 0 -1,
  0 0 -1,0 0 -1,
  0 0 -1,0 0 -1] }
}
}
DEF SHAPE_416 Shape {
 appearance USE APP_1
 geometry DEF FACE_416 IndexedFaceSet {
  coord DEF COORD_416 Coordinate { point [
  30.590551 0.17894859 1.515748,30.5806 0.17776252 1.5144659,
  30.573407 0.17729987 1.5118208,30.56693 0.17716535 1.5078733,
  30.590551 0.2805207 1.515748,30.56693 0.27559055 1.5078733,
  30.572485 0.27585203 1.5113587,30.578422 0.27672213 1.5138276,
  30.584487 0.27826004 1.515278,30.551182 0.27559055 1.476378,
  30.552236 0.27559055 1.4854231,30.555339 0.27559055 1.4939845,
  30.560325 0.27559055 1.5016038,30.551184 0.17716535 1.476378,
  30.560325 0.17716535 1.5016037,30.555339 0.17716535 1.4939844,
  30.552236 0.17716535 1.4854231] }
 coordIndex [
  9,16,13,-1,10,15,16,-1,10,16,9,-1,11,14,15,-1,11,15,10,-1,12,3,14,-1,12,14,11,-1,5,3,12,-1,
  6,2,3,-1,6,3,5,-1,7,1,2,-1,7,2,6,-1,8,0,1,-1,8,1,7,-1,4,0,8,-1]
  normalPerVertex TRUE
  normal DEF NORM_416 Normal { vector [
  0.10835516 0.0019108466 -0.99411041,0.22524141 0.0014993469 -0.97430183,
  0.41934747 0.00063488706 -0.90782559,0.62046922 0.00020472098 -0.78423077,
  0.07728395 -1.2924735e-07 -0.99700912,0.62577587 -1.4659382e-08 -0.78000293,
  0.48257492 9.05542e-05 -0.87585469,0.3234587 -2.6814866e-06 -0.94624229,
  0.1430513 0.001066083 -0.9897147,0.99329092 6.9183433e-06 -0.11564232,
  0.96361086 -1.3110347e-08 -0.26730903,0.87642734 -1.5283795e-08 -0.48153413,
  0.74232812 -1.7436662e-08 -0.67003654,0.99329961 1.3869457e-05 -0.11556769,
  0.79203319 1.3124383e-08 -0.61047803,0.91111692 1.0965e-08 -0.41214798,
  0.98143203 4.6508606e-06 -0.19181023] }
}
}
DEF SHAPE_417 Shape {
 appearance USE APP_1
 geometry DEF FACE_417 IndexedFaceSet {
  coord DEF COORD_417 Coordinate { point [
  30.551182 0.17716535 1.4566929,30.551184 0.17716535 1.476378,
  30.551184 0.27559055 1.4566929,30.551182 0.27559055 1.476378] }
 coordIndex [
  1,0,2,-1,1,2,3,-1]
  normalPerVertex TRUE
  normal DEF NORM_417 Normal { vector [
  1 -1.3919094e-05 -6.9595467e-05,1 0 0,
  1 0 0,1 1.3919094e-05 6.9595467e-05] }
}
}
DEF SHAPE_418 Shape {
 appearance USE APP_1
 geometry DEF FACE_418 IndexedFaceSet {
  coord DEF COORD_418 Coordinate { point [
  30.590551 0.27559055 1.4173238,30.581791 0.27559055 1.4183116,
  30.573469 0.27559055 1.4212228,30.566005 0.27559055 1.4259129,
  30.559771 0.27559055 1.4321466,30.555081 0.27559055 1.4396112,
  30.55217 0.27559055 1.4479325,30.551184 0.27559055 1.4566929,
  30.590551 0.17716535 1.4173253,30.551182 0.17716535 1.4566929,
  30.55217 0.17716535 1.4479325,30.555081 0.17716535 1.4396112,
  30.559771 0.17716535 1.4321466,30.566005 0.17716535 1.4259129,
  30.57347 0.17716535 1.4212228,30.581791 0.17716535 1.4183116] }
 coordIndex [
  9,6,7,-1,10,5,6,-1,10,6,9,-1,11,4,5,-1,11,5,10,-1,12,3,4,-1,12,4,11,-1,13,2,3,-1,
  13,3,12,-1,14,1,2,-1,14,2,13,-1,15,0,1,-1,15,1,14,-1,8,0,15,-1]
  normalPerVertex TRUE
  normal DEF NORM_418 Normal { vector [
  0.11196364 7.6030323e-06 0.9937123,0.25894348 0 0.96589247,
  0.46735893 0 0.88406766,0.65238648 0 0.75788645,
  0.80469236 0 0.59369201,0.91663737 0 0.39971983,
  0.98259716 -4.6506072e-06 0.18574933,0.99372184 -1.3873943e-05 0.111879,
  0.111879 1.5231644e-05 0.99372184,0.99371315 -6.9242195e-06 0.1119561,
  0.96589372 0 0.25893884,0.88406766 0 0.46735892,
  0.75788646 0 0.65238648,0.59369201 0 0.80469236,
  0.39971983 0 0.91663737,0.1857542 5.1057057e-06 0.98259624] }
}
}
DEF SHAPE_419 Shape {
 appearance USE APP_1
 geometry DEF FACE_419 IndexedFaceSet {
  coord DEF COORD_419 Coordinate { point [
  30.856298 0.13779529 1.4173228,30.856299 0.03937008 1.4173226,
  30.954724 0.03937008 1.4173225,30.954723 0.13779528 1.4173228,
  30.816929 0.27559002 1.4173228,30.847591 0.2721346 1.4173228,
  30.876716 0.26194359 1.4173228,30.902842 0.24552721 1.4173228,
  30.924661 0.22370864 1.4173228,30.941077 0.197582 1.4173228,
  30.951268 0.16845739 1.4173228,30.590551 0.27559055 1.4173238,
  30.590551 0.17716535 1.4173253,30.816929 0.17716371 1.417323,
  30.85531 0.14655573 1.4173228,30.852399 0.15487696 1.4173228,
  30.847709 0.16234163 1.4173228,30.841475 0.16857532 1.4173228,
  30.834011 0.17326539 1.4173228,30.82569 0.17617658 1.4173228] }
 coordIndex [
  3,0,1,-1,3,1,2,-1,3,14,0,-1,4,11,12,-1,4,12,13,-1,4,13,19,-1,5,19,18,-1,5,4,19,-1,
  10,15,14,-1,10,14,3,-1,6,18,17,-1,6,5,18,-1,9,16,15,-1,9,15,10,-1,7,6,17,-1,8,17,16,-1,
  8,16,9,-1,8,7,17,-1]
  normalPerVertex TRUE
  normal DEF NORM_419 Normal { vector [
  0 -2.0054505e-06 1,7.7998365e-07 -2.963921e-06 1,
  1.5599652e-06 -3.7438918e-06 1,6.4984153e-07 -2.4693837e-06 1,
  6.9616074e-06 7.7072249e-06 1,0 0 1,
  0 0 1,0 0 1,
  0 0 1,0 0 1,
  0 0 1,4.2362651e-06 1.5310957e-05 1,
  7.2621507e-06 8.3513826e-06 1,1.0493177e-05 1.3918881e-06 1,
  0 0 1,0 0 1,
  0 0 1,0 0 1,
  0 0 1,2.8718099e-06 2.5306833e-07 1] }
}
}
DEF SHAPE_420 Shape {
 appearance USE APP_1
 geometry DEF FACE_420 IndexedFaceSet {
  coord DEF COORD_420 Coordinate { point [
  30.816929 0.27559002 1.4173228,30.816929 0.27558965 1.062992,
  30.847591 0.2721346 1.4173228,30.876716 0.26194359 1.4173228,
  30.902842 0.24552721 1.4173228,30.924661 0.22370864 1.4173228,
  30.941077 0.197582 1.4173228,30.951268 0.16845739 1.4173228,
  30.954723 0.13779528 1.4173228,30.954724 0.13779527 1.0629921,
  30.951268 0.16845739 1.0629921,30.941077 0.19758199 1.0629921,
  30.924661 0.22370864 1.0629921,30.902842 0.2455272 1.0629921,
  30.876716 0.26194359 1.0629921,30.847591 0.2721346 1.0629921] }
 coordIndex [
  15,1,0,-1,15,0,2,-1,14,2,3,-1,14,3,4,-1,14,15,2,-1,13,4,5,-1,13,14,4,-1,12,5,6,-1,
  12,13,5,-1,11,6,7,-1,11,12,6,-1,10,7,8,-1,10,11,7,-1,9,10,8,-1]
  normalPerVertex TRUE
  normal DEF NORM_420 Normal { vector [
  0.11197881 0.99371059 -5.2815993e-07,0.11197279 0.99371127 -1.0564963e-06,
  0.2589581 0.96588856 0,0.43388094 0.90097021 0,
  0.59370634 0.80468179 0,0.75788077 0.65239308 0,
  0.8840512 0.46739006 0,0.9658908 0.25894973 0,
  0.99371141 0.1119716 1.1626792e-06,0.99370991 0.11198486 2.3243625e-06,
  0.98259188 0.18577725 7.7914179e-07,0.91661964 0.39976047 0,
  0.80468177 0.59370636 0,0.65239306 0.75788079 0,
  0.43388094 0.90097021 0,0.18578196 0.98259099 -3.5414389e-07] }
}
}
DEF SHAPE_421 Shape {
 appearance USE APP_1
 geometry DEF FACE_421 IndexedFaceSet {
  coord DEF COORD_421 Coordinate { point [
  30.816929 0.1771644 1.0629921,30.82569 0.17617658 1.0629921,
  30.834011 0.17326539 1.0629921,30.841475 0.16857532 1.0629921,
  30.847709 0.16234162 1.0629921,30.852399 0.15487695 1.0629921,
  30.85531 0.14655571 1.0629921,30.856297 0.13779528 1.0629921,
  30.856299 0.03937008 1.0629925,30.954724 0.03937008 1.0629923,
  30.954724 0.13779527 1.0629921,30.951268 0.16845739 1.0629921,
  30.941077 0.19758199 1.0629921,30.924661 0.22370864 1.0629921,
  30.902842 0.2455272 1.0629921,30.876716 0.26194359 1.0629921,
  30.847591 0.2721346 1.0629921,30.816929 0.27558965 1.062992,
  30.590551 0.27559055 1.0629897,30.590551 0.17716535 1.0629912] }
 coordIndex [
  3,14,13,-1,3,15,14,-1,4,13,12,-1,4,3,13,-1,2,16,15,-1,2,15,3,-1,5,12,11,-1,5,4,12,-1,
  1,16,2,-1,6,5,11,-1,0,17,16,-1,0,16,1,-1,7,11,10,-1,7,6,11,-1,8,10,9,-1,8,7,10,-1,
  19,18,17,-1,19,17,0,-1]
  normalPerVertex TRUE
  normal DEF NORM_421 Normal { vector [
  4.1052428e-06 -1.3460213e-06 -1,0 0 -1,
  0 0 -1,0 0 -1,
  0 0 -1,0 0 -1,
  0 0 -1,0 -2.6732079e-06 -1,
  -7.7997183e-07 -2.9639394e-06 -1,-1.5599578e-06 -2.1839565e-06 -1,
  -6.7485333e-07 -2.5644828e-06 -1,0 0 -1,
  0 0 -1,0 0 -1,
  0 0 -1,0 0 -1,
  1.6765611e-06 -5.4129438e-07 -1,7.0749055e-06 -7.9099975e-06 -1,
  1.0287932e-05 -1.5310958e-05 -1,7.2620762e-06 -8.3514247e-06 -1] }
}
}
DEF SHAPE_422 Shape {
 appearance USE APP_1
 geometry DEF FACE_422 IndexedFaceSet {
  coord DEF COORD_422 Coordinate { point [
  30.551184 0.27559055 1.0236221,30.551182 0.17716535 1.0236221,
  30.590551 0.17716535 1.0629912,30.581791 0.17716535 1.0620034,
  30.573469 0.17716535 1.0590922,30.566005 0.17716535 1.0544021,
  30.559771 0.17716535 1.0481684,30.555081 0.17716535 1.0407037,
  30.55217 0.17716535 1.0323825,30.590551 0.27559055 1.0629897,
  30.55217 0.27559055 1.0323825,30.555081 0.27559055 1.0407037,
  30.559771 0.27559055 1.0481684,30.566005 0.27559055 1.0544021,
  30.57347 0.27559055 1.0590922,30.581791 0.27559055 1.0620034] }
 coordIndex [
  10,1,0,-1,10,8,1,-1,11,7,8,-1,11,8,10,-1,12,5,6,-1,12,6,7,-1,12,7,11,-1,13,4,5,-1,
  13,5,12,-1,14,3,4,-1,14,4,13,-1,15,2,3,-1,15,3,14,-1,9,2,15,-1]
  normalPerVertex TRUE
  normal DEF NORM_422 Normal { vector [
  0.99372177 -1.3848503e-05 -0.11187957,0.99371311 -6.9187433e-06 -0.11195645,
  0.1119636 -7.6060587e-06 -0.99371231,0.25894341 0 -0.96589249,
  0.46735878 0 -0.88406774,0.65238629 0 -0.75788662,
  0.78184023 0 -0.62347883,0.88406754 0 -0.46735917,
  0.96589366 0 -0.25893905,0.111879 -1.5231644e-05 -0.99372184,
  0.98259709 -4.6420715e-06 -0.18574972,0.91663719 0 -0.39972024,
  0.78184022 0 -0.62347884,0.59369194 0 -0.80469242,
  0.39971978 0 -0.91663739,0.1857542 -5.1057037e-06 -0.98259624] }
}
}
DEF SHAPE_423 Shape {
 appearance USE APP_1
 geometry DEF FACE_423 IndexedFaceSet {
  coord DEF COORD_423 Coordinate { point [
  30.816929 0.1771644 1.0629921,30.816929 0.17716371 1.417323,
  30.856298 0.13779529 1.4173228,30.85531 0.14655573 1.4173228,
  30.852399 0.15487696 1.4173228,30.847709 0.16234163 1.4173228,
  30.841475 0.16857532 1.4173228,30.834011 0.17326539 1.4173228,
  30.82569 0.17617658 1.4173228,30.856297 0.13779528 1.0629921,
  30.82569 0.17617658 1.0629921,30.834011 0.17326539 1.0629921,
  30.841475 0.16857532 1.0629921,30.847709 0.16234162 1.0629921,
  30.852399 0.15487695 1.0629921,30.85531 0.14655571 1.0629921] }
 coordIndex [
  10,1,0,-1,10,8,1,-1,11,6,7,-1,11,7,8,-1,11,8,10,-1,12,5,6,-1,12,6,11,-1,13,4,5,-1,
  13,5,12,-1,14,3,4,-1,14,4,13,-1,15,2,3,-1,15,3,14,-1,9,2,15,-1]
  normalPerVertex TRUE
  normal DEF NORM_423 Normal { vector [
  -0.11204862 -0.99370273 -1.9218618e-06,-0.11201026 -0.99370705 -9.6143558e-07,
  -0.99371229 -0.11196374 2.1109694e-06,-0.96589246 -0.25894354 0,
  -0.88406768 -0.46735889 0,-0.75788657 -0.65238634 0,
  -0.59369227 -0.80469217 0,-0.43384544 -0.90098731 0,
  -0.25891963 -0.96589887 0,-0.99372181 -0.1118792 4.2276999e-06,
  -0.18578506 -0.98259041 -6.4422189e-07,-0.43384545 -0.9009873 0,
  -0.65238659 -0.75788637 0,-0.80469238 -0.59369199 0,
  -0.91663734 -0.39971989 0,-0.98259622 -0.18575433 1.4171408e-06] }
}
}
DEF SHAPE_424 Shape {
 appearance USE APP_1
 geometry DEF FACE_424 IndexedFaceSet {
  coord DEF COORD_424 Coordinate { point [
  30.856299 0.03937008 1.4173226,30.856299 0.017468427 1.4148548,
  30.856299 -0.0033350172 1.4075756,30.856299 -0.021997043 1.3958495,
  30.856299 -0.037581824 1.3802648,30.856299 -0.049307849 1.3616027,
  30.856299 -0.056587105 1.3407993,30.856299 -0.059054565 1.3188976,
  30.856299 -0.059054565 1.1614173,30.856299 -0.056587105 1.1395157,
  30.856299 -0.04930785 1.1187122,30.856299 -0.037581825 1.1000502,
  30.856299 -0.021997044 1.0844654,30.856299 -0.0033350185 1.0727394,
  30.856299 0.017468426 1.0654601,30.856299 0.03937008 1.0629925,
  30.856297 0.13779528 1.0629921,30.856298 0.13779529 1.4173228] }
 coordIndex [
  8,10,9,-1,8,11,10,-1,8,12,11,-1,8,13,12,-1,8,14,13,-1,8,15,14,-1,8,16,15,-1,17,16,8,-1,
  7,17,8,-1,0,17,7,-1,1,0,7,-1,6,1,7,-1,4,2,1,-1,4,3,2,-1,4,6,5,-1,4,1,6,-1]
  normalPerVertex TRUE
  normal DEF NORM_424 Normal { vector [
  -1 -8.1303715e-06 8.1303838e-06,-1 0 0,
  -1 0 0,-1 0 0,
  -1 0 0,-1 0 0,
  -1 0 0,-1 -5.5681389e-06 2.1415924e-06,
  -1 -9.6509641e-06 6.0744318e-07,-1 0 0,
  -1 0 0,-1 0 0,
  -1 0 0,-1 0 0,
  -1 -3.9186103e-06 -3.1249747e-06,-1 -2.0877576e-05 -1.9486772e-05,
  -1 -1.200852e-05 1.0176681e-06,-1 -8.7841071e-06 3.5380404e-06] }
}
}
DEF SHAPE_425 Shape {
 appearance USE APP_1
 geometry DEF FACE_425 IndexedFaceSet {
  coord DEF COORD_425 Coordinate { point [
  30.856299 0.03937008 1.4173226,30.954724 0.03937008 1.4173225,
  30.856299 0.017468427 1.4148548,30.856299 -0.0033350172 1.4075756,
  30.856299 -0.021997043 1.3958495,30.856299 -0.037581824 1.3802648,
  30.856299 -0.049307849 1.3616027,30.856299 -0.056587105 1.3407993,
  30.856299 -0.059054565 1.3188976,30.954724 -0.059054872 1.3188976,
  30.954724 -0.056587105 1.3407993,30.954724 -0.04930785 1.3616027,
  30.954724 -0.037581825 1.3802648,30.954724 -0.021997044 1.3958495,
  30.954724 -0.0033350185 1.4075756,30.954724 0.017468426 1.4148548] }
 coordIndex [
  8,9,10,-1,7,10,11,-1,7,8,10,-1,6,11,12,-1,6,7,11,-1,5,12,13,-1,5,6,12,-1,4,13,14,-1,
  4,5,13,-1,3,14,15,-1,3,4,14,-1,2,15,1,-1,2,3,15,-1,0,2,1,-1]
  normalPerVertex TRUE
  normal DEF NORM_425 Normal { vector [
  1.5501539e-06 -0.11196781 0.99371183,7.7571655e-07 -0.11196437 0.99371222,
  5.1962112e-07 -0.18577126 0.98259302,0 -0.39975756 0.91662091,
  0 -0.59370533 0.80468254,0 -0.75788119 0.6523926,
  0 -0.88405238 0.46738783,0 -0.96589195 0.25894546,
  -1.5490154e-06 -0.99371276 0.11195956,-3.0953268e-06 -0.99371199 0.11196642,
  -1.0375737e-06 -0.98259362 0.18576809,0 -0.91662091 0.39975757,
  0 -0.80468253 0.59370534,0 -0.65239259 0.75788119,
  0 -0.46738782 0.88405239,0 -0.25894806 0.96589125] }
}
}
DEF SHAPE_426 Shape {
 appearance USE APP_1
 geometry DEF FACE_426 IndexedFaceSet {
  coord DEF COORD_426 Coordinate { point [
  30.856299 -0.059054565 1.3188976,30.954724 -0.059054872 1.3188976,
  30.954724 -0.059054565 1.1614173,30.856299 -0.059054565 1.1614173] }
 coordIndex [
  3,1,0,-1,2,1,3,-1]
  normalPerVertex TRUE
  normal DEF NORM_426 Normal { vector [
  -3.1199252e-06 -1 0,-1.5599628e-06 -1 -9.7497602e-07,
  0 -1 -1.9499526e-06,-1.5599628e-06 -1 -9.7497602e-07] }
}
}
DEF SHAPE_427 Shape {
 appearance USE APP_1
 geometry DEF FACE_427 IndexedFaceSet {
  coord DEF COORD_427 Coordinate { point [
  30.954724 0.13779527 1.0629921,30.954724 0.03937008 1.0629923,
  30.954723 0.13779528 1.4173228,30.954724 0.03937008 1.4173225,
  30.954724 -0.059054872 1.3188976,30.954724 -0.056587105 1.3407993,
  30.954724 -0.04930785 1.3616027,30.954724 -0.037581825 1.3802648,
  30.954724 -0.021997044 1.3958495,30.954724 -0.0033350185 1.4075756,
  30.954724 0.017468426 1.4148548,30.954724 -0.059054565 1.1614173,
  30.954724 0.017468427 1.0654601,30.954724 -0.0033350172 1.0727394,
  30.954724 -0.021997043 1.0844654,30.954724 -0.037581824 1.1000502,
  30.954724 -0.049307849 1.1187122,30.954724 -0.056587105 1.1395157] }
 coordIndex [
  11,1,0,-1,11,12,1,-1,11,13,12,-1,11,14,13,-1,11,15,14,-1,11,16,15,-1,11,17,16,-1,2,11,0,-1,
  4,2,3,-1,4,11,2,-1,5,4,3,-1,8,6,5,-1,8,7,6,-1,8,10,9,-1,8,3,10,-1,8,5,3,-1]
  normalPerVertex TRUE
  normal DEF NORM_427 Normal { vector [
  1 4.0344049e-06 2.708267e-06,1 4.4766284e-06 4.4766131e-06,
  1 5.5083013e-06 4.0304905e-07,1 9.1618923e-06 -8.5515477e-06,
  1 8.014521e-06 -2.7906434e-06,1 1.1916926e-06 -5.7388491e-07,
  1 0 0,1 0 0,
  1 1.5996416e-06 -1.5996416e-06,1 0 0,
  1 3.3551537e-06 -6.9671541e-06,1 4.6110062e-06 1.8572056e-06,
  1 0 0,1 0 0,
  1 0 0,1 0 0,
  1 0 0,1 0 0] }
}
}
DEF SHAPE_428 Shape {
 appearance USE APP_1
 geometry DEF FACE_428 IndexedFaceSet {
  coord DEF COORD_428 Coordinate { point [
  30.954724 0.03937008 1.0629923,30.856299 0.03937008 1.0629925,
  30.954724 0.017468427 1.0654601,30.954724 -0.0033350172 1.0727394,
  30.954724 -0.021997043 1.0844654,30.954724 -0.037581824 1.1000502,
  30.954724 -0.049307849 1.1187122,30.954724 -0.056587105 1.1395157,
  30.954724 -0.059054565 1.1614173,30.856299 -0.059054565 1.1614173,
  30.856299 -0.056587105 1.1395157,30.856299 -0.04930785 1.1187122,
  30.856299 -0.037581825 1.1000502,30.856299 -0.021997044 1.0844654,
  30.856299 -0.0033350185 1.0727394,30.856299 0.017468426 1.0654601] }
 coordIndex [
  8,9,10,-1,7,10,11,-1,7,8,10,-1,6,11,12,-1,6,7,11,-1,5,12,13,-1,5,6,12,-1,4,13,14,-1,
  4,5,13,-1,3,14,15,-1,3,4,14,-1,2,15,1,-1,2,3,15,-1,0,2,1,-1]
  normalPerVertex TRUE
  normal DEF NORM_428 Normal { vector [
  -1.5501466e-06 -0.11196781 -0.99371183,-7.7571376e-07 -0.11196437 -0.99371222,
  -5.1961941e-07 -0.18577121 -0.98259303,0 -0.39975756 -0.91662091,
  0 -0.59370533 -0.80468254,0 -0.75788119 -0.6523926,
  0 -0.88405238 -0.46738783,0 -0.96589195 -0.25894546,
  0 -0.99371354 -0.11195268,0 -0.99371354 -0.11195267,
  0 -0.98259447 -0.18576358,0 -0.91662091 -0.39975757,
  0 -0.80468253 -0.59370534,0 -0.65239259 -0.75788119,
  0 -0.46738782 -0.88405239,0 -0.25894806 -0.96589125] }
}
}
DEF SHAPE_429 Shape {
 appearance USE APP_1
 geometry DEF FACE_429 IndexedFaceSet {
  coord DEF COORD_429 Coordinate { point [
  30.590551 0.17894859 1.515748,30.622726 0.18738279 1.515748,
  30.652411 0.20238691 1.515748,30.678283 0.22329154 1.515748,
  30.678284 0.22329084 2.0866142,30.65442 0.20370676 2.0866142,
  30.627194 0.18915406 2.0866142,30.597652 0.18019272 2.0866142,
  30.566929 0.17716714 2.0866142,30.56693 0.17716535 1.5078733,
  30.5806 0.17776252 1.5144659,30.573407 0.17729987 1.5118208] }
 coordIndex [
  3,4,5,-1,2,5,6,-1,2,3,5,-1,1,6,7,-1,1,2,6,-1,0,1,7,-1,10,7,8,-1,10,0,7,-1,
  11,10,8,-1,9,11,8,-1]
  normalPerVertex TRUE
  normal DEF NORM_429 Normal { vector [
  0.22265896 -0.97489619 -0.00064488497,0.33410367 -0.94253625 -0.00039787398,
  0.52048554 -0.85387044 -0.00028154101,0.63132577 -0.77551772 -0.00021484268,
  0.63437705 -0.77302377 -1.7316848e-06,0.58171735 -0.81339101 -2.1424389e-05,
  0.40697116 -0.913441 8.405621e-05,0.20641501 -0.97846448 0.00032557771,
  0.081180004 -0.99669897 0.00098291083,0.020761003 -0.99978447 3.107653e-06,
  0.097084431 -0.99527559 0.0010559762,0.043514765 -0.99905275 0.00025971433] }
}
}
DEF SHAPE_430 Shape {
 appearance USE APP_1
 geometry DEF FACE_430 IndexedFaceSet {
  coord DEF COORD_430 Coordinate { point [
  30.678283 0.22329154 1.515748,30.678284 0.22329084 2.0866142,
  30.938126 0.48313335 1.515748,30.938126 0.48313406 2.0866142] }
 coordIndex [
  2,3,1,-1,0,2,1,-1]
  normalPerVertex TRUE
  normal DEF NORM_430 Normal { vector [
  0.70710487 -0.70710869 -1.7406367e-06,0.70710678 -0.70710678 0,
  0.70710678 -0.70710678 0,0.70710869 -0.70710487 1.740634e-06] }
}
}
DEF SHAPE_431 Shape {
 appearance USE APP_1
 geometry DEF FACE_431 IndexedFaceSet {
  coord DEF COORD_431 Coordinate { point [
  30.984251 0.59448819 2.0866142,30.984251 0.59448819 1.515748,
  30.981225 0.56376557 2.0866142,30.972263 0.53422359 2.0866142,
  30.957711 0.50699764 2.0866142,30.938126 0.48313406 2.0866142,
  30.938126 0.48313335 1.515748,30.957711 0.50699763 1.515748,
  30.972263 0.53422359 1.515748,30.981225 0.56376556 1.515748] }
 coordIndex [
  1,0,2,-1,9,2,3,-1,9,1,2,-1,8,3,4,-1,8,9,3,-1,7,4,5,-1,7,8,4,-1,6,7,5,-1]
  normalPerVertex TRUE
  normal DEF NORM_431 Normal { vector [
  0.99518218 -0.098043016 -9.6320171e-07,0.99518305 -0.098034159 -4.8191759e-07,
  0.98665696 -0.16281291 -3.2244726e-07,0.93593939 -0.35216114 0,
  0.84924846 -0.52799342 0,0.77301362 -0.63438942 8.6623019e-07,
  0.77302377 -0.63437705 1.7316818e-06,0.81279326 -0.58255224 5.7970886e-07,
  0.91082462 -0.41279355 0,0.97385564 -0.22716775 0] }
}
}
DEF SHAPE_432 Shape {
 appearance USE APP_1
 geometry DEF FACE_432 IndexedFaceSet {
  coord DEF COORD_432 Coordinate { point [
  30.608687 0.29288772 1.515748,30.603172 0.28802084 1.515748,
  30.597096 0.28387693 1.515748,30.590551 0.2805207 1.515748,
  30.608687 0.29288813 2.0866142,30.566929 0.27559094 2.0866142,
  30.57845 0.27672551 2.0866142,30.589529 0.28008581 2.0866142,
  30.599738 0.28554329 2.0866142,30.56693 0.27559055 1.5078733,
  30.572485 0.27585203 1.5113587,30.578422 0.27672213 1.5138276,
  30.584487 0.27826004 1.515278] }
 coordIndex [
  1,4,0,-1,1,8,4,-1,2,7,8,-1,2,8,1,-1,3,7,2,-1,12,6,7,-1,12,7,3,-1,11,6,12,-1,
  10,5,6,-1,10,6,11,-1,9,5,10,-1]
  normalPerVertex TRUE
  normal DEF NORM_432 Normal { vector [
  -0.66170128 0.74976757 -1.0125029e-06,-0.62292699 0.78227997 -0.00014903412,
  -0.49359254 0.86969327 -0.00015708281,-0.40691859 0.91346443 -3.3027186e-05,
  -0.64513428 0.76406916 -0.00028297679,-0.081415262 0.99668021 -0.00033388845,
  -0.19542395 0.9807188 -0.00032397807,-0.39176967 0.92006328 -0.00029172864,
  -0.55750162 0.8301758 -0.00027787384,-0.047018861 0.998894 -7.1395004e-07,
  -0.097871495 0.99519903 -0.00024741466,-0.19670885 0.98046195 4.0560864e-06,
  -0.29472234 0.95558291 -0.00021147207] }
}
}
DEF SHAPE_433 Shape {
 appearance USE APP_1
 geometry DEF FACE_433 IndexedFaceSet {
  coord DEF COORD_433 Coordinate { point [
  30.868529 0.55273065 1.515748,30.608687 0.29288772 1.515748,
  30.86853 0.55273024 2.0866142,30.608687 0.29288813 2.0866142] }
 coordIndex [
  0,3,2,-1,1,3,0,-1]
  normalPerVertex TRUE
  normal DEF NORM_433 Normal { vector [
  -0.70710678 0.70710678 0,-0.7071079 0.70710567 -1.0139962e-06,
  -0.70710567 0.7071079 1.013996e-06,-0.70710678 0.70710678 0] }
}
}
DEF SHAPE_434 Shape {
 appearance USE APP_1
 geometry DEF FACE_434 IndexedFaceSet {
  coord DEF COORD_434 Coordinate { point [
  30.86853 0.55273024 2.0866142,30.875874 0.56167909 2.0866142,
  30.881332 0.57188875 2.0866142,30.884692 0.58296709 2.0866142,
  30.885826 0.59448819 2.0866142,30.868529 0.55273065 1.515748,
  30.885826 0.59448818 1.515748,30.884692 0.58296709 1.515748,
  30.881332 0.57188875 1.515748,30.875874 0.56167909 1.515748] }
 coordIndex [
  6,3,4,-1,7,2,3,-1,7,3,6,-1,8,1,2,-1,8,2,7,-1,9,0,1,-1,9,1,8,-1,5,0,9,-1]
  normalPerVertex TRUE
  normal DEF NORM_434 Normal { vector [
  -0.77298127 0.63442885 5.0455508e-07,-0.84923954 0.52800778 0,
  -0.93594174 0.35215487 0,-0.98666301 0.16277624 -1.6895646e-07,
  -0.99518874 0.097976344 -5.0470021e-07,-0.77296547 0.63444809 1.0094141e-06,
  -0.99518752 0.097988728 -2.5234976e-07,-0.97386053 0.22714678 0,
  -0.91082184 0.41279967 0,-0.81276953 0.58258535 3.3791719e-07] }
}
}
DEF SHAPE_435 Shape {
 appearance USE APP_1
 geometry DEF FACE_435 IndexedFaceSet {
  coord DEF COORD_435 Coordinate { point [
  30.983461 0.57874073 0.70866041,30.984098 0.58753435 0.70658593,
  30.984252 0.59448761 0.70078712,30.984251 0.59448817 0.96456693,
  30.981225 0.56376557 0.96456693,30.972263 0.53422359 0.96456693,
  30.957711 0.50699764 0.96456693,30.938126 0.48313406 0.96456693,
  30.938126 0.48313335 0.70866142,30.960448 0.51123998 0.70866142,
  30.975826 0.54367046 0.70866142] }
 coordIndex [
  1,2,3,-1,0,3,4,-1,0,1,3,-1,10,4,5,-1,10,0,4,-1,9,5,6,-1,9,10,5,-1,8,6,7,-1,
  8,9,6,-1]
  normalPerVertex TRUE
  normal DEF NORM_435 Normal { vector [
  0.98874472 -0.14961165 -0.00048714912,0.99876044 -0.04976978 0.00074907916,
  0.99975574 -0.022101021 2.6830215e-06,0.99666999 -0.081511262 0.0022033187,
  0.97946582 -0.20161003 0.00032475696,0.91665554 -0.39967813 0.00014645615,
  0.81426702 -0.58049047 -0.00019838547,0.77300347 -0.63440179 3.862995e-06,
  0.77845115 -0.62770433 -0.0010376078,0.85923939 -0.511572 -0.0013276634,
  0.94977073 -0.31294185 -0.0017225561] }
}
}
DEF SHAPE_436 Shape {
 appearance USE APP_1
 geometry DEF FACE_436 IndexedFaceSet {
  coord DEF COORD_436 Coordinate { point [
  30.885827 0.57874223 0.70865916,30.885827 0.58383829 0.70798838,
  30.885827 0.58858681 0.70602082,30.885827 0.59266384 0.70289072,
  30.885827 0.59579124 0.69881161,30.885827 0.59775564 0.69406178,
  30.885827 0.59842304 0.68896528,30.983461 0.57874073 0.70866041,
  30.984098 0.58753435 0.70658593,30.984252 0.59448761 0.70078712,
  30.984252 0.5984244 0.68897592,30.984252 0.59797272 0.69316608,
  30.984252 0.59664054 0.69716426] }
 coordIndex [
  11,5,6,-1,11,6,10,-1,12,4,5,-1,12,5,11,-1,9,3,4,-1,9,4,12,-1,8,1,2,-1,8,2,3,-1,
  8,3,9,-1,7,0,1,-1,7,1,8,-1]
  normalPerVertex TRUE
  normal DEF NORM_436 Normal { vector [
  1.0750706e-05 -0.13050147 -0.99144812,-0.0021487414 -0.24518991 -0.96947269,
  -0.00037712506 -0.5001637 -0.86593079,-0.0022108005 -0.67658232 -0.73636368,
  0.00083844918 -0.86434647 -0.5028961,0.00069221694 -0.96136939 -0.27526063,
  0.00056373932 -0.99281734 -0.11963867,-0.0033629622 -0.19374746 -0.98104567,
  -0.0033323461 -0.46696059 -0.88427185,-0.0020416789 -0.74102236 -0.67147725,
  2.5296128e-05 -0.99424013 -0.1071754,0.00014565236 -0.98339972 -0.18145236,
  2.1948864e-06 -0.91514244 -0.40313065] }
}
}
DEF SHAPE_437 Shape {
 appearance USE APP_1
 geometry DEF FACE_437 IndexedFaceSet {
  coord DEF COORD_437 Coordinate { point [
  30.885827 0.57874223 0.70865916,30.885827 0.43083251 0.70866142,
  30.885827 0.37401552 0.70866142,30.885827 0.37401473 0.47244097,
  30.885827 0.49999777 0.47244116,30.885827 0.59842497 0.57086708,
  30.885827 0.5959574 0.54896495,30.885827 0.58867804 0.52816105,
  30.885827 0.57695173 0.50949866,30.885827 0.5613665 0.49391366,
  30.885827 0.54270395 0.48218761,30.885827 0.52189994 0.47490854,
  30.885827 0.59842304 0.68896528,30.885827 0.58383829 0.70798838,
  30.885827 0.58858681 0.70602082,30.885827 0.59266384 0.70289072,
  30.885827 0.59579124 0.69881161,30.885827 0.59775564 0.69406178] }
 coordIndex [
  1,2,3,-1,1,3,4,-1,6,8,7,-1,6,9,8,-1,6,10,9,-1,6,11,10,-1,6,4,11,-1,5,1,4,-1,
  5,4,6,-1,0,5,12,-1,0,1,5,-1,16,12,17,-1,14,13,0,-1,15,0,12,-1,15,14,0,-1,15,12,16,-1]
  normalPerVertex TRUE
  normal DEF NORM_437 Normal { vector [
  1 0 0,1 -1.1044932e-06 -2.3745612e-07,
  1 -3.7833174e-06 -7.3737299e-08,1 -2.3211324e-06 -4.2543465e-07,
  1 -8.6806213e-07 -3.0835013e-07,1 -6.7269878e-08 -6.9556523e-08,
  1 -4.0907997e-07 3.2623314e-07,1 0 0,
  1 0 0,1 0 0,
  1 0 0,1 -6.9877991e-07 6.9878984e-07,
  1 0 0,0 0 1,
  1 0 0,1 0 0,
  1 0 0,0 0 1] }
}
}
DEF SHAPE_438 Shape {
 appearance USE APP_1
 geometry DEF FACE_438 IndexedFaceSet {
  coord DEF COORD_438 Coordinate { point [
  30.885827 0.37401552 0.70866142,30.885827 0.43083251 0.70866142,
  30.730585 0.27559055 0.70866132,30.787402 0.2755911 0.70866142,
  30.883359 0.35211391 0.70866142,30.876079 0.33131051 0.70866142,
  30.864353 0.31264852 0.70866142,30.848769 0.29706378 0.70866142,
  30.830107 0.28533779 0.70866142,30.809303 0.27805856 0.70866142] }
 coordIndex [
  0,5,4,-1,0,6,5,-1,0,7,6,-1,0,8,7,-1,0,9,8,-1,0,3,9,-1,1,2,3,-1,1,3,0,-1]
  normalPerVertex TRUE
  normal DEF NORM_438 Normal { vector [
  0 0 1,-1.0158095e-06 6.4403729e-07 1,
  -1.6598495e-06 1.0523675e-06 1,-8.9678922e-07 5.6857676e-07 1,
  0 0 1,0 0 1,
  0 0 1,0 0 1,
  0 0 1,0 0 1] }
}
}
DEF SHAPE_439 Shape {
 appearance USE APP_1
 geometry DEF FACE_439 IndexedFaceSet {
  coord DEF COORD_439 Coordinate { point [
  30.885827 0.43083251 0.70866142,30.938126 0.48313335 0.70866142,
  30.938126 0.48313406 0.96456693,30.678284 0.22329084 0.96456693,
  30.678283 0.22329154 0.70866142,30.730585 0.27559055 0.70866132] }
 coordIndex [
  0,1,2,-1,3,0,2,-1,5,0,3,-1,4,5,3,-1]
  normalPerVertex TRUE
  normal DEF NORM_439 Normal { vector [
  0.70710869 -0.70710487 4.9174882e-06,0.70711438 -0.70709918 3.8829527e-06,
  0.70710965 -0.70710392 5.8182399e-06,0.70710593 -0.70710763 4.0484836e-06,
  0.70708968 -0.70712388 -3.8829627e-06,0.70710247 -0.70711109 1.3450638e-06] }
}
}
DEF SHAPE_440 Shape {
 appearance USE APP_1
 geometry DEF FACE_440 IndexedFaceSet {
  coord DEF COORD_440 Coordinate { point [
  30.566929 0.17716605 0.70866142,30.597652 0.18019273 0.70866142,
  30.627194 0.18915407 0.70866142,30.65442 0.20370677 0.70866142,
  30.678283 0.22329154 0.70866142,30.730585 0.27559055 0.70866132,
  30.472442 0.27559055 0.70865991,30.472441 0.17716535 0.70865915] }
 coordIndex [
  6,2,1,-1,6,3,2,-1,6,4,3,-1,6,5,4,-1,0,6,1,-1,7,6,0,-1]
  normalPerVertex TRUE
  normal DEF NORM_440 Normal { vector [
  1.8028939e-05 1.9754699e-06 -1,2.4952424e-06 -1.2543747e-05 -1,
  4.1523367e-06 -1.0024622e-05 -1,5.2116532e-06 -7.7996645e-06 -1,
  5.5136179e-06 -7.1539367e-06 -1,5.4805603e-06 -7.2840466e-06 -1,
  9.1741029e-06 -4.8855641e-06 -1,2.3954232e-05 7.6637543e-06 -1] }
}
}
DEF SHAPE_441 Shape {
 appearance USE APP_1
 geometry DEF FACE_441 IndexedFaceSet {
  coord DEF COORD_441 Coordinate { point [
  30.452758 0.17716535 0.68897638,30.452758 0.27559055 0.68897277,
  30.472441 0.17716535 0.70865915,30.467346 0.17716535 0.70798926,
  30.462599 0.17716535 0.70602329,30.458522 0.17716535 0.7028953,
  30.455394 0.17716535 0.69881855,30.453428 0.17716535 0.69407102,
  30.472442 0.27559055 0.70865991,30.453427 0.27559055 0.69406824,
  30.455393 0.27559055 0.6988167,30.458521 0.27559055 0.7028943,
  30.462598 0.27559055 0.70602295,30.467346 0.27559055 0.70798927] }
 coordIndex [
  2,13,8,-1,3,13,2,-1,4,12,13,-1,4,13,3,-1,5,11,12,-1,5,12,4,-1,6,10,11,-1,6,11,5,-1,
  7,9,10,-1,7,10,6,-1,0,1,9,-1,0,9,7,-1]
  normalPerVertex TRUE
  normal DEF NORM_441 Normal { vector [
  0.99147695 -4.8457677e-07 -0.1302822,0.99148767 -4.7778553e-06 -0.13020062,
  0.13043034 3.3150823e-06 -0.99145748,0.25869669 0 -0.9659586,
  0.4614873 -2.1854708e-08 -0.88714681,0.67542976 3.0349269e-07 -0.73742433,
  0.84331588 6.2874761e-07 -0.53741821,0.95369781 9.539101e-07 -0.30076651,
  0.13049205 6.5648318e-06 -0.99144936,0.97639511 -1.6052548e-06 -0.21599209,
  0.88718121 -1.280007e-06 -0.46142118,0.73746638 -9.5467595e-07 -0.67538385,
  0.53746036 -6.2925238e-07 -0.84328902,0.25873004 1.4274819e-06 -0.96594967] }
}
}
DEF SHAPE_442 Shape {
 appearance USE APP_1
 geometry DEF FACE_442 IndexedFaceSet {
  coord DEF COORD_442 Coordinate { point [
  30.452758 0.17716535 0.68897638,30.452758 0.27559055 0.68897277,
  30.452755 0.17716535 0.61023606,30.452755 0.23622046 0.61023608,
  30.452756 0.27559055 0.6496063] }
 coordIndex [
  0,2,3,-1,0,3,4,-1,0,4,1,-1]
  normalPerVertex TRUE
  normal DEF NORM_442 Normal { vector [
  1 4.9657519e-06 -4.223512e-05,1 -1.2666254e-08 -5.7522465e-05,
  1 4.2576782e-06 -3.8322922e-05,1 6.8803484e-06 -3.6355923e-05,
  1 5.3198022e-06 -4.4191294e-05] }
}
}
DEF SHAPE_443 Shape {
 appearance USE APP_1
 geometry DEF FACE_443 IndexedFaceSet {
  coord DEF COORD_443 Coordinate { point [
  30.452756 0.27559055 0.6496063,30.23622 0.27559055 0.6496063,
  30.236221 0.23622046 0.61023614,30.255905 0.21653556 0.59055206,
  30.249 0.21778725 0.59180302,30.242982 0.22137253 0.59538828,
  30.238199 0.22762242 0.60163816,30.236718 0.23183078 0.60584653,
  30.433071 0.21653556 0.59055206,30.452755 0.23622046 0.61023608,
  30.45136 0.22894241 0.60295817,30.448055 0.22345581 0.59747156,
  30.44316 0.21931842 0.59333417] }
 coordIndex [
  3,4,5,-1,3,5,6,-1,7,3,6,-1,2,3,7,-1,1,3,2,-1,11,12,8,-1,10,11,8,-1,9,10,8,-1,
  0,8,3,-1,0,3,1,-1,0,9,8,-1]
  normalPerVertex TRUE
  normal DEF NORM_443 Normal { vector [
  -1.0959615e-06 0.70710245 -0.70711111,1.7450532e-06 0.70710256 -0.70711101,
  2.9688482e-05 0.70710693 -0.70710663,1.3494402e-06 0.70710259 -0.70711098,
  0.00010569579 0.70719294 -0.70702061,6.8647845e-05 0.70714345 -0.70707011,
  4.8381241e-05 0.70712131 -0.70709225,2.8917072e-05 0.70710754 -0.70710602,
  -2.9880888e-06 0.70710288 -0.70711068,-3.2554116e-05 0.70710722 -0.70710634,
  -3.2084504e-05 0.70710913 -0.70710443,-5.9326249e-05 0.70713251 -0.70708104,
  -7.952371e-05 0.70715438 -0.70705917] }
}
}
DEF SHAPE_444 Shape {
 appearance USE APP_1
 geometry DEF FACE_444 IndexedFaceSet {
  coord DEF COORD_444 Coordinate { point [
  30.236221 0.23622046 0.61023614,30.236223 0.17716535 0.61023622,
  30.23622 0.27559055 0.6496063,30.236219 0.27559055 0.68896778,
  30.23622 0.17716535 0.68897583] }
 coordIndex [
  2,4,3,-1,0,1,4,-1,0,4,2,-1]
  normalPerVertex TRUE
  normal DEF NORM_444 Normal { vector [
  -1 -1.2279053e-05 -2.9966467e-05,-1 -2.3413991e-05 -3.8317719e-05,
  -1 -4.8050114e-06 -2.7983721e-05,-1 -7.7038406e-06 -3.5230896e-05,
  -1 -1.1008357e-05 -3.1428583e-05] }
}
}
DEF SHAPE_445 Shape {
 appearance USE APP_1
 geometry DEF FACE_445 IndexedFaceSet {
  coord DEF COORD_445 Coordinate { point [
  30.23622 0.17716535 0.68897583,30.235548 0.17716535 0.69407059,
  30.233583 0.17716535 0.69881826,30.230455 0.17716535 0.70289514,
  30.226378 0.17716535 0.70602323,30.22163 0.17716535 0.70798925,
  30.216535 0.17716535 0.70865915,30.236219 0.27559055 0.68896778,
  30.216535 0.27559055 0.70866054,30.221631 0.27559055 0.70798894,
  30.22638 0.27559055 0.70602194,30.230457 0.27559055 0.70289234,
  30.233585 0.27559055 0.69881366,30.23555 0.27559055 0.69406413] }
 coordIndex [
  8,5,6,-1,9,4,5,-1,9,5,8,-1,10,3,4,-1,10,4,9,-1,11,2,3,-1,11,3,10,-1,12,1,2,-1,
  12,2,11,-1,13,0,1,-1,13,1,12,-1,7,0,13,-1]
  normalPerVertex TRUE
  normal DEF NORM_445 Normal { vector [
  -0.99146547 -4.7222289e-06 -0.13036958,-0.95369282 2.3581245e-06 -0.30078233,
  -0.84334876 1.7577878e-06 -0.53736661,-0.67546286 1.1505903e-06 -0.73739401,
  -0.46151268 5.4307002e-07 -0.88713361,-0.21617507 4.615902e-06 -0.97635462,
  -0.13036651 1.3741514e-05 -0.99146587,-0.99149932 -1.8273902e-05 -0.13011189,
  -0.13051235 6.0616507e-06 -0.99144668,-0.30092375 -1.1512034e-06 -0.9536482,
  -0.53751764 -1.7604268e-06 -0.84325251,-0.73753046 -2.3682129e-06 -0.67531387,
  -0.88723743 -2.9756759e-06 -0.46131307,-0.97639606 -6.1464348e-06 -0.21598782] }
}
}
DEF SHAPE_446 Shape {
 appearance USE APP_1
 geometry DEF FACE_446 IndexedFaceSet {
  coord DEF COORD_446 Coordinate { point [
  30.236221 0.23622046 0.61023614,30.236223 0.17716535 0.61023622,
  30.255905 0.21653556 0.59055206,30.249 0.21778725 0.59180302,
  30.242982 0.22137253 0.59538828,30.238199 0.22762242 0.60163816,
  30.236718 0.23183078 0.60584653,30.255905 0.17716535 0.59055219,
  30.250811 0.17716535 0.59122336,30.246063 0.17716535 0.59318933,
  30.241987 0.17716535 0.59631732,30.238859 0.17716535 0.60039406,
  30.236893 0.17716535 0.60514159] }
 coordIndex [
  2,7,8,-1,3,8,9,-1,3,2,8,-1,4,9,10,-1,4,10,11,-1,4,3,9,-1,5,11,12,-1,5,4,11,-1,
  6,12,1,-1,6,5,12,-1,0,6,1,-1]
  normalPerVertex TRUE
  normal DEF NORM_446 Normal { vector [
  -0.99366569 -2.3416908e-05 -0.11237658,-0.99256572 -0.00078264985 -0.12170734,
  -0.15779309 0.0035817811 -0.9874657,-0.36042633 0.0040011319 -0.9327791,
  -0.69178576 0.0039981284 -0.72209174,-0.88059133 0.0016454438 -0.47387361,
  -0.98222962 -0.00014836715 -0.18768312,-0.13061217 -3.1653497e-06 -0.99143354,
  -0.22674913 0.0013462464 -0.97395227,-0.50630987 0.00096520522 -0.86235108,
  -0.70710925 0.0010600829 -0.70710352,-0.83742577 0.0026363435 -0.54654472,
  -0.96045281 -0.0010273995 -0.27844091] }
}
}
DEF SHAPE_447 Shape {
 appearance USE APP_1
 geometry DEF FACE_447 IndexedFaceSet {
  coord DEF COORD_447 Coordinate { point [
  30.433071 0.21653556 0.59055206,30.433071 0.17716535 0.59055344,
  30.255905 0.21653556 0.59055206,30.255905 0.17716535 0.59055219] }
 coordIndex [
  1,3,2,-1,0,1,2,-1]
  normalPerVertex TRUE
  normal DEF NORM_447 Normal { vector [
  0 -3.5120838e-05 -1,3.5476447e-06 -1.9156773e-05 -1,
  3.5476447e-06 -1.9156773e-05 -1,7.0952247e-06 -3.1926998e-06 -1] }
}
}
DEF SHAPE_448 Shape {
 appearance USE APP_1
 geometry DEF FACE_448 IndexedFaceSet {
  coord DEF COORD_448 Coordinate { point [
  30.433071 0.21653556 0.59055206,30.433071 0.17716535 0.59055344,
  30.452755 0.23622046 0.61023608,30.45136 0.22894241 0.60295817,
  30.448055 0.22345581 0.59747156,30.44316 0.21931842 0.59333417,
  30.452755 0.17716535 0.61023606,30.452084 0.17716535 0.60514144,
  30.450118 0.17716535 0.60039393,30.44699 0.17716535 0.59631721,
  30.442913 0.17716535 0.59318925,30.438165 0.17716535 0.59122331] }
 coordIndex [
  3,2,6,-1,3,6,7,-1,3,7,8,-1,4,8,9,-1,4,3,8,-1,5,9,10,-1,5,10,11,-1,5,4,9,-1,
  0,11,1,-1,0,5,11,-1]
  normalPerVertex TRUE
  normal DEF NORM_448 Normal { vector [
  0.21962638 0.011787519 -0.97551284,0.13036368 -3.513723e-05 -0.99146624,
  0.98211137 4.2324231e-06 -0.18830099,0.95328395 0.002388826 -0.30206622,
  0.77209367 0.0025930426 -0.63550345,0.45433551 0.0076774609 -0.89079756,
  0.98602405 0.0031638281 -0.16657301,0.96591761 0.0025958492 -0.25883668,
  0.86384818 8.7507661e-05 -0.50375224,0.68546735 0.00044323335 -0.72810323,
  0.49994111 5.30429e-05 -0.8660594,0.26218862 0.0090282154 -0.96497441] }
}
}
DEF SHAPE_449 Shape {
 appearance USE APP_1
 geometry DEF FACE_449 IndexedFaceSet {
  coord DEF COORD_449 Coordinate { point [
  30.56693 0.17716535 0.97244165,30.575758 0.17741536 0.96745552,
  30.583029 0.17799177 0.96529304,30.590551 0.17894793 0.96456803,
  30.566929 0.17716605 0.70866142,30.597652 0.18019273 0.70866142,
  30.627194 0.18915407 0.70866142,30.65442 0.20370677 0.70866142,
  30.678283 0.22329154 0.70866142,30.678284 0.22329084 0.96456693,
  30.652411 0.20238691 0.96456693,30.622726 0.18738279 0.96456693] }
 coordIndex [
  7,8,9,-1,7,9,10,-1,6,10,11,-1,6,7,10,-1,5,3,2,-1,5,11,3,-1,5,6,11,-1,4,1,0,-1,
  4,2,1,-1,4,5,2,-1]
  normalPerVertex TRUE
  normal DEF NORM_449 Normal { vector [
  0.028304393 -0.99959935 -2.6858343e-06,0.050922373 -0.99870231 -0.00077519178,
  0.09948205 -0.99503626 -0.0024832135,0.23024067 -0.97313231 0.0016549672,
  0.081648625 -0.99665877 -0.0021920001,0.2090557 -0.97790348 -0.00070217713,
  0.40697126 -0.91344094 -0.00018750979,0.5817174 -0.81339096 4.5176357e-05,
  0.63440184 -0.77300343 -3.8630042e-06,0.63132572 -0.77551764 0.00047540637,
  0.52047698 -0.85387547 0.00062796282,0.33410984 -0.94253373 0.0008868806] }
}
}
DEF SHAPE_450 Shape {
 appearance USE APP_1
 geometry DEF FACE_450 IndexedFaceSet {
  coord DEF COORD_450 Coordinate { point [
  30.885827 0.57874223 0.70865916,30.885827 0.43083251 0.70866142,
  30.938126 0.48313335 0.70866142,30.960448 0.51123998 0.70866142,
  30.975826 0.54367046 0.70866142,30.983461 0.57874073 0.70866041] }
 coordIndex [
  0,4,3,-1,0,5,4,-1,2,0,3,-1,1,0,2,-1]
  normalPerVertex TRUE
  normal DEF NORM_450 Normal { vector [
  1.6428065e-05 -1.7088192e-05 -1,1.5295621e-05 -1.5295292e-05 -1,
  1.6041617e-05 -1.488722e-05 -1,1.9392751e-05 -1.2076831e-05 -1,
  1.7064817e-05 -2.0714744e-05 -1,1.2871819e-05 -3.1474578e-05 -1] }
}
}
DEF SHAPE_451 Shape {
 appearance USE APP_1
 geometry DEF FACE_451 IndexedFaceSet {
  coord DEF COORD_451 Coordinate { point [
  30.885827 0.59842304 0.68896528,30.984252 0.5984244 0.68897592,
  30.984252 0.59842476 0.57086614,30.885827 0.59842497 0.57086708] }
 coordIndex [
  2,1,0,-1,2,0,3,-1]
  normalPerVertex TRUE
  normal DEF NORM_451 Normal { vector [
  5.8182487e-06 -1 -9.6741249e-06,1.3790704e-05 -1 -3.0297884e-06,
  5.8182487e-06 -1 -9.6741249e-06,-2.1549877e-06 -1 -1.6319113e-05] }
}
}
DEF SHAPE_452 Shape {
 appearance USE APP_1
 geometry DEF FACE_452 IndexedFaceSet {
  coord DEF COORD_452 Coordinate { point [
  30.885827 0.59842497 0.57086708,30.885827 0.5959574 0.54896495,
  30.885827 0.58867804 0.52816105,30.885827 0.57695173 0.50949866,
  30.885827 0.5613665 0.49391366,30.885827 0.54270395 0.48218761,
  30.885827 0.52189994 0.47490854,30.885827 0.49999777 0.47244116,
  30.984252 0.59842476 0.57086614,30.984252 0.49999988 0.47244116,
  30.984252 0.52190157 0.47490891,30.984252 0.54270506 0.48218814,
  30.984252 0.56136713 0.49391415,30.984252 0.57695195 0.50949894,
  30.984252 0.58867801 0.52816098,30.984252 0.59595729 0.54896445] }
 coordIndex [
  1,8,0,-1,1,15,8,-1,2,13,14,-1,2,14,15,-1,2,15,1,-1,3,12,13,-1,3,13,2,-1,4,11,12,-1,
  4,12,3,-1,5,10,11,-1,5,11,4,-1,6,9,10,-1,6,10,5,-1,7,9,6,-1]
  normalPerVertex TRUE
  normal DEF NORM_452 Normal { vector [
  -1.0729686e-06 -0.99371327 0.11195508,-3.596608e-07 -0.98259437 0.18576411,
  2.4879241e-07 -0.9009713 0.43387869,3.0483346e-07 -0.75787919 0.65239492,
  4.7057215e-07 -0.59370023 0.8046863,6.3630431e-07 -0.39974875 0.91662475,
  8.0220079e-07 -0.18576082 0.98259499,2.392813e-06 -0.11194658 0.99371423,
  -8.2346529e-07 -0.99371339 0.11195397,2.4748472e-07 -0.1119561 0.99371315,
  -4.7043418e-07 -0.25894404 0.96589233,-3.0479949e-07 -0.46738375 0.88405454,
  -1.3907273e-07 -0.65239048 0.75788302,2.6660558e-08 -0.80468195 0.59370612,
  0 -0.90097114 0.43387901,-2.6647397e-08 -0.96589197 0.25894537] }
}
}
DEF SHAPE_453 Shape {
 appearance USE APP_1
 geometry DEF FACE_453 IndexedFaceSet {
  coord DEF COORD_453 Coordinate { point [
  29.527559 0.17716535 0.98429864,29.524399 0.17716535 1.0105,
  29.515103 0.17716535 1.0351997,29.500202 0.17716535 1.0569819,
  29.480551 0.17716535 1.0745982,29.457276 0.17716535 1.0870388,
  29.431711 0.17716535 1.0935908,29.405322 0.17716535 1.0938785,
  29.37962 0.17716535 1.0878855,29.527558 0.27559055 0.98429864,
  29.37962 0.27559055 1.0878862,29.405322 0.27559055 1.0938785,
  29.431711 0.27559055 1.0935908,29.457276 0.27559055 1.0870388,
  29.480551 0.27559055 1.0745982,29.500202 0.27559055 1.0569819,
  29.515103 0.27559055 1.0351997,29.524399 0.27559055 1.0105] }
 coordIndex [
  1,9,0,-1,1,17,9,-1,2,16,17,-1,2,17,1,-1,3,15,16,-1,3,16,2,-1,4,14,15,-1,4,15,3,-1,
  5,13,14,-1,5,14,4,-1,6,12,13,-1,6,13,5,-1,7,11,12,-1,7,12,6,-1,8,10,11,-1,8,11,7,-1]
  normalPerVertex TRUE
  normal DEF NORM_453 Normal { vector [
  -0.99280684 -8.57878e-06 -0.11972713,-0.98010287 -2.8779855e-06 -0.1984902,
  -0.90484033 0 -0.42575107,-0.77771296 0 -0.62861956,
  -0.60600941 0 -0.79545747,-0.39957123 0 -0.91670215,
  -0.17023083 0 -0.98540421,0.068866693 0 -0.99762587,
  0.22707022 3.9017251e-06 -0.97387839,-0.99280875 -4.2918218e-06 -0.11971126,
  0.22705607 7.7985883e-06 -0.97388169,0.1486961 2.6162485e-06 -0.98888294,
  -0.090601521 0 -0.99588722,-0.32471567 0 -0.94581168,
  -0.54021809 0 -0.84152505,-0.72475683 0 -0.68900474,
  -0.8677547 0 -0.49699275,-0.96101547 0 -0.27649462] }
}
}
DEF SHAPE_454 Shape {
 appearance USE APP_1
 geometry DEF FACE_454 IndexedFaceSet {
  coord DEF COORD_454 Coordinate { point [
  29.37962 0.17716535 1.0878855,29.175395 0.17716535 1.0135559,
  29.37962 0.27559055 1.0878862,29.175395 0.27559055 1.0135566] }
 coordIndex [
  1,2,0,-1,1,3,2,-1]
  normalPerVertex TRUE
  normal DEF NORM_454 Normal { vector [
  0.34201145 7.8583536e-06 -0.93969578,0.34201145 7.8564035e-06 -0.93969578,
  0.34201145 7.8564035e-06 -0.93969578,0.34201145 7.8544534e-06 -0.93969578] }
}
}
DEF SHAPE_455 Shape {
 appearance USE APP_1
 geometry DEF FACE_455 IndexedFaceSet {
  coord DEF COORD_455 Coordinate { point [
  29.043308 0.17716535 1.1060447,29.043308 0.27559055 1.1060447,
  29.046129 0.27559055 1.0826507,29.054429 0.27559055 1.0605974,
  29.067733 0.27559055 1.041149,29.085278 0.27559055 1.0254201,
  29.106059 0.27559055 1.0143124,29.128885 0.27559055 1.0084625,
  29.152447 0.27559055 1.0082056,29.175395 0.27559055 1.0135566,
  29.175395 0.17716535 1.0135559,29.152447 0.17716535 1.0082056,
  29.128885 0.17716535 1.0084625,29.106059 0.17716535 1.0143124,
  29.085278 0.17716535 1.0254201,29.067733 0.17716535 1.041149,
  29.054429 0.17716535 1.0605974,29.046129 0.17716535 1.0826506] }
 coordIndex [
  0,1,2,-1,17,2,3,-1,17,0,2,-1,16,3,4,-1,16,17,3,-1,15,4,5,-1,15,16,4,-1,14,5,6,-1,
  14,15,5,-1,13,6,7,-1,13,14,6,-1,12,7,8,-1,12,13,7,-1,11,8,9,-1,11,12,8,-1,10,11,9,-1]
  normalPerVertex TRUE
  normal DEF NORM_455 Normal { vector [
  -0.99280893 -4.1346666e-06 -0.11970978,-0.99280686 -8.265263e-06 -0.11972691,
  -0.9801032 -2.7728081e-06 -0.19848858,-0.90484106 0 -0.42574953,
  -0.77771353 0 -0.62861885,-0.60600952 0 -0.79545739,
  -0.39957063 0 -0.91670241,-0.17022941 0 -0.98540446,
  0.068868914 0 -0.99762572,0.22707121 3.8996567e-06 -0.97387816,
  0.22705536 7.7952436e-06 -0.97388185,0.14869743 2.6151271e-06 -0.98888274,
  -0.090599823 0 -0.99588738,-0.3247148 0 -0.94581198,
  -0.54021798 0 -0.84152512,-0.72475728 0 -0.68900427,
  -0.86775541 0 -0.4969915,-0.96101608 0 -0.27649248] }
}
}
DEF SHAPE_456 Shape {
 appearance USE APP_1
 geometry DEF FACE_456 IndexedFaceSet {
  coord DEF COORD_456 Coordinate { point [
  29.043307 0.17716535 1.3188976,29.043308 0.17716535 1.1060447,
  29.043308 0.27559055 1.1060447,29.043308 0.27559055 1.3188976] }
 coordIndex [
  0,2,1,-1,0,3,2,-1]
  normalPerVertex TRUE
  normal DEF NORM_456 Normal { vector [
  -1 -2.8407e-06 -2.6271423e-06,-1 -8.3278799e-06 -5.1644663e-06,
  -1 -2.8407e-06 -2.6271423e-06,-1 2.64648e-06 -8.9818407e-08] }
}
}
DEF SHAPE_457 Shape {
 appearance USE APP_1
 geometry DEF FACE_457 IndexedFaceSet {
  coord DEF COORD_457 Coordinate { point [
  29.141732 0.17716535 1.4173223,29.141732 0.27559055 1.4173226,
  29.119831 0.27559055 1.4148548,29.099027 0.27559055 1.4075756,
  29.080365 0.27559055 1.3958495,29.06478 0.27559055 1.3802648,
  29.053054 0.27559055 1.3616027,29.045775 0.27559055 1.3407993,
  29.043308 0.27559055 1.3188976,29.043307 0.17716535 1.3188976,
  29.045775 0.17716535 1.3407993,29.053054 0.17716535 1.3616027,
  29.06478 0.17716535 1.3802648,29.080365 0.17716535 1.3958495,
  29.099027 0.17716535 1.4075756,29.119831 0.17716535 1.4148548] }
 coordIndex [
  0,1,2,-1,15,2,3,-1,15,0,2,-1,14,3,4,-1,14,15,3,-1,13,4,5,-1,13,14,4,-1,12,5,6,-1,
  12,13,5,-1,11,6,7,-1,11,12,6,-1,10,7,8,-1,10,11,7,-1,9,10,8,-1]
  normalPerVertex TRUE
  normal DEF NORM_457 Normal { vector [
  -0.11196087 -1.8442497e-06 0.99371262,-0.11196904 -3.6855121e-06 0.9937117,
  -0.18576895 -1.2354077e-06 0.98259346,-0.39975756 0 0.91662091,
  -0.59370533 0 0.80468253,-0.75788119 0 0.6523926,
  -0.88405239 0 0.46738783,-0.96589195 0 0.25894545,
  -0.99371288 1.3154171e-06 0.11195852,-0.99371222 2.6278447e-06 0.11196434,
  -0.98259375 8.808705e-07 0.18576741,-0.91662091 0 0.39975756,
  -0.80468253 0 0.59370533,-0.6523926 0 0.75788119,
  -0.46738783 0 0.88405239,-0.25894545 0 0.96589195] }
}
}
DEF SHAPE_458 Shape {
 appearance USE APP_1
 geometry DEF FACE_458 IndexedFaceSet {
  coord DEF COORD_458 Coordinate { point [
  29.889764 0.17716535 1.417323,29.889764 0.27559055 1.4173233,
  29.141732 0.27559055 1.4173226,29.141732 0.17716535 1.4173223] }
 coordIndex [
  0,2,3,-1,1,2,0,-1]
  normalPerVertex TRUE
  normal DEF NORM_458 Normal { vector [
  -9.3302237e-07 -3.545486e-06 1,-9.1126527e-07 -3.380132e-06 1,
  -9.3302237e-07 -3.545486e-06 1,-9.5477948e-07 -3.71084e-06 1] }
}
}
DEF SHAPE_459 Shape {
 appearance USE APP_1
 geometry DEF FACE_459 IndexedFaceSet {
  coord DEF COORD_459 Coordinate { point [
  29.889764 0.17716535 1.417323,29.914294 0.17716535 1.420087,
  29.937593 0.17716535 1.4282398,29.958495 0.17716535 1.4413729,
  29.97595 0.17716535 1.4588279,29.989083 0.17716535 1.4797294,
  29.997236 0.17716535 1.5030292,30 0.17716535 1.5275591,
  29.889764 0.27559055 1.4173233,30 0.27559055 1.5275591,
  29.997236 0.27559055 1.5030292,29.989083 0.27559055 1.4797294,
  29.97595 0.27559055 1.4588279,29.958495 0.27559055 1.4413729,
  29.937593 0.27559055 1.4282398,29.914294 0.27559055 1.420087] }
 coordIndex [
  1,8,0,-1,1,15,8,-1,2,14,15,-1,2,15,1,-1,3,13,14,-1,3,14,2,-1,4,12,13,-1,4,13,3,-1,
  5,11,12,-1,5,12,4,-1,6,10,11,-1,6,11,5,-1,7,9,10,-1,7,10,6,-1]
  normalPerVertex TRUE
  normal DEF NORM_459 Normal { vector [
  -0.11196865 -3.3564091e-06 0.99371174,-0.18577029 -1.12509e-06 0.9825932,
  -0.39975893 0 0.91662031,-0.59370581 0 0.80468218,
  -0.757881 0 0.65239282,-0.88405183 0 0.46738888,
  -0.96589141 0 0.25894747,-0.99371273 1.1346003e-06 0.11195984,
  -0.11196201 -1.6800526e-06 0.99371249,-0.99371223 2.2655034e-06 0.11196433,
  -0.98259347 7.5941119e-07 0.18576887,-0.91662031 0 0.39975893,
  -0.80468218 0 0.59370581,-0.65239282 0 0.757881,
  -0.46738888 0 0.88405183,-0.25894747 0 0.96589141] }
}
}
DEF SHAPE_460 Shape {
 appearance USE APP_1
 geometry DEF FACE_460 IndexedFaceSet {
  coord DEF COORD_460 Coordinate { point [
  29.999999 0.17716535 1.7243021,30 0.17716535 1.5275591,
  30 0.27559055 1.5275591,29.999999 0.27559055 1.7243021] }
 coordIndex [
  3,2,1,-1,0,3,1,-1]
  normalPerVertex TRUE
  normal DEF NORM_460 Normal { vector [
  -1 -8.36528e-06 -3.7978716e-07,-1 -3.0414799e-06 -3.0431399e-06,
  -1 2.2823201e-06 -5.7064926e-06,-1 -3.0414799e-06 -3.0431399e-06] }
}
}
DEF SHAPE_461 Shape {
 appearance USE APP_1
 geometry DEF FACE_461 IndexedFaceSet {
  coord DEF COORD_461 Coordinate { point [
  29.999999 0.17716535 1.7243021,29.99684 0.17716535 1.7505034,
  29.987544 0.17716535 1.7752031,29.972643 0.17716535 1.7969853,
  29.952992 0.17716535 1.8146016,29.929717 0.17716535 1.8270423,
  29.904152 0.17716535 1.8335942,29.877763 0.17716535 1.8338819,
  29.852061 0.17716535 1.8278889,29.999999 0.27559055 1.7243021,
  29.852061 0.27559055 1.8278897,29.877763 0.27559055 1.8338819,
  29.904152 0.27559055 1.8335942,29.929717 0.27559055 1.8270423,
  29.952992 0.27559055 1.8146016,29.972643 0.27559055 1.7969853,
  29.987544 0.27559055 1.7752031,29.99684 0.27559055 1.7505035] }
 coordIndex [
  1,9,0,-1,1,17,9,-1,2,16,17,-1,2,17,1,-1,3,15,16,-1,3,16,2,-1,4,14,15,-1,4,15,3,-1,
  5,13,14,-1,5,14,4,-1,6,12,13,-1,6,13,5,-1,7,11,12,-1,7,12,6,-1,8,10,11,-1,8,11,7,-1]
  normalPerVertex TRUE
  normal DEF NORM_461 Normal { vector [
  -0.99280696 -8.3018675e-06 -0.11972611,-0.98010294 -2.7850875e-06 -0.19848987,
  -0.90484033 0 -0.42575107,-0.77771296 0 -0.62861956,
  -0.60600941 0 -0.79545747,-0.39957123 0 -0.91670215,
  -0.17023083 0 -0.98540421,0.068866693 0 -0.99762587,
  0.22707022 3.9017233e-06 -0.97387839,-0.99280881 -4.1533654e-06 -0.11971075,
  0.22705607 7.7985844e-06 -0.97388169,0.1486961 2.6162472e-06 -0.98888294,
  -0.090601521 0 -0.99588722,-0.32471567 0 -0.94581168,
  -0.54021809 0 -0.84152505,-0.72475683 0 -0.68900474,
  -0.8677547 0 -0.49699275,-0.96101547 0 -0.27649462] }
}
}
DEF SHAPE_462 Shape {
 appearance USE APP_1
 geometry DEF FACE_462 IndexedFaceSet {
  coord DEF COORD_462 Coordinate { point [
  29.852061 0.17716535 1.8278889,29.659647 0.17716535 1.7578582,
  29.852061 0.27559055 1.8278897,29.659647 0.27559055 1.7578589] }
 coordIndex [
  1,2,0,-1,1,3,2,-1]
  normalPerVertex TRUE
  normal DEF NORM_462 Normal { vector [
  0.34201092 7.8583498e-06 -0.93969598,0.34201092 7.8563978e-06 -0.93969598,
  0.34201092 7.8563978e-06 -0.93969598,0.34201092 7.8544458e-06 -0.93969598] }
}
}
DEF SHAPE_463 Shape {
 appearance USE APP_1
 geometry DEF FACE_463 IndexedFaceSet {
  coord DEF COORD_463 Coordinate { point [
  29.52756 0.27559055 1.850347,29.52756 0.17716535 1.850347,
  29.530381 0.27559055 1.8269529,29.538681 0.27559055 1.8048997,
  29.551985 0.27559055 1.7854513,29.56953 0.27559055 1.7697224,
  29.590311 0.27559055 1.7586147,29.613137 0.27559055 1.7527648,
  29.636699 0.27559055 1.7525079,29.659647 0.27559055 1.7578589,
  29.659647 0.17716535 1.7578582,29.636699 0.17716535 1.7525079,
  29.613137 0.17716535 1.7527648,29.590311 0.17716535 1.7586147,
  29.56953 0.17716535 1.7697224,29.551985 0.17716535 1.7854513,
  29.538681 0.17716535 1.8048997,29.530381 0.17716535 1.8269529] }
 coordIndex [
  1,0,2,-1,17,2,3,-1,17,1,2,-1,16,3,4,-1,16,17,3,-1,15,4,5,-1,15,16,4,-1,14,5,6,-1,
  14,15,5,-1,13,6,7,-1,13,14,6,-1,12,7,8,-1,12,13,7,-1,11,8,9,-1,11,12,8,-1,10,11,9,-1]
  normalPerVertex TRUE
  normal DEF NORM_463 Normal { vector [
  -0.99280671 -8.5750173e-06 -0.1197282,-0.99280885 -4.2895438e-06 -0.11971042,
  -0.98010312 -2.8767239e-06 -0.198489,-0.90484106 0 -0.42574953,
  -0.77771353 0 -0.62861885,-0.60600952 0 -0.79545739,
  -0.39957063 0 -0.91670241,-0.17022941 0 -0.98540446,
  0.068868914 0 -0.99762572,0.22707121 3.8996529e-06 -0.97387816,
  0.22705536 7.7952358e-06 -0.97388185,0.14869743 2.6151244e-06 -0.98888274,
  -0.090599823 0 -0.99588738,-0.3247148 0 -0.94581198,
  -0.54021798 0 -0.84152512,-0.72475728 0 -0.68900427,
  -0.86775541 0 -0.4969915,-0.96101608 0 -0.27649248] }
}
}
DEF SHAPE_464 Shape {
 appearance USE APP_1
 geometry DEF FACE_464 IndexedFaceSet {
  coord DEF COORD_464 Coordinate { point [
  30.562992 0.27559043 2.0866145,30.554637 0.27555637 2.0900793,
  30.551182 0.27519628 2.0984252,29.527559 0.27559043 2.0866142,
  29.527559 0.27017697 2.1300752,29.527559 0.25426743 2.1708802,
  29.527559 0.2288339 2.2065354,29.527559 0.19543073 2.2348619,
  30.551181 0.19543082 2.234862,30.551181 0.22681569 2.2086937,
  30.551181 0.25137032 2.1760309,30.551181 0.26778829 2.1386111] }
 coordIndex [
  1,0,3,-1,2,3,4,-1,2,1,3,-1,11,4,5,-1,11,2,4,-1,10,5,6,-1,10,11,5,-1,9,6,7,-1,
  9,10,6,-1,8,9,7,-1]
  normalPerVertex TRUE
  normal DEF NORM_464 Normal { vector [
  0 0.99995167 0.0098312441,-7.9116763e-05 0.99944623 0.033275062,
  -0.00015776565 0.9898962 0.1417938,-0.00083853427 0.99453712 0.10438019,
  -0.00040066368 0.97437171 0.22494356,-0.00032279656 0.89184032 0.45235024,
  -0.00022733252 0.75711111 0.65328609,-0.00017230801 0.64369622 0.76528109,
  -1.6933685e-07 0.64039029 0.76804966,-1.5713267e-05 0.69829919 0.715806,
  7.0929543e-05 0.84684441 0.53184071,0.00014289433 0.9480442 0.31813861] }
}
}
DEF SHAPE_465 Shape {
 appearance USE APP_1
 geometry DEF FACE_465 IndexedFaceSet {
  coord DEF COORD_465 Coordinate { point [
  30.55118 0.16899264 2.2521619,30.551181 0.19543082 2.234862,
  29.527559 0.19543073 2.2348619,29.52756 0.15252064 2.2629404,
  29.586614 0.10310569 2.2952749,29.573473 0.10434464 2.2944642,
  29.560991 0.10799901 2.292073,29.549794 0.11388606 2.2882208,
  29.540443 0.12171054 2.2831009,29.533408 0.13108004 2.27697,
  29.529041 0.14152468 2.2701355,30.472441 0.10310621 2.2952746,
  30.549206 0.15433135 2.2617555,30.543382 0.1404052 2.2708681,
  30.534002 0.12791254 2.2790426,30.521534 0.11747988 2.2858692,
  30.506605 0.10963039 2.2910055,30.489962 0.10475772 2.2941939] }
 coordIndex [
  9,3,10,-1,5,7,6,-1,5,8,7,-1,5,9,8,-1,5,3,9,-1,4,2,3,-1,4,3,5,-1,11,0,1,-1,
  11,1,2,-1,11,2,4,-1,13,12,0,-1,14,13,0,-1,15,17,16,-1,15,11,17,-1,15,0,11,-1,15,14,0,-1]
  normalPerVertex TRUE
  normal DEF NORM_465 Normal { vector [
  -1.9409195e-06 0.54754492 0.83677629,-2.6242426e-07 0.54754452 0.83677656,
  0 0.54754508 0.83677619,4.0424659e-06 0.54754668 0.83677514,
  1.831056e-07 0.54754575 0.83677575,0 0.5475433 0.83677735,
  0 0.5475433 0.83677735,0 0.5475433 0.83677735,
  0 0.5475433 0.83677735,0 0.5475433 0.83677735,
  0 0.5475433 0.83677735,-1.4031412e-07 0.54754503 0.83677622,
  0 0.5475433 0.83677735,0 0.5475433 0.83677735,
  0 0.5475433 0.83677735,0 0.5475433 0.83677735,
  0 0.5475433 0.83677735,0 0.5475433 0.83677735] }
}
}
DEF SHAPE_466 Shape {
 appearance USE APP_1
 geometry DEF FACE_466 IndexedFaceSet {
  coord DEF COORD_466 Coordinate { point [
  30.472441 0.10310621 2.2952746,30.472441 0.049213288 2.2129152,
  30.489962 0.050865658 2.2118339,30.506605 0.055738335 2.2086455,
  30.521534 0.063587824 2.2035092,30.534002 0.074020485 2.1966826,
  30.543382 0.086513137 2.1885081,30.549206 0.10043929 2.1793955,
  30.55118 0.11510058 2.169802,30.55118 0.16899264 2.2521619,
  30.549206 0.15433135 2.2617555,30.543382 0.1404052 2.2708681,
  30.534002 0.12791254 2.2790426,30.521534 0.11747988 2.2858692,
  30.506605 0.10963039 2.2910055,30.489962 0.10475772 2.2941939] }
 coordIndex [
  0,1,2,-1,15,2,3,-1,15,0,2,-1,14,3,4,-1,14,15,3,-1,13,4,5,-1,13,14,4,-1,12,5,6,-1,
  12,13,5,-1,11,6,7,-1,11,12,6,-1,10,7,8,-1,10,11,7,-1,9,10,8,-1]
  normalPerVertex TRUE
  normal DEF NORM_466 Normal { vector [
  0.11196513 -0.83151296 0.54410477,0.11199395 -0.8315074 0.54410734,
  0.18576806 -0.82221018 0.53801547,0.39974915 -0.76701069 0.50189164,
  0.59370238 -0.67334195 0.44059972,0.75788239 -0.54590619 0.35721243,
  0.88405582 -0.39109411 0.25591151,0.96589234 -0.21667847 0.14178305,
  0.99370986 -0.093708177 0.061314617,0.99370824 -0.093721661 0.061320335,
  0.98259113 -0.15545851 0.10172183,0.91662459 -0.33450101 0.21887996,
  0.80468473 -0.49679668 0.32507775,0.65239123 -0.6341788 0.41497341,
  0.46738136 -0.73975787 0.48405883,0.25893307 -0.80823928 0.52886948] }
}
}
DEF SHAPE_467 Shape {
 appearance USE APP_1
 geometry DEF FACE_467 IndexedFaceSet {
  coord DEF COORD_467 Coordinate { point [
  29.586614 0.049214145 2.2129146,29.586614 0.10310569 2.2952749,
  30.472441 0.10310621 2.2952746,30.472441 0.049213288 2.2129152] }
 coordIndex [
  1,3,2,-1,0,3,1,-1]
  normalPerVertex TRUE
  normal DEF NORM_467 Normal { vector [
  -1.1571326e-06 -0.83678078 0.54753806,-2.2770299e-07 -0.8367762 0.54754506,
  7.0172659e-07 -0.83677162 0.54755206,-2.2770299e-07 -0.8367762 0.54754506] }
}
}
DEF SHAPE_468 Shape {
 appearance USE APP_1
 geometry DEF FACE_468 IndexedFaceSet {
  coord DEF COORD_468 Coordinate { point [
  30.767716 0.17716536 0.23622048,30.766728 0.17716535 0.24498092,
  30.763817 0.17716535 0.25330216,30.759127 0.17716535 0.26076683,
  30.752893 0.17716535 0.26700053,30.745428 0.17716535 0.27169059,
  30.737107 0.17716535 0.27460178,30.728346 0.17716535 0.27558809,
  30.728346 0.21653551 0.27558969,30.734953 0.21597521 0.27503045,
  30.741362 0.21432047 0.27337556,30.747518 0.21155126 0.27060638,
  30.751689 0.20886815 0.26792326,30.755483 0.20568807 0.26474319,
  30.762222 0.19722363 0.25627874,30.766256 0.18777643 0.24683155] }
 coordIndex [
  9,6,7,-1,9,7,8,-1,10,5,6,-1,10,6,9,-1,11,4,5,-1,11,5,10,-1,12,4,11,-1,13,3,4,-1,
  13,4,12,-1,14,2,3,-1,14,3,13,-1,15,1,2,-1,15,2,14,-1,0,1,15,-1]
  normalPerVertex TRUE
  normal DEF NORM_468 Normal { vector [
  -0.99339948 -0.024607953 -0.11203538,-0.97491285 -0.0045136505 -0.22254116,
  -0.90231122 0.0010655646 -0.43108389,-0.77730217 0.00014194032 -0.62912742,
  -0.60713417 0.0047610074 -0.79458507,-0.42488176 0.0034690371 -0.90524221,
  -0.22855157 0.0032602516 -0.97352635,-0.099975379 0.0027210166 -0.99498619,
  -0.084350701 4.0608256e-05 -0.99643613,-0.14493388 0.00096355819 -0.98944087,
  -0.33009835 0.00058292432 -0.94394636,-0.49333551 0.002072482 -0.86983664,
  -0.59234142 0.00095166284 -0.8056865,-0.7277159 -0.0034486928 -0.68587002,
  -0.85016377 -0.0082449394 -0.52645379,-0.95430264 -0.010840438 -0.29864519] }
}
}
DEF SHAPE_469 Shape {
 appearance USE APP_1
 geometry DEF FACE_469 IndexedFaceSet {
  coord DEF COORD_469 Coordinate { point [
  30.672089 0.21653656 0.27559048,30.641367 0.21956297 0.27559063,
  30.611825 0.22852414 0.27559092,30.584599 0.24307697 0.27559063,
  30.560736 0.2626621 0.27558978,30.43187 0.39152457 0.27559127,
  30.404031 0.36368565 0.27559127,30.532896 0.23482212 0.27559055,
  30.562726 0.21034201 0.27559055,30.596759 0.19215115 0.27559055,
  30.633686 0.18094942 0.27559055,30.672089 0.17716665 0.27559041,
  30.728346 0.17716535 0.27558809,30.728346 0.21653551 0.27558969] }
 coordIndex [
  7,6,5,-1,4,7,5,-1,3,7,4,-1,8,7,3,-1,2,8,3,-1,9,8,2,-1,10,2,1,-1,10,9,2,-1,
  0,10,1,-1,11,10,0,-1,13,11,0,-1,12,11,13,-1]
  normalPerVertex TRUE
  normal DEF NORM_469 Normal { vector [
  -8.4819403e-06 1.9730294e-06 -1,-6.5991269e-06 3.361561e-06 -1,
  2.0086198e-06 4.8492467e-06 -1,5.3535836e-06 -1.1144686e-05 -1,
  -1.5765331e-05 -1.1916816e-05 -1,-1.120129e-05 -2.6400464e-06 -1,
  -2.7855603e-06 2.7855617e-06 -1,-8.8004576e-06 -4.5440103e-06 -1,
  4.5211455e-06 2.526488e-06 -1,3.5581355e-06 8.5900988e-06 -1,
  -3.1246161e-06 4.4358058e-06 -1,-2.1525183e-05 1.6196728e-05 -1,
  -4.1365351e-05 4.0673683e-05 -1,-2.7710937e-05 2.1161833e-05 -1] }
}
}
DEF SHAPE_470 Shape {
 appearance USE APP_1
 geometry DEF FACE_470 IndexedFaceSet {
  coord DEF COORD_470 Coordinate { point [
  30.672089 0.21653656 0.27559048,30.672089 0.27559105 0.33464535,
  30.602493 0.30441911 0.33464524,30.617407 0.29217829 0.33464524,
  30.634424 0.28308269 0.33464524,30.652887 0.27748191 0.33464524,
  30.560736 0.2626621 0.27558978,30.641367 0.21956297 0.27559063,
  30.611825 0.22852414 0.27559092,30.584599 0.24307697 0.27559063,
  30.623124 0.25580363 0.3051182] }
 coordIndex [
  10,1,0,-1,10,2,3,-1,10,3,4,-1,10,4,5,-1,10,5,1,-1,10,6,2,-1,10,0,7,-1,10,7,8,-1,
  10,8,9,-1,10,9,6,-1]
  normalPerVertex TRUE
  normal DEF NORM_470 Normal { vector [
  0.12037901 0.68815288 -0.71550996,0.12967662 0.71077403 -0.69136405,
  0.41091528 0.59428642 -0.69135539,0.40954284 0.61289986 -0.67574287,
  0.27060006 0.6532859 -0.70710193,0.14379988 0.72297296 -0.67574528,
  0.40149723 0.57170697 -0.71550759,0.13232901 0.66527823 -0.73477474,
  0.27059887 0.6532835 -0.7071046,0.37686569 0.56397276 -0.73478363,
  0.26796958 0.64691479 -0.71392826] }
}
}
DEF SHAPE_471 Shape {
 appearance USE APP_1
 geometry DEF FACE_471 IndexedFaceSet {
  coord DEF COORD_471 Coordinate { point [
  30.602493 0.30441911 0.33464524,30.602491 0.3044203 0.46456693,
  30.617407 0.29217829 0.33464524,30.634424 0.28308269 0.33464524,
  30.652887 0.27748191 0.33464524,30.672089 0.27559105 0.33464535,
  30.672088 0.275591 0.46456693,30.617406 0.2921791 0.46456693,
  30.634422 0.28308316 0.46456693,30.652886 0.27748211 0.46456693] }
 coordIndex [
  7,0,1,-1,7,2,0,-1,8,3,2,-1,8,2,7,-1,9,4,3,-1,9,3,8,-1,6,5,4,-1,6,4,9,-1]
  normalPerVertex TRUE
  normal DEF NORM_471 Normal { vector [
  0.63442062 0.77298802 -8.6518401e-08,0.6344268 0.77298295 -1.272933e-06,
  0.52800486 0.84924135 3.1028189e-07,0.35216297 0.9359387 2.5236142e-07,
  0.16279167 0.98666046 3.3507475e-07,0.097998984 0.99518651 1.0008577e-06,
  0.098004863 0.99518594 1.2352812e-07,0.58257908 0.81277402 -4.261451e-07,
  0.41280275 0.91082045 -3.6822574e-07,0.22716314 0.97385672 -3.1027334e-07] }
}
}
DEF SHAPE_472 Shape {
 appearance USE APP_1
 geometry DEF FACE_472 IndexedFaceSet {
  coord DEF COORD_472 Coordinate { point [
  30.452796 0.45411449 0.46456693,30.445719 0.46119184 0.45731317,
  30.439864 0.46704633 0.44813469,30.435489 0.47142141 0.43743366,
  30.432785 0.47412538 0.42567902,30.431871 0.47503975 0.41338583,
  30.602491 0.3044203 0.46456693,30.602493 0.30441911 0.33464524,
  30.43187 0.47504056 0.33464569] }
 coordIndex [
  5,7,8,-1,0,5,4,-1,0,6,7,-1,0,7,5,-1,1,3,2,-1,1,4,3,-1,1,0,4,-1]
  normalPerVertex TRUE
  normal DEF NORM_472 Normal { vector [
  0.70710478 0.70710878 4.7790095e-07,0.70710667 0.7071069 1.5186547e-07,
  0.70710668 0.70710688 1.3655927e-07,0.70710668 0.70710688 1.3655996e-07,
  0.70710667 0.70710689 1.4545959e-07,0.70710501 0.70710855 7.219148e-07,
  0.70710455 0.70710901 0,0.7071048 0.70710877 3.9995091e-07,
  0.70710488 0.70710868 2.1849922e-07] }
}
}
DEF SHAPE_473 Shape {
 appearance USE APP_1
 geometry DEF FACE_473 IndexedFaceSet {
  coord DEF COORD_473 Coordinate { point [
  30.452796 0.45411449 0.46456693,30.445719 0.46119184 0.45731317,
  30.439864 0.46704633 0.44813469,30.435489 0.47142141 0.43743366,
  30.432785 0.47412538 0.42567902,30.431871 0.47503975 0.41338583,
  30.362273 0.40544334 0.41338583,30.363188 0.40452824 0.42567902,
  30.365892 0.40182427 0.43743367,30.370267 0.39744918 0.44813469,
  30.376122 0.39159469 0.45731318,30.383199 0.38451735 0.46456693] }
 coordIndex [
  10,0,1,-1,10,11,0,-1,9,1,2,-1,9,10,1,-1,8,2,3,-1,8,9,2,-1,7,3,4,-1,7,8,3,-1,
  6,4,5,-1,6,7,4,-1]
  normalPerVertex TRUE
  normal DEF NORM_473 Normal { vector [
  -0.41494819 0.41494792 0.80971366,-0.49074581 0.49074555 0.7199565,
  -0.58597587 0.58597561 0.55970069,-0.65552878 0.65552854 0.37491914,
  -0.69635094 0.69635566 0.17373592,-0.7032197 0.70323424 0.10461197,
  -0.70322032 0.70322746 0.10465333,-0.68603275 0.68603251 0.24231892,
  -0.63533951 0.63533924 0.43896213,-0.5568014 0.55680112 0.61639656,
  -0.45386455 0.45386427 0.76682084,-0.4149481 0.41494779 0.80971378] }
}
}
DEF SHAPE_474 Shape {
 appearance USE APP_1
 geometry DEF FACE_474 IndexedFaceSet {
  coord DEF COORD_474 Coordinate { point [
  30.362273 0.40544334 0.41338583,30.362274 0.40544262 0.33464567,
  30.431871 0.47503975 0.41338583,30.43187 0.47504056 0.33464569] }
 coordIndex [
  1,2,3,-1,0,2,1,-1]
  normalPerVertex TRUE
  normal DEF NORM_474 Normal { vector [
  -0.70709947 0.70711409 -1.298522e-05,-0.7071072 0.70710636 6.7923796e-07,
  -0.7071072 0.70710636 6.7923796e-07,-0.70711493 0.70709863 1.4343697e-05] }
}
}
DEF SHAPE_475 Shape {
 appearance USE APP_1
 geometry DEF FACE_475 IndexedFaceSet {
  coord DEF COORD_475 Coordinate { point [
  30.404031 0.36368565 0.27559127,30.394739 0.37297763 0.2770724,
  30.385913 0.38180372 0.28143961,30.377995 0.38972128 0.28847499,
  30.371383 0.39633325 0.29782572,30.366409 0.40130801 0.30902285,
  30.36332 0.40439609 0.32150482,30.362274 0.40544262 0.33464567,
  30.43187 0.47504056 0.33464569,30.43187 0.39152457 0.27559127,
  30.425329 0.39930408 0.27646633,30.419713 0.40918715 0.27948395,
  30.415717 0.42171955 0.28551974,30.414644 0.43616322 0.29497424,
  30.417583 0.45189407 0.30817611,30.423263 0.4641139 0.32083339] }
 coordIndex [
  1,9,0,-1,10,1,2,-1,10,9,1,-1,11,2,3,-1,11,10,2,-1,12,3,4,-1,12,11,3,-1,13,4,5,-1,
  13,12,4,-1,14,5,6,-1,14,13,5,-1,15,6,7,-1,15,14,6,-1,8,15,7,-1]
  normalPerVertex TRUE
  normal DEF NORM_475 Normal { vector [
  -0.079198176 0.079198176 -0.99370785,-0.13009773 0.13214045 -0.98265634,
  -0.26929137 0.27626856 -0.92258216,-0.40133148 0.40891755 -0.81958494,
  -0.52117866 0.52669399 -0.6715402,-0.61804601 0.62121244 -0.48178235,
  -0.68240733 0.6830725 -0.2602541,-0.70208961 0.70270498 -0.11522109,
  -0.70218152 0.70216536 -0.11791908,-0.07399516 0.068687328 -0.99489033,
  -0.17328091 0.16775474 -0.97048033,-0.30956656 0.30322241 -0.90123511,
  -0.43955516 0.43424432 -0.78627166,-0.55594646 0.55422299 -0.61948399,
  -0.64178293 0.64101564 -0.42096748,-0.69449018 0.69448734 -0.18807106] }
}
}
DEF SHAPE_476 Shape {
 appearance USE APP_1
 geometry DEF FACE_476 IndexedFaceSet {
  coord DEF COORD_476 Coordinate { point [
  30.560736 0.2626621 0.27558978,30.602493 0.30441911 0.33464524,
  30.43187 0.47504056 0.33464569,30.43187 0.39152457 0.27559127,
  30.425329 0.39930408 0.27646633,30.419713 0.40918715 0.27948395,
  30.415717 0.42171955 0.28551974,30.414644 0.43616322 0.29497424,
  30.417583 0.45189407 0.30817611,30.423263 0.4641139 0.32083339] }
 coordIndex [
  3,1,0,-1,5,3,4,-1,6,3,5,-1,7,3,6,-1,8,3,7,-1,9,3,8,-1,2,1,3,-1,2,3,9,-1]
  normalPerVertex TRUE
  normal DEF NORM_476 Normal { vector [
  0.49999851 0.50001969 -0.70709391,0.49999594 0.50000763 -0.70710426,
  0.49999458 0.49999833 -0.70711179,0.4999972 0.50000671 -0.70710402,
  0.50015176 0.5000485 -0.70696514,0.50006693 0.50000942 -0.70705278,
  0.50002929 0.49999551 -0.70708924,0.50001664 0.49999355 -0.70709958,
  0.50001094 0.49999364 -0.70710355,0.50000734 0.4999942 -0.70710569] }
}
}
DEF SHAPE_477 Shape {
 appearance USE APP_1
 geometry DEF FACE_477 IndexedFaceSet {
  coord DEF COORD_477 Coordinate { point [
  30.826772 0.21653701 0.11810958,30.816645 0.21741123 0.11898607,
  30.805686 0.22042888 0.12200369,30.793998 0.2264647 0.1280395,
  30.783027 0.2359192 0.137494,30.773982 0.24912106 0.15069586,
  30.769358 0.26177831 0.16335311,30.767717 0.27559057 0.17716537,
  30.787402 0.2755907 0.17716543,30.826772 0.27559146 0.17716552] }
 coordIndex [
  8,5,6,-1,8,6,7,-1,9,0,1,-1,9,1,2,-1,9,2,3,-1,9,3,4,-1,9,4,5,-1,9,5,8,-1]
  normalPerVertex TRUE
  normal DEF NORM_477 Normal { vector [
  -0.00015695689 0.70711564 -0.7070979,-7.4138571e-05 0.70710844 -0.70710512,
  -2.1761759e-06 0.70710241 -0.70711115,-5.007008e-06 0.70710309 -0.70711048,
  -6.6975129e-06 0.70710383 -0.70710974,-8.8759055e-06 0.70710658 -0.70710698,
  -2.6133878e-06 0.70710647 -0.7071071,-2.8194798e-06 0.7071066 -0.70710696,
  -8.6895211e-06 0.70710796 -0.70710561,-2.4958541e-05 0.70710592 -0.70710764] }
}
}
DEF SHAPE_478 Shape {
 appearance USE APP_1
 geometry DEF FACE_478 IndexedFaceSet {
  coord DEF COORD_478 Coordinate { point [
  30.19685 0.20669291 0.22440945,28.858268 0.20669291 0.22440945,
  28.858268 0.20669291 0.59055118,30.19685 0.20669291 0.59055118,
  28.968504 0.20669291 0.4176625,29.062992 0.20669291 0.4176625,
  28.968504 0.20669291 0.23291811,29.062992 0.20669291 0.23291811,
  29.224409 0.20669291 0.4176625,29.318898 0.20669291 0.4176625,
  29.224409 0.20669291 0.23291811,29.318898 0.20669291 0.23291811,
  29.480315 0.20669291 0.4176625,29.574803 0.20669291 0.4176625,
  29.480315 0.20669291 0.23291811,29.574803 0.20669291 0.23291811,
  29.73622 0.20669291 0.4176625,29.830709 0.20669291 0.4176625,
  29.73622 0.20669291 0.23291811,29.830709 0.20669291 0.23291811,
  29.992126 0.20669291 0.23291811,29.992126 0.20669291 0.4176625,
  30.086614 0.20669291 0.23291811,30.086614 0.20669291 0.4176625] }
 coordIndex [
  1,4,2,-1,5,2,4,-1,6,4,1,-1,8,2,5,-1,9,2,8,-1,10,5,7,-1,10,8,5,-1,12,2,9,-1,
  14,9,11,-1,14,12,9,-1,15,16,13,-1,18,16,15,-1,19,21,17,-1,3,12,13,-1,3,16,17,-1,3,2,12,-1,
  3,13,16,-1,3,17,21,-1,23,3,21,-1,20,21,19,-1,0,23,22,-1,0,3,23,-1,0,6,1,-1,0,7,6,-1,
  0,10,7,-1,0,11,10,-1,0,14,11,-1,0,15,14,-1,0,18,15,-1,0,19,18,-1,0,20,19,-1,0,22,20,-1]
  normalPerVertex TRUE
  normal DEF NORM_478 Normal { vector [
  0 -1 0,0 -1 0,
  0 -1 0,0 -1 0,
  0 -1 0,0 -1 0,
  0 -1 0,0 -1 0,
  0 -1 0,0 -1 0,
  0 -1 0,0 -1 0,
  0 -1 0,0 -1 0,
  0 -1 0,0 -1 0,
  0 -1 0,0 -1 0,
  0 -1 0,0 -1 0,
  0 -1 0,0 -1 0,
  0 -1 0,0 -1 0] }
}
}
DEF SHAPE_479 Shape {
 appearance USE APP_1
 geometry DEF FACE_479 IndexedFaceSet {
  coord DEF COORD_479 Coordinate { point [
  28.968504 0.20669291 0.4176625,28.968504 0.18906826 0.40965121,
  28.968504 0.17393132 0.39758134,28.968504 0.16219725 0.38218262,
  28.968504 0.15457549 0.36438605,28.968504 0.15152628 0.34526763,
  29.062992 0.1515259 0.34526765,29.062992 0.15457549 0.36438605,
  29.062992 0.16219725 0.38218262,29.062992 0.17393132 0.39758134,
  29.062992 0.18906826 0.40965121,29.062992 0.20669291 0.4176625] }
 coordIndex [
  11,0,1,-1,10,1,2,-1,10,11,1,-1,9,2,3,-1,9,10,2,-1,8,3,4,-1,8,9,3,-1,7,4,5,-1,
  7,8,4,-1,6,7,5,-1]
  normalPerVertex TRUE
  normal DEF NORM_479 Normal { vector [
  0 -0.41380641 0.9103649,0 -0.4869681 0.87341975,
  0 -0.68537901 0.72818652,0 -0.8423522 0.53892743,
  0 -0.94839409 0.31709408,-2.0129793e-06 -0.98751743 0.15750974,
  -4.0243477e-06 -0.98751589 0.15751944,-1.3505533e-06 -0.97130494 0.23783756,
  0 -0.88391765 0.46764258,0 -0.74308288 0.6691994,
  0 -0.55732163 0.8302967,0 -0.41380641 0.9103649] }
}
}
DEF SHAPE_480 Shape {
 appearance USE APP_1
 geometry DEF FACE_480 IndexedFaceSet {
  coord DEF COORD_480 Coordinate { point [
  29.062992 0.14569769 0.17860625,29.062992 0.1515259 0.34526765,
  29.062992 0.14567148 0.17654531,29.062992 0.14566928 0.098425197,
  29.062992 0.20472439 0.098425197,29.062992 0.20472434 0.17654568,
  29.062992 0.20669291 0.23291811,29.062992 0.20669291 0.4176625,
  29.062992 0.15457549 0.36438605,29.062992 0.16219725 0.38218262,
  29.062992 0.17393132 0.39758134,29.062992 0.18906826 0.40965121] }
 coordIndex [
  1,9,8,-1,1,10,9,-1,1,11,10,-1,1,7,11,-1,6,1,0,-1,6,7,1,-1,5,0,2,-1,5,6,0,-1,
  4,2,3,-1,4,5,2,-1]
  normalPerVertex TRUE
  normal DEF NORM_480 Normal { vector [
  1 0 0,1 0 0,
  1 0 0,1 0 0,
  1 0 0,1 0 0,
  1 0 0,1 0 0,
  1 0 0,1 0 0,
  1 0 0,1 0 0] }
}
}
DEF SHAPE_481 Shape {
 appearance USE APP_1
 geometry DEF FACE_481 IndexedFaceSet {
  coord DEF COORD_481 Coordinate { point [
  29.062992 0.20669291 0.23291811,29.062992 0.20472434 0.17654568,
  28.968504 0.20472435 0.17654568,28.968504 0.20669291 0.23291811] }
 coordIndex [
  2,0,1,-1,3,0,2,-1]
  normalPerVertex TRUE
  normal DEF NORM_481 Normal { vector [
  4.5746706e-08 0.99939083 -0.034899497,9.1493411e-08 0.99939082 -0.034899573,
  4.5746706e-08 0.99939083 -0.034899497,0 0.99939083 -0.03489942] }
}
}
DEF SHAPE_482 Shape {
 appearance USE APP_1
 geometry DEF FACE_482 IndexedFaceSet {
  coord DEF COORD_482 Coordinate { point [
  28.968504 0.15152628 0.34526763,28.968504 0.14570219 0.17860625,
  28.968504 0.14567671 0.17654531,28.968504 0.14567002 0.098425197,
  28.968504 0.2047244 0.098425197,28.968504 0.20472435 0.17654568,
  28.968504 0.20669291 0.23291811,28.968504 0.20669291 0.4176625,
  28.968504 0.18906826 0.40965121,28.968504 0.17393132 0.39758134,
  28.968504 0.16219725 0.38218262,28.968504 0.15457549 0.36438605] }
 coordIndex [
  0,8,7,-1,0,9,8,-1,0,10,9,-1,0,11,10,-1,6,1,0,-1,6,0,7,-1,5,2,1,-1,5,1,6,-1,
  4,3,2,-1,4,2,5,-1]
  normalPerVertex TRUE
  normal DEF NORM_482 Normal { vector [
  -1 0 0,-1 0 0,
  -1 0 0,-1 0 0,
  -1 0 0,-1 0 0,
  -1 0 0,-1 0 0,
  -1 0 0,-1 0 0,
  -1 0 0,-1 0 0] }
}
}
DEF SHAPE_483 Shape {
 appearance USE APP_1
 geometry DEF FACE_483 IndexedFaceSet {
  coord DEF COORD_483 Coordinate { point [
  28.968504 0.15152628 0.34526763,29.062992 0.1515259 0.34526765,
  29.062992 0.14569769 0.17860625,28.968504 0.14570219 0.17860625] }
 coordIndex [
  3,1,0,-1,2,1,3,-1]
  normalPerVertex TRUE
  normal DEF NORM_483 Normal { vector [
  -4.0551353e-06 -0.99938996 0.034924341,-2.5800283e-05 -0.99938953 0.034936654,
  -4.754541e-05 -0.9993891 0.034948967,-2.5800283e-05 -0.99938953 0.034936654] }
}
}
DEF SHAPE_484 Shape {
 appearance USE APP_1
 geometry DEF FACE_484 IndexedFaceSet {
  coord DEF COORD_484 Coordinate { point [
  28.968504 0.14567671 0.17654531,28.968504 0.14570219 0.17860625,
  29.062992 0.14569769 0.17860625,29.062992 0.14567148 0.17654531] }
 coordIndex [
  2,1,0,-1,2,0,3,-1]
  normalPerVertex TRUE
  normal DEF NORM_484 Normal { vector [
  -5.1487759e-05 -0.99992137 0.012539684,-4.7570839e-05 -0.99992361 0.012360127,
  -5.1487759e-05 -0.99992137 0.012539684,-5.540466e-05 -0.99991911 0.012719239] }
}
}
DEF SHAPE_485 Shape {
 appearance USE APP_1
 geometry DEF FACE_485 IndexedFaceSet {
  coord DEF COORD_485 Coordinate { point [
  29.062992 0.14567148 0.17654531,29.062992 0.14566928 0.098425197,
  28.968504 0.14567002 0.098425197,28.968504 0.14567671 0.17654531] }
 coordIndex [
  1,3,2,-1,0,3,1,-1]
  normalPerVertex TRUE
  normal DEF NORM_485 Normal { vector [
  -5.5409142e-05 -1 2.8096477e-05,-3.1621905e-05 -1 5.6867723e-05,
  -7.8346679e-06 -1 8.5638969e-05,-3.1621905e-05 -1 5.6867723e-05] }
}
}
DEF SHAPE_486 Shape {
 appearance USE APP_1
 geometry DEF FACE_486 IndexedFaceSet {
  coord DEF COORD_486 Coordinate { point [
  29.062992 0.14566928 0.098425197,29.062992 0.20472439 0.098425197,
  28.968504 0.2047244 0.098425197,28.968504 0.14567002 0.098425197] }
 coordIndex [
  1,3,2,-1,0,3,1,-1]
  normalPerVertex TRUE
  normal DEF NORM_486 Normal { vector [
  0 0 -1,0 0 -1,
  0 0 -1,0 0 -1] }
}
}
DEF SHAPE_487 Shape {
 appearance USE APP_1
 geometry DEF FACE_487 IndexedFaceSet {
  coord DEF COORD_487 Coordinate { point [
  28.968504 0.2047244 0.098425197,29.062992 0.20472439 0.098425197,
  28.968504 0.20472435 0.17654568,29.062992 0.20472434 0.17654568] }
 coordIndex [
  2,3,1,-1,0,2,1,-1]
  normalPerVertex TRUE
  normal DEF NORM_487 Normal { vector [
  9.1549166e-08 1 6.6438563e-07,9.1549166e-08 1 6.6438563e-07,
  9.1549166e-08 1 6.6438563e-07,9.1549166e-08 1 6.6438563e-07] }
}
}
DEF SHAPE_488 Shape {
 appearance USE APP_1
 geometry DEF FACE_488 IndexedFaceSet {
  coord DEF COORD_488 Coordinate { point [
  29.224409 0.20669291 0.4176625,29.224409 0.18906826 0.40965121,
  29.224409 0.17393132 0.39758134,29.224409 0.16219725 0.38218262,
  29.224409 0.15457549 0.36438605,29.224409 0.15152628 0.34526763,
  29.318898 0.1515259 0.34526765,29.318898 0.15457549 0.36438605,
  29.318898 0.16219725 0.38218262,29.318898 0.17393132 0.39758134,
  29.318898 0.18906826 0.40965121,29.318898 0.20669291 0.4176625] }
 coordIndex [
  11,0,1,-1,10,1,2,-1,10,11,1,-1,9,2,3,-1,9,10,2,-1,8,3,4,-1,8,9,3,-1,7,4,5,-1,
  7,8,4,-1,6,7,5,-1]
  normalPerVertex TRUE
  normal DEF NORM_488 Normal { vector [
  0 -0.41380641 0.9103649,0 -0.4869681 0.87341975,
  0 -0.68537901 0.72818652,0 -0.8423522 0.53892743,
  0 -0.94839409 0.31709408,-2.0129793e-06 -0.98751743 0.15750974,
  -4.0243477e-06 -0.98751589 0.15751944,-1.3505533e-06 -0.97130494 0.23783756,
  0 -0.88391765 0.46764258,0 -0.74308288 0.6691994,
  0 -0.55732163 0.8302967,0 -0.41380641 0.9103649] }
}
}
DEF SHAPE_489 Shape {
 appearance USE APP_1
 geometry DEF FACE_489 IndexedFaceSet {
  coord DEF COORD_489 Coordinate { point [
  29.318898 0.14570419 0.17860625,29.318898 0.1515259 0.34526765,
  29.318898 0.14566973 0.17654533,29.318898 0.14566928 0.098425197,
  29.318898 0.20472439 0.098425197,29.318898 0.20472434 0.17654568,
  29.318898 0.20669291 0.23291811,29.318898 0.20669291 0.4176625,
  29.318898 0.15457549 0.36438605,29.318898 0.16219725 0.38218262,
  29.318898 0.17393132 0.39758134,29.318898 0.18906826 0.40965121] }
 coordIndex [
  1,9,8,-1,1,10,9,-1,1,11,10,-1,1,7,11,-1,6,1,0,-1,6,7,1,-1,5,0,2,-1,5,6,0,-1,
  4,2,3,-1,4,5,2,-1]
  normalPerVertex TRUE
  normal DEF NORM_489 Normal { vector [
  1 0 0,1 0 0,
  1 0 0,1 0 0,
  1 0 0,1 0 0,
  1 0 0,1 0 0,
  1 0 0,1 0 0,
  1 0 0,1 0 0] }
}
}
DEF SHAPE_490 Shape {
 appearance USE APP_1
 geometry DEF FACE_490 IndexedFaceSet {
  coord DEF COORD_490 Coordinate { point [
  29.318898 0.20669291 0.23291811,29.318898 0.20472434 0.17654568,
  29.224409 0.20472435 0.17654568,29.224409 0.20669291 0.23291811] }
 coordIndex [
  2,0,1,-1,3,0,2,-1]
  normalPerVertex TRUE
  normal DEF NORM_490 Normal { vector [
  4.5746699e-08 0.99939083 -0.034899497,9.1493397e-08 0.99939082 -0.034899573,
  4.5746699e-08 0.99939083 -0.034899497,0 0.99939083 -0.03489942] }
}
}
DEF SHAPE_491 Shape {
 appearance USE APP_1
 geometry DEF FACE_491 IndexedFaceSet {
  coord DEF COORD_491 Coordinate { point [
  29.224409 0.15152628 0.34526763,29.224409 0.14570419 0.17860625,
  29.224409 0.14567521 0.17654533,29.224409 0.14566977 0.098425197,
  29.224409 0.2047244 0.098425197,29.224409 0.20472435 0.17654568,
  29.224409 0.20669291 0.23291811,29.224409 0.20669291 0.4176625,
  29.224409 0.18906826 0.40965121,29.224409 0.17393132 0.39758134,
  29.224409 0.16219725 0.38218262,29.224409 0.15457549 0.36438605] }
 coordIndex [
  2,4,3,-1,2,5,4,-1,1,6,5,-1,1,5,2,-1,0,6,1,-1,7,6,0,-1,9,8,7,-1,9,11,10,-1,
  9,0,11,-1,9,7,0,-1]
  normalPerVertex TRUE
  normal DEF NORM_491 Normal { vector [
  -1 0 0,-1 0 0,
  -1 0 0,-1 0 0,
  -1 0 0,-1 0 0,
  -1 0 0,-1 0 0,
  -1 0 0,-1 0 0,
  -1 0 0,-1 0 0] }
}
}
DEF SHAPE_492 Shape {
 appearance USE APP_1
 geometry DEF FACE_492 IndexedFaceSet {
  coord DEF COORD_492 Coordinate { point [
  29.224409 0.15152628 0.34526763,29.318898 0.1515259 0.34526765,
  29.318898 0.14570419 0.17860625,29.224409 0.14570419 0.17860625] }
 coordIndex [
  2,1,0,-1,2,0,3,-1]
  normalPerVertex TRUE
  normal DEF NORM_492 Normal { vector [
  -2.0275677e-06 -0.99939042 0.034911221,-4.0551353e-06 -0.99939046 0.034910072,
  -2.0275677e-06 -0.99939042 0.034911221,0 -0.99939038 0.034912369] }
}
}
DEF SHAPE_493 Shape {
 appearance USE APP_1
 geometry DEF FACE_493 IndexedFaceSet {
  coord DEF COORD_493 Coordinate { point [
  29.318898 0.14570419 0.17860625,29.318898 0.14566973 0.17654533,
  29.224409 0.14567521 0.17654533,29.224409 0.14570419 0.17860625] }
 coordIndex [
  0,2,1,-1,0,3,2,-1]
  normalPerVertex TRUE
  normal DEF NORM_493 Normal { vector [
  -2.9023124e-05 -0.99988158 0.015389062,-5.8045007e-05 -0.99986022 0.016719342,
  -2.9023124e-05 -0.99988158 0.015389062,0 -0.99990117 0.0140587] }
}
}
DEF SHAPE_494 Shape {
 appearance USE APP_1
 geometry DEF FACE_494 IndexedFaceSet {
  coord DEF COORD_494 Coordinate { point [
  29.224409 0.14566977 0.098425197,29.224409 0.14567521 0.17654533,
  29.318898 0.14566973 0.17654533,29.318898 0.14566928 0.098425197] }
 coordIndex [
  3,1,0,-1,2,1,3,-1]
  normalPerVertex TRUE
  normal DEF NORM_494 Normal { vector [
  -5.1849667e-06 -1 6.9611542e-05,-3.1619044e-05 -1 3.7638884e-05,
  -5.8053122e-05 -1 5.6662264e-06,-3.1619044e-05 -1 3.7638884e-05] }
}
}
DEF SHAPE_495 Shape {
 appearance USE APP_1
 geometry DEF FACE_495 IndexedFaceSet {
  coord DEF COORD_495 Coordinate { point [
  29.224409 0.2047244 0.098425197,29.224409 0.14566977 0.098425197,
  29.318898 0.14566928 0.098425197,29.318898 0.20472439 0.098425197] }
 coordIndex [
  3,1,0,-1,2,1,3,-1]
  normalPerVertex TRUE
  normal DEF NORM_495 Normal { vector [
  0 0 -1,0 0 -1,
  0 0 -1,0 0 -1] }
}
}
DEF SHAPE_496 Shape {
 appearance USE APP_1
 geometry DEF FACE_496 IndexedFaceSet {
  coord DEF COORD_496 Coordinate { point [
  29.318898 0.20472434 0.17654568,29.224409 0.20472435 0.17654568,
  29.318898 0.20472439 0.098425197,29.224409 0.2047244 0.098425197] }
 coordIndex [
  1,0,2,-1,3,1,2,-1]
  normalPerVertex TRUE
  normal DEF NORM_496 Normal { vector [
  9.1549166e-08 1 6.6438563e-07,9.1548958e-08 1 6.6438538e-07,
  9.1548958e-08 1 6.6438538e-07,9.154875e-08 1 6.6438513e-07] }
}
}
DEF SHAPE_497 Shape {
 appearance USE APP_1
 geometry DEF FACE_497 IndexedFaceSet {
  coord DEF COORD_497 Coordinate { point [
  29.480315 0.20669291 0.4176625,29.480315 0.18906826 0.40965121,
  29.480315 0.17393132 0.39758134,29.480315 0.16219725 0.38218262,
  29.480315 0.15457549 0.36438605,29.480315 0.15152628 0.34526763,
  29.574803 0.1515259 0.34526765,29.574803 0.15457549 0.36438605,
  29.574803 0.16219725 0.38218262,29.574803 0.17393132 0.39758134,
  29.574803 0.18906826 0.40965121,29.574803 0.20669291 0.4176625] }
 coordIndex [
  11,0,1,-1,10,1,2,-1,10,11,1,-1,9,2,3,-1,9,10,2,-1,8,3,4,-1,8,9,3,-1,7,4,5,-1,
  7,8,4,-1,6,7,5,-1]
  normalPerVertex TRUE
  normal DEF NORM_497 Normal { vector [
  0 -0.41380641 0.9103649,0 -0.4869681 0.87341975,
  0 -0.68537901 0.72818652,0 -0.8423522 0.53892743,
  0 -0.94839409 0.31709408,-2.0129793e-06 -0.98751743 0.15750974,
  -4.0243477e-06 -0.98751589 0.15751944,-1.3505533e-06 -0.97130494 0.23783756,
  0 -0.88391765 0.46764258,0 -0.74308288 0.6691994,
  0 -0.55732163 0.8302967,0 -0.41380641 0.9103649] }
}
}
DEF SHAPE_498 Shape {
 appearance USE APP_1
 geometry DEF FACE_498 IndexedFaceSet {
  coord DEF COORD_498 Coordinate { point [
  29.574803 0.14569769 0.17860625,29.574803 0.1515259 0.34526765,
  29.574803 0.14567148 0.17654531,29.574803 0.14566928 0.098425197,
  29.574803 0.20472439 0.098425197,29.574803 0.20472434 0.17654568,
  29.574803 0.20669291 0.23291811,29.574803 0.20669291 0.4176625,
  29.574803 0.15457549 0.36438605,29.574803 0.16219725 0.38218262,
  29.574803 0.17393132 0.39758134,29.574803 0.18906826 0.40965121] }
 coordIndex [
  1,9,8,-1,1,10,9,-1,1,11,10,-1,1,7,11,-1,6,1,0,-1,6,7,1,-1,5,0,2,-1,5,6,0,-1,
  4,2,3,-1,4,5,2,-1]
  normalPerVertex TRUE
  normal DEF NORM_498 Normal { vector [
  1 0 0,1 0 0,
  1 0 0,1 0 0,
  1 0 0,1 0 0,
  1 0 0,1 0 0,
  1 0 0,1 0 0,
  1 0 0,1 0 0] }
}
}
DEF SHAPE_499 Shape {
 appearance USE APP_1
 geometry DEF FACE_499 IndexedFaceSet {
  coord DEF COORD_499 Coordinate { point [
  29.574803 0.20669291 0.23291811,29.574803 0.20472434 0.17654568,
  29.480315 0.20472435 0.17654568,29.480315 0.20669291 0.23291811] }
 coordIndex [
  2,0,1,-1,3,0,2,-1]
  normalPerVertex TRUE
  normal DEF NORM_499 Normal { vector [
  4.5746699e-08 0.99939083 -0.034899497,9.1493397e-08 0.99939082 -0.034899573,
  4.5746699e-08 0.99939083 -0.034899497,0 0.99939083 -0.03489942] }
}
}
DEF SHAPE_500 Shape {
 appearance USE APP_1
 geometry DEF FACE_500 IndexedFaceSet {
  coord DEF COORD_500 Coordinate { point [
  29.480315 0.15152628 0.34526763,29.480315 0.14570219 0.17860625,
  29.480315 0.14567671 0.17654531,29.480315 0.14567002 0.098425197,
  29.480315 0.2047244 0.098425197,29.480315 0.20472435 0.17654568,
  29.480315 0.20669291 0.23291811,29.480315 0.20669291 0.4176625,
  29.480315 0.18906826 0.40965121,29.480315 0.17393132 0.39758134,
  29.480315 0.16219725 0.38218262,29.480315 0.15457549 0.36438605] }
 coordIndex [
  2,4,3,-1,2,5,4,-1,1,6,5,-1,1,5,2,-1,0,6,1,-1,7,6,0,-1,9,8,7,-1,9,11,10,-1,
  9,0,11,-1,9,7,0,-1]
  normalPerVertex TRUE
  normal DEF NORM_500 Normal { vector [
  -1 0 0,-1 0 0,
  -1 0 0,-1 0 0,
  -1 0 0,-1 0 0,
  -1 0 0,-1 0 0,
  -1 0 0,-1 0 0,
  -1 0 0,-1 0 0] }
}
}
DEF SHAPE_501 Shape {
 appearance USE APP_1
 geometry DEF FACE_501 IndexedFaceSet {
  coord DEF COORD_501 Coordinate { point [
  29.480315 0.15152628 0.34526763,29.574803 0.1515259 0.34526765,
  29.574803 0.14569769 0.17860625,29.480315 0.14570219 0.17860625] }
 coordIndex [
  3,1,0,-1,2,1,3,-1]
  normalPerVertex TRUE
  normal DEF NORM_501 Normal { vector [
  -4.0551353e-06 -0.99938996 0.034924341,-2.5800283e-05 -0.99938953 0.034936654,
  -4.754541e-05 -0.9993891 0.034948967,-2.5800283e-05 -0.99938953 0.034936654] }
}
}
DEF SHAPE_502 Shape {
 appearance USE APP_1
 geometry DEF FACE_502 IndexedFaceSet {
  coord DEF COORD_502 Coordinate { point [
  29.480315 0.14567671 0.17654531,29.574803 0.14567148 0.17654531,
  29.480315 0.14570219 0.17860625,29.574803 0.14569769 0.17860625] }
 coordIndex [
  0,1,3,-1,2,0,3,-1]
  normalPerVertex TRUE
  normal DEF NORM_502 Normal { vector [
  -5.1487759e-05 -0.99992137 0.012539684,-5.5404659e-05 -0.99991911 0.012719239,
  -4.7570839e-05 -0.99992361 0.012360127,-5.1487759e-05 -0.99992137 0.012539684] }
}
}
DEF SHAPE_503 Shape {
 appearance USE APP_1
 geometry DEF FACE_503 IndexedFaceSet {
  coord DEF COORD_503 Coordinate { point [
  29.480315 0.14567002 0.098425197,29.480315 0.14567671 0.17654531,
  29.574803 0.14567148 0.17654531,29.574803 0.14566928 0.098425197] }
 coordIndex [
  3,1,0,-1,2,1,3,-1]
  normalPerVertex TRUE
  normal DEF NORM_503 Normal { vector [
  -7.8346683e-06 -1 8.5638969e-05,-3.1621905e-05 -1 5.6867723e-05,
  -5.5409142e-05 -1 2.8096478e-05,-3.1621905e-05 -1 5.6867723e-05] }
}
}
DEF SHAPE_504 Shape {
 appearance USE APP_1
 geometry DEF FACE_504 IndexedFaceSet {
  coord DEF COORD_504 Coordinate { point [
  29.480315 0.2047244 0.098425197,29.480315 0.14567002 0.098425197,
  29.574803 0.14566928 0.098425197,29.574803 0.20472439 0.098425197] }
 coordIndex [
  3,1,0,-1,2,1,3,-1]
  normalPerVertex TRUE
  normal DEF NORM_504 Normal { vector [
  0 0 -1,0 0 -1,
  0 0 -1,0 0 -1] }
}
}
DEF SHAPE_505 Shape {
 appearance USE APP_1
 geometry DEF FACE_505 IndexedFaceSet {
  coord DEF COORD_505 Coordinate { point [
  29.574803 0.20472434 0.17654568,29.480315 0.20472435 0.17654568,
  29.574803 0.20472439 0.098425197,29.480315 0.2047244 0.098425197] }
 coordIndex [
  1,0,2,-1,3,1,2,-1]
  normalPerVertex TRUE
  normal DEF NORM_505 Normal { vector [
  9.1549166e-08 1 6.6438563e-07,9.1548958e-08 1 6.6438538e-07,
  9.1548958e-08 1 6.6438538e-07,9.154875e-08 1 6.6438513e-07] }
}
}
DEF SHAPE_506 Shape {
 appearance USE APP_1
 geometry DEF FACE_506 IndexedFaceSet {
  coord DEF COORD_506 Coordinate { point [
  29.73622 0.20669291 0.4176625,29.73622 0.18906826 0.40965121,
  29.73622 0.17393132 0.39758134,29.73622 0.16219725 0.38218262,
  29.73622 0.15457549 0.36438605,29.73622 0.15152628 0.34526763,
  29.830709 0.1515259 0.34526765,29.830709 0.15457549 0.36438605,
  29.830709 0.16219725 0.38218262,29.830709 0.17393132 0.39758134,
  29.830709 0.18906826 0.40965121,29.830709 0.20669291 0.4176625] }
 coordIndex [
  11,0,1,-1,10,1,2,-1,10,11,1,-1,9,2,3,-1,9,10,2,-1,8,3,4,-1,8,9,3,-1,7,4,5,-1,
  7,8,4,-1,6,7,5,-1]
  normalPerVertex TRUE
  normal DEF NORM_506 Normal { vector [
  0 -0.41380641 0.9103649,0 -0.4869681 0.87341975,
  0 -0.68537901 0.72818652,0 -0.8423522 0.53892743,
  0 -0.94839409 0.31709408,-2.0129795e-06 -0.98751743 0.15750974,
  -4.0243481e-06 -0.98751589 0.15751944,-1.3505534e-06 -0.97130494 0.23783756,
  0 -0.88391765 0.46764258,0 -0.74308288 0.6691994,
  0 -0.55732163 0.8302967,0 -0.41380641 0.9103649] }
}
}
DEF SHAPE_507 Shape {
 appearance USE APP_1
 geometry DEF FACE_507 IndexedFaceSet {
  coord DEF COORD_507 Coordinate { point [
  29.830709 0.14569769 0.17860625,29.830709 0.1515259 0.34526765,
  29.830709 0.14567148 0.17654531,29.830709 0.14566928 0.098425197,
  29.830709 0.20472439 0.098425197,29.830709 0.20472434 0.17654568,
  29.830709 0.20669291 0.23291811,29.830709 0.20669291 0.4176625,
  29.830709 0.15457549 0.36438605,29.830709 0.16219725 0.38218262,
  29.830709 0.17393132 0.39758134,29.830709 0.18906826 0.40965121] }
 coordIndex [
  1,9,8,-1,1,10,9,-1,1,11,10,-1,1,7,11,-1,6,1,0,-1,6,7,1,-1,5,0,2,-1,5,6,0,-1,
  4,2,3,-1,4,5,2,-1]
  normalPerVertex TRUE
  normal DEF NORM_507 Normal { vector [
  1 0 0,1 0 0,
  1 0 0,1 0 0,
  1 0 0,1 0 0,
  1 0 0,1 0 0,
  1 0 0,1 0 0,
  1 0 0,1 0 0] }
}
}
DEF SHAPE_508 Shape {
 appearance USE APP_1
 geometry DEF FACE_508 IndexedFaceSet {
  coord DEF COORD_508 Coordinate { point [
  29.830709 0.20669291 0.23291811,29.830709 0.20472434 0.17654568,
  29.73622 0.20472435 0.17654568,29.73622 0.20669291 0.23291811] }
 coordIndex [
  2,0,1,-1,3,0,2,-1]
  normalPerVertex TRUE
  normal DEF NORM_508 Normal { vector [
  4.5746706e-08 0.99939083 -0.034899497,9.1493411e-08 0.99939082 -0.034899573,
  4.5746706e-08 0.99939083 -0.034899497,0 0.99939083 -0.03489942] }
}
}
DEF SHAPE_509 Shape {
 appearance USE APP_1
 geometry DEF FACE_509 IndexedFaceSet {
  coord DEF COORD_509 Coordinate { point [
  29.73622 0.15152628 0.34526763,29.73622 0.14570219 0.17860625,
  29.73622 0.14567671 0.17654531,29.73622 0.14567002 0.098425197,
  29.73622 0.2047244 0.098425197,29.73622 0.20472435 0.17654568,
  29.73622 0.20669291 0.23291811,29.73622 0.20669291 0.4176625,
  29.73622 0.18906826 0.40965121,29.73622 0.17393132 0.39758134,
  29.73622 0.16219725 0.38218262,29.73622 0.15457549 0.36438605] }
 coordIndex [
  0,8,7,-1,0,9,8,-1,0,10,9,-1,0,11,10,-1,6,1,0,-1,6,0,7,-1,5,2,1,-1,5,1,6,-1,
  4,3,2,-1,4,2,5,-1]
  normalPerVertex TRUE
  normal DEF NORM_509 Normal { vector [
  -1 0 0,-1 0 0,
  -1 0 0,-1 0 0,
  -1 0 0,-1 0 0,
  -1 0 0,-1 0 0,
  -1 0 0,-1 0 0,
  -1 0 0,-1 0 0] }
}
}
DEF SHAPE_510 Shape {
 appearance USE APP_1
 geometry DEF FACE_510 IndexedFaceSet {
  coord DEF COORD_510 Coordinate { point [
  29.73622 0.15152628 0.34526763,29.830709 0.1515259 0.34526765,
  29.830709 0.14569769 0.17860625,29.73622 0.14570219 0.17860625] }
 coordIndex [
  3,1,0,-1,2,1,3,-1]
  normalPerVertex TRUE
  normal DEF NORM_510 Normal { vector [
  -4.0551358e-06 -0.99938996 0.034924341,-2.5800283e-05 -0.99938953 0.034936654,
  -4.754541e-05 -0.9993891 0.034948967,-2.5800283e-05 -0.99938953 0.034936654] }
}
}
DEF SHAPE_511 Shape {
 appearance USE APP_1
 geometry DEF FACE_511 IndexedFaceSet {
  coord DEF COORD_511 Coordinate { point [
  29.73622 0.14567671 0.17654531,29.830709 0.14567148 0.17654531,
  29.73622 0.14570219 0.17860625,29.830709 0.14569769 0.17860625] }
 coordIndex [
  0,1,3,-1,2,0,3,-1]
  normalPerVertex TRUE
  normal DEF NORM_511 Normal { vector [
  -5.1487759e-05 -0.99992137 0.012539684,-5.5404659e-05 -0.99991911 0.012719239,
  -4.7570839e-05 -0.99992361 0.012360127,-5.1487759e-05 -0.99992137 0.012539684] }
}
}
DEF SHAPE_512 Shape {
 appearance USE APP_1
 geometry DEF FACE_512 IndexedFaceSet {
  coord DEF COORD_512 Coordinate { point [
  29.73622 0.14567002 0.098425197,29.73622 0.14567671 0.17654531,
  29.830709 0.14567148 0.17654531,29.830709 0.14566928 0.098425197] }
 coordIndex [
  3,1,0,-1,2,1,3,-1]
  normalPerVertex TRUE
  normal DEF NORM_512 Normal { vector [
  -7.8346683e-06 -1 8.5638969e-05,-3.1621905e-05 -1 5.6867723e-05,
  -5.5409142e-05 -1 2.8096478e-05,-3.1621905e-05 -1 5.6867723e-05] }
}
}
DEF SHAPE_513 Shape {
 appearance USE APP_1
 geometry DEF FACE_513 IndexedFaceSet {
  coord DEF COORD_513 Coordinate { point [
  29.73622 0.2047244 0.098425197,29.73622 0.14567002 0.098425197,
  29.830709 0.14566928 0.098425197,29.830709 0.20472439 0.098425197] }
 coordIndex [
  3,1,0,-1,2,1,3,-1]
  normalPerVertex TRUE
  normal DEF NORM_513 Normal { vector [
  0 0 -1,0 0 -1,
  0 0 -1,0 0 -1] }
}
}
DEF SHAPE_514 Shape {
 appearance USE APP_1
 geometry DEF FACE_514 IndexedFaceSet {
  coord DEF COORD_514 Coordinate { point [
  29.830709 0.20472434 0.17654568,29.73622 0.20472435 0.17654568,
  29.830709 0.20472439 0.098425197,29.73622 0.2047244 0.098425197] }
 coordIndex [
  1,0,2,-1,3,1,2,-1]
  normalPerVertex TRUE
  normal DEF NORM_514 Normal { vector [
  9.1549166e-08 1 6.6438563e-07,9.1548958e-08 1 6.6438538e-07,
  9.1548958e-08 1 6.6438538e-07,9.154875e-08 1 6.6438513e-07] }
}
}
DEF SHAPE_515 Shape {
 appearance USE APP_1
 geometry DEF FACE_515 IndexedFaceSet {
  coord DEF COORD_515 Coordinate { point [
  29.992126 0.14570753 0.17860619,29.992126 0.15152685 0.34526762,
  29.992126 0.14566172 0.17654562,29.992126 0.14566929 0.098425197,
  29.992126 0.20472441 0.098425197,29.992126 0.20472433 0.17654537,
  29.992126 0.20669291 0.23291811,29.992126 0.20669291 0.4176625,
  29.992126 0.18906826 0.40965121,29.992126 0.17393132 0.39758134,
  29.992126 0.16219725 0.38218262,29.992126 0.15457549 0.36438606] }
 coordIndex [
  5,2,0,-1,5,3,2,-1,5,4,3,-1,6,5,0,-1,1,6,0,-1,7,9,8,-1,7,10,9,-1,7,11,10,-1,
  7,1,11,-1,7,6,1,-1]
  normalPerVertex TRUE
  normal DEF NORM_515 Normal { vector [
  -1 0 0,-1 0 0,
  -1 0 0,-1 0 0,
  -1 0 0,-1 0 0,
  -1 0 0,-1 0 0,
  -1 0 0,-1 0 0,
  -1 0 0,-1 0 0] }
}
}
DEF SHAPE_516 Shape {
 appearance USE APP_1
 geometry DEF FACE_516 IndexedFaceSet {
  coord DEF COORD_516 Coordinate { point [
  29.992126 0.20669291 0.4176625,29.992126 0.18906826 0.40965121,
  29.992126 0.17393132 0.39758134,29.992126 0.16219725 0.38218262,
  29.992126 0.15457549 0.36438606,29.992126 0.15152685 0.34526762,
  30.086614 0.1515259 0.34526765,30.086614 0.15457549 0.36438605,
  30.086614 0.16219725 0.38218262,30.086614 0.17393132 0.39758134,
  30.086614 0.18906826 0.40965121,30.086614 0.20669291 0.4176625] }
 coordIndex [
  11,0,1,-1,10,1,2,-1,10,11,1,-1,9,2,3,-1,9,10,2,-1,8,3,4,-1,8,9,3,-1,7,4,5,-1,
  7,8,4,-1,6,7,5,-1]
  normalPerVertex TRUE
  normal DEF NORM_516 Normal { vector [
  0 -0.41380641 0.9103649,0 -0.4869681 0.87341976,
  0 -0.68537901 0.72818653,0 -0.84235219 0.53892745,
  0 -0.94839711 0.31708504,-5.0308532e-06 -0.98751975 0.15749521,
  -1.0056875e-05 -0.98751589 0.15751944,-3.3750501e-06 -0.97130726 0.2378281,
  0 -0.88391765 0.46764259,0 -0.74308287 0.6691994,
  0 -0.55732162 0.8302967,0 -0.41380641 0.9103649] }
}
}
DEF SHAPE_517 Shape {
 appearance USE APP_1
 geometry DEF FACE_517 IndexedFaceSet {
  coord DEF COORD_517 Coordinate { point [
  30.086614 0.14569769 0.17860625,30.086614 0.1515259 0.34526765,
  30.086614 0.14567148 0.17654531,30.086614 0.14566928 0.098425197,
  30.086614 0.20472439 0.098425197,30.086614 0.20472434 0.17654562,
  30.086614 0.20669291 0.23291811,30.086614 0.20669291 0.4176625,
  30.086614 0.15457549 0.36438605,30.086614 0.16219725 0.38218262,
  30.086614 0.17393132 0.39758134,30.086614 0.18906826 0.40965121] }
 coordIndex [
  1,9,8,-1,1,10,9,-1,1,11,10,-1,1,7,11,-1,6,1,0,-1,6,7,1,-1,5,0,2,-1,5,6,0,-1,
  4,2,3,-1,4,5,2,-1]
  normalPerVertex TRUE
  normal DEF NORM_517 Normal { vector [
  1 0 0,1 0 0,
  1 0 0,1 0 0,
  1 0 0,1 0 0,
  1 0 0,1 0 0,
  1 0 0,1 0 0,
  1 0 0,1 0 0] }
}
}
DEF SHAPE_518 Shape {
 appearance USE APP_1
 geometry DEF FACE_518 IndexedFaceSet {
  coord DEF COORD_518 Coordinate { point [
  30.086614 0.20669291 0.23291811,30.086614 0.20472434 0.17654562,
  29.992126 0.20472433 0.17654537,29.992126 0.20669291 0.23291811] }
 coordIndex [
  3,0,1,-1,3,1,2,-1]
  normalPerVertex TRUE
  normal DEF NORM_518 Normal { vector [
  0 0.99939082 -0.034899573,1.1433206e-08 0.99939083 -0.034899554,
  2.2866362e-08 0.99939083 -0.034899535,1.1433206e-08 0.99939083 -0.034899554] }
}
}
DEF SHAPE_519 Shape {
 appearance USE APP_1
 geometry DEF FACE_519 IndexedFaceSet {
  coord DEF COORD_519 Coordinate { point [
  30.086614 0.20472439 0.098425197,29.992126 0.20472441 0.098425197,
  29.992126 0.20472433 0.17654537,30.086614 0.20472434 0.17654562] }
 coordIndex [
  2,3,0,-1,1,2,0,-1]
  normalPerVertex TRUE
  normal DEF NORM_519 Normal { vector [
  4.5755786e-08 1 8.304704e-07,1.6018292e-07 1 9.6887271e-07,
  4.5755786e-08 1 8.304704e-07,-6.8670981e-08 1 6.9206853e-07] }
}
}
DEF SHAPE_520 Shape {
 appearance USE APP_1
 geometry DEF FACE_520 IndexedFaceSet {
  coord DEF COORD_520 Coordinate { point [
  30.086614 0.14566928 0.098425197,30.086614 0.20472439 0.098425197,
  29.992126 0.20472441 0.098425197,29.992126 0.14566929 0.098425197] }
 coordIndex [
  1,3,2,-1,0,3,1,-1]
  normalPerVertex TRUE
  normal DEF NORM_520 Normal { vector [
  0 0 -1,0 0 -1,
  0 0 -1,0 0 -1] }
}
}
DEF SHAPE_521 Shape {
 appearance USE APP_1
 geometry DEF FACE_521 IndexedFaceSet {
  coord DEF COORD_521 Coordinate { point [
  30.086614 0.14567148 0.17654531,30.086614 0.14566928 0.098425197,
  29.992126 0.14566929 0.098425197,29.992126 0.14566172 0.17654562] }
 coordIndex [
  0,2,1,-1,0,3,2,-1]
  normalPerVertex TRUE
  normal DEF NORM_521 Normal { vector [
  5.1570563e-05 -1 -3.439013e-05,-9.1564167e-08 -1 2.8096478e-05,
  5.1570563e-05 -1 -3.439013e-05,0.00010323248 -0.99999999 -9.6876487e-05] }
}
}
DEF SHAPE_522 Shape {
 appearance USE APP_1
 geometry DEF FACE_522 IndexedFaceSet {
  coord DEF COORD_522 Coordinate { point [
  30.086614 0.14569769 0.17860625,30.086614 0.14567148 0.17654531,
  29.992126 0.14570753 0.17860619,29.992126 0.14566172 0.17654562] }
 coordIndex [
  0,2,3,-1,0,3,1,-1]
  normalPerVertex TRUE
  normal DEF NORM_522 Normal { vector [
  -4.1284964e-07 -0.99984735 0.017472117,0.0001032667 -0.9999191 0.012719239,
  -0.00010409376 -0.999753 0.022224663,-4.1284964e-07 -0.99984735 0.017472117] }
}
}
DEF SHAPE_523 Shape {
 appearance USE APP_1
 geometry DEF FACE_523 IndexedFaceSet {
  coord DEF COORD_523 Coordinate { point [
  29.992126 0.15152685 0.34526762,30.086614 0.1515259 0.34526765,
  30.086614 0.14569769 0.17860625,29.992126 0.14570753 0.17860619] }
 coordIndex [
  3,1,0,-1,2,1,3,-1]
  normalPerVertex TRUE
  normal DEF NORM_523 Normal { vector [
  -1.0137838e-05 -0.99939096 0.034895781,-5.7100646e-05 -0.99939003 0.034922374,
  -0.00010406337 -0.99938909 0.034948967,-5.7100646e-05 -0.99939003 0.034922374] }
}
}
DEF SHAPE_524 Shape {
 appearance USE APP_1
 geometry DEF FACE_524 IndexedFaceSet {
  coord DEF COORD_524 Coordinate { point [
  29.515749 0.17716535 1.850347,29.518908 0.17716535 1.8241457,
  29.528204 0.17716535 1.799446,29.543105 0.17716535 1.7776638,
  29.562756 0.17716535 1.7600475,29.586031 0.17716535 1.7476068,
  29.611596 0.17716535 1.7410549,29.637985 0.17716535 1.7407672,
  29.663687 0.17716535 1.7467602,29.515749 0.27559055 1.850347,
  29.663687 0.27559055 1.7467594,29.637985 0.27559055 1.7407672,
  29.611596 0.27559055 1.7410549,29.586031 0.27559055 1.7476068,
  29.562756 0.27559055 1.7600475,29.543105 0.27559055 1.7776638,
  29.528204 0.27559055 1.799446,29.518908 0.27559055 1.8241457] }
 coordIndex [
  1,9,0,-1,1,17,9,-1,2,16,17,-1,2,17,1,-1,3,15,16,-1,3,16,2,-1,4,14,15,-1,4,15,3,-1,
  5,13,14,-1,5,14,4,-1,6,12,13,-1,6,13,5,-1,7,11,12,-1,7,12,6,-1,8,10,11,-1,8,11,7,-1]
  normalPerVertex TRUE
  normal DEF NORM_524 Normal { vector [
  0.99280684 -8.57878e-06 0.11972713,0.98010287 -2.8779855e-06 0.1984902,
  0.90484033 0 0.42575107,0.77771296 0 0.62861956,
  0.60600941 0 0.79545747,0.39957123 0 0.91670215,
  0.17023083 0 0.98540421,-0.068866693 0 0.99762587,
  -0.22707022 3.9017213e-06 0.97387839,0.99280875 -4.2918218e-06 0.11971126,
  -0.22705607 7.7985805e-06 0.97388169,-0.1486961 2.6162459e-06 0.98888294,
  0.090601521 0 0.99588722,0.32471567 0 0.94581168,
  0.54021809 0 0.84152505,0.72475683 0 0.68900474,
  0.8677547 0 0.49699275,0.96101547 0 0.27649462] }
}
}
DEF SHAPE_525 Shape {
 appearance USE APP_1
 geometry DEF FACE_525 IndexedFaceSet {
  coord DEF COORD_525 Coordinate { point [
  29.856101 0.17716535 1.8167909,29.856101 0.27559055 1.8167902,
  29.663687 0.27559055 1.7467594,29.663687 0.17716535 1.7467602] }
 coordIndex [
  0,2,3,-1,1,2,0,-1]
  normalPerVertex TRUE
  normal DEF NORM_525 Normal { vector [
  -0.34201092 7.8563997e-06 0.93969598,-0.34201092 7.8544534e-06 0.93969598,
  -0.34201092 7.8563997e-06 0.93969598,-0.34201092 7.8583461e-06 0.93969598] }
}
}
DEF SHAPE_526 Shape {
 appearance USE APP_1
 geometry DEF FACE_526 IndexedFaceSet {
  coord DEF COORD_526 Coordinate { point [
  29.988188 0.17716535 1.7243021,29.988188 0.27559055 1.7243021,
  29.985367 0.27559055 1.7476962,29.977067 0.27559055 1.7697494,
  29.963763 0.27559055 1.7891978,29.946218 0.27559055 1.8049267,
  29.925437 0.27559055 1.8160344,29.902611 0.27559055 1.8218843,
  29.879049 0.27559055 1.8221412,29.856101 0.27559055 1.8167902,
  29.856101 0.17716535 1.8167909,29.879049 0.17716535 1.8221412,
  29.902611 0.17716535 1.8218843,29.925437 0.17716535 1.8160344,
  29.946218 0.17716535 1.8049267,29.963763 0.17716535 1.7891978,
  29.977067 0.17716535 1.7697494,29.985367 0.17716535 1.7476962] }
 coordIndex [
  0,1,2,-1,17,2,3,-1,17,0,2,-1,16,3,4,-1,16,17,3,-1,15,4,5,-1,15,16,4,-1,14,5,6,-1,
  14,15,5,-1,13,6,7,-1,13,14,6,-1,12,7,8,-1,12,13,7,-1,11,8,9,-1,11,12,8,-1,10,11,9,-1]
  normalPerVertex TRUE
  normal DEF NORM_526 Normal { vector [
  0.99280893 -4.1346666e-06 0.11970978,0.99280686 -8.2652629e-06 0.11972691,
  0.9801032 -2.7728081e-06 0.19848858,0.90484106 0 0.42574953,
  0.77771353 0 0.62861885,0.60600952 0 0.79545739,
  0.39957063 0 0.91670241,0.17022941 0 0.98540446,
  -0.068868914 0 0.99762572,-0.22707121 3.8996567e-06 0.97387816,
  -0.22705536 7.7952436e-06 0.97388185,-0.14869743 2.6151271e-06 0.98888274,
  0.090599823 0 0.99588738,0.3247148 0 0.94581198,
  0.54021798 0 0.84152512,0.72475728 0 0.68900427,
  0.86775541 0 0.4969915,0.96101608 0 0.27649248] }
}
}
DEF SHAPE_527 Shape {
 appearance USE APP_1
 geometry DEF FACE_527 IndexedFaceSet {
  coord DEF COORD_527 Coordinate { point [
  29.988189 0.17716535 1.5275591,29.988188 0.27559055 1.5275591,
  29.988188 0.27559055 1.7243021,29.988188 0.17716535 1.7243021] }
 coordIndex [
  0,2,3,-1,1,2,0,-1]
  normalPerVertex TRUE
  normal DEF NORM_527 Normal { vector [
  1 -2.8406999e-06 2.8422603e-06,1 2.64648e-06 9.7172997e-08,
  1 -2.8406999e-06 2.8422603e-06,1 -8.3278799e-06 5.5873476e-06] }
}
}
DEF SHAPE_528 Shape {
 appearance USE APP_1
 geometry DEF FACE_528 IndexedFaceSet {
  coord DEF COORD_528 Coordinate { point [
  29.889764 0.17716535 1.4291344,29.889764 0.27559055 1.429134,
  29.911665 0.27559055 1.4316019,29.932469 0.27559055 1.4388811,
  29.951131 0.27559055 1.4506072,29.966716 0.27559055 1.4661919,
  29.978442 0.27559055 1.484854,29.985721 0.27559055 1.5056574,
  29.988188 0.27559055 1.5275591,29.988189 0.17716535 1.5275591,
  29.985721 0.17716535 1.5056574,29.978442 0.17716535 1.484854,
  29.966716 0.17716535 1.4661919,29.951131 0.17716535 1.4506072,
  29.932469 0.17716535 1.4388811,29.911665 0.17716535 1.4316019] }
 coordIndex [
  0,1,2,-1,15,2,3,-1,15,0,2,-1,14,3,4,-1,14,15,3,-1,13,4,5,-1,13,14,4,-1,12,5,6,-1,
  12,13,5,-1,11,6,7,-1,11,12,6,-1,10,7,8,-1,10,11,7,-1,9,10,8,-1]
  normalPerVertex TRUE
  normal DEF NORM_528 Normal { vector [
  0.11196087 -1.8442496e-06 -0.99371262,0.11196904 -3.6855121e-06 -0.9937117,
  0.18576895 -1.2354077e-06 -0.98259346,0.39975756 0 -0.91662091,
  0.59370533 0 -0.80468253,0.75788119 0 -0.6523926,
  0.88405239 0 -0.46738783,0.96589195 0 -0.25894545,
  0.99371288 1.3154172e-06 -0.11195852,0.99371222 2.6278452e-06 -0.11196434,
  0.98259375 8.8087068e-07 -0.18576741,0.91662091 0 -0.39975756,
  0.80468253 0 -0.59370533,0.6523926 0 -0.75788119,
  0.46738783 0 -0.88405239,0.25894545 0 -0.96589195] }
}
}
DEF SHAPE_529 Shape {
 appearance USE APP_1
 geometry DEF FACE_529 IndexedFaceSet {
  coord DEF COORD_529 Coordinate { point [
  29.141732 0.17716535 1.4291337,29.889764 0.17716535 1.4291344,
  29.889764 0.27559055 1.429134,29.141732 0.27559055 1.4291334] }
 coordIndex [
  3,2,1,-1,0,3,1,-1]
  normalPerVertex TRUE
  normal DEF NORM_529 Normal { vector [
  9.5477948e-07 -3.380132e-06 -1,9.3302237e-07 -3.545486e-06 -1,
  9.1126527e-07 -3.71084e-06 -1,9.3302237e-07 -3.545486e-06 -1] }
}
}
DEF SHAPE_530 Shape {
 appearance USE APP_1
 geometry DEF FACE_530 IndexedFaceSet {
  coord DEF COORD_530 Coordinate { point [
  29.141732 0.17716535 1.4291337,29.117202 0.17716535 1.4263697,
  29.093903 0.17716535 1.4182169,29.073001 0.17716535 1.4050838,
  29.055546 0.17716535 1.3876288,29.042413 0.17716535 1.3667273,
  29.03426 0.17716535 1.3434275,29.031497 0.17716535 1.3188976,
  29.141732 0.27559055 1.4291334,29.031496 0.27559055 1.3188976,
  29.03426 0.27559055 1.3434275,29.042413 0.27559055 1.3667273,
  29.055546 0.27559055 1.3876288,29.073001 0.27559055 1.4050838,
  29.093903 0.27559055 1.4182169,29.117202 0.27559055 1.4263697] }
 coordIndex [
  1,8,0,-1,1,15,8,-1,2,14,15,-1,2,15,1,-1,3,13,14,-1,3,14,2,-1,4,12,13,-1,4,13,3,-1,
  5,11,12,-1,5,12,4,-1,6,10,11,-1,6,11,5,-1,7,9,10,-1,7,10,6,-1]
  normalPerVertex TRUE
  normal DEF NORM_530 Normal { vector [
  0.11196865 -3.3564091e-06 -0.99371174,0.18577029 -1.12509e-06 -0.9825932,
  0.39975893 0 -0.91662031,0.59370581 0 -0.80468218,
  0.757881 0 -0.65239282,0.88405183 0 -0.46738888,
  0.96589141 0 -0.25894747,0.99371273 1.1346003e-06 -0.11195984,
  0.11196201 -1.6800526e-06 -0.99371249,0.99371223 2.2655034e-06 -0.11196433,
  0.98259347 7.5941119e-07 -0.18576887,0.91662031 0 -0.39975893,
  0.80468218 0 -0.59370581,0.65239282 0 -0.757881,
  0.46738888 0 -0.88405183,0.25894747 0 -0.96589141] }
}
}
DEF SHAPE_531 Shape {
 appearance USE APP_1
 geometry DEF FACE_531 IndexedFaceSet {
  coord DEF COORD_531 Coordinate { point [
  29.031497 0.17716535 1.1060447,29.031497 0.27559055 1.1060447,
  29.031496 0.27559055 1.3188976,29.031497 0.17716535 1.3188976] }
 coordIndex [
  0,2,3,-1,1,2,0,-1]
  normalPerVertex TRUE
  normal DEF NORM_531 Normal { vector [
  1 -3.0414799e-06 2.8128182e-06,1 -8.3652799e-06 5.2745937e-06,
  1 -3.0414799e-06 2.8128182e-06,1 2.28232e-06 3.5104277e-07] }
}
}
DEF SHAPE_532 Shape {
 appearance USE APP_1
 geometry DEF FACE_532 IndexedFaceSet {
  coord DEF COORD_532 Coordinate { point [
  29.031497 0.17716535 1.1060447,29.034656 0.17716535 1.0798434,
  29.043952 0.17716535 1.0551437,29.058853 0.17716535 1.0333615,
  29.078504 0.17716535 1.0157452,29.101779 0.17716535 1.0033045,
  29.127344 0.17716535 0.99675259,29.153733 0.17716535 0.99646487,
  29.179435 0.17716535 1.0024579,29.031497 0.27559055 1.1060447,
  29.179435 0.27559055 1.0024571,29.153733 0.27559055 0.99646487,
  29.127344 0.27559055 0.99675259,29.101779 0.27559055 1.0033045,
  29.078504 0.27559055 1.0157452,29.058853 0.27559055 1.0333615,
  29.043952 0.27559055 1.0551437,29.034656 0.27559055 1.0798434] }
 coordIndex [
  1,9,0,-1,1,17,9,-1,2,16,17,-1,2,17,1,-1,3,15,16,-1,3,16,2,-1,4,14,15,-1,4,15,3,-1,
  5,13,14,-1,5,14,4,-1,6,12,13,-1,6,13,5,-1,7,11,12,-1,7,12,6,-1,8,10,11,-1,8,11,7,-1]
  normalPerVertex TRUE
  normal DEF NORM_532 Normal { vector [
  0.99280696 -8.3018675e-06 0.11972611,0.98010294 -2.7850875e-06 0.19848987,
  0.90484033 0 0.42575107,0.77771296 0 0.62861956,
  0.60600941 0 0.79545747,0.39957123 0 0.91670215,
  0.17023083 0 0.98540421,-0.068866693 0 0.99762587,
  -0.22707022 3.9017186e-06 0.97387839,0.99280881 -4.1533651e-06 0.11971075,
  -0.22705607 7.7985792e-06 0.97388169,-0.1486961 2.6162455e-06 0.98888294,
  0.090601521 0 0.99588722,0.32471567 0 0.94581168,
  0.54021809 0 0.84152505,0.72475683 0 0.68900474,
  0.8677547 0 0.49699275,0.96101547 0 0.27649462] }
}
}
DEF SHAPE_533 Shape {
 appearance USE APP_1
 geometry DEF FACE_533 IndexedFaceSet {
  coord DEF COORD_533 Coordinate { point [
  29.38366 0.17716535 1.0767875,29.38366 0.27559055 1.0767868,
  29.179435 0.27559055 1.0024571,29.179435 0.17716535 1.0024579] }
 coordIndex [
  0,2,3,-1,1,2,0,-1]
  normalPerVertex TRUE
  normal DEF NORM_533 Normal { vector [
  -0.34201145 7.8563966e-06 0.93969578,-0.34201145 7.8544534e-06 0.93969578,
  -0.34201145 7.8563966e-06 0.93969578,-0.34201145 7.8583399e-06 0.93969578] }
}
}
DEF SHAPE_534 Shape {
 appearance USE APP_1
 geometry DEF FACE_534 IndexedFaceSet {
  coord DEF COORD_534 Coordinate { point [
  29.515747 0.27559055 0.98429864,29.515747 0.17716535 0.98429864,
  29.512926 0.27559055 1.0076927,29.504626 0.27559055 1.029746,
  29.491322 0.27559055 1.0491944,29.473777 0.27559055 1.0649232,
  29.452996 0.27559055 1.076031,29.43017 0.27559055 1.0818809,
  29.406608 0.27559055 1.0821377,29.38366 0.27559055 1.0767868,
  29.38366 0.17716535 1.0767875,29.406608 0.17716535 1.0821377,
  29.43017 0.17716535 1.0818809,29.452996 0.17716535 1.076031,
  29.473777 0.17716535 1.0649232,29.491322 0.17716535 1.0491944,
  29.504626 0.17716535 1.029746,29.512926 0.17716535 1.0076927] }
 coordIndex [
  1,0,2,-1,17,2,3,-1,17,1,2,-1,16,3,4,-1,16,17,3,-1,15,4,5,-1,15,16,4,-1,14,5,6,-1,
  14,15,5,-1,13,6,7,-1,13,14,6,-1,12,7,8,-1,12,13,7,-1,11,8,9,-1,11,12,8,-1,10,11,9,-1]
  normalPerVertex TRUE
  normal DEF NORM_534 Normal { vector [
  0.99280671 -8.5750168e-06 0.1197282,0.99280885 -4.2895438e-06 0.11971042,
  0.98010312 -2.8767237e-06 0.198489,0.90484106 0 0.42574953,
  0.77771353 0 0.62861885,0.60600952 0 0.79545739,
  0.39957063 0 0.91670241,0.17022941 0 0.98540446,
  -0.068868914 0 0.99762572,-0.22707121 3.8996567e-06 0.97387816,
  -0.22705536 7.7952436e-06 0.97388185,-0.14869743 2.6151271e-06 0.98888274,
  0.090599823 0 0.99588738,0.3247148 0 0.94581198,
  0.54021798 0 0.84152512,0.72475728 0 0.68900427,
  0.86775541 0 0.4969915,0.96101608 0 0.27649248] }
}
}
DEF SHAPE_535 Shape {
 appearance USE APP_1
 geometry DEF FACE_535 IndexedFaceSet {
  coord DEF COORD_535 Coordinate { point [
  28.582677 0.10310534 2.2952751,28.582677 0.049213633 2.2129149,
  28.565156 0.10475772 2.2941939,28.548513 0.10963039 2.2910055,
  28.533584 0.11747988 2.2858692,28.521116 0.12791254 2.2790426,
  28.511736 0.14040519 2.2708681,28.505913 0.15433135 2.2617555,
  28.503938 0.16899264 2.2521619,28.503938 0.11510058 2.169802,
  28.505913 0.1004393 2.1793955,28.511736 0.086513139 2.1885081,
  28.521116 0.074020487 2.1966826,28.533584 0.063587825 2.2035092,
  28.548513 0.055738336 2.2086455,28.565156 0.050865659 2.2118339] }
 coordIndex [
  1,0,2,-1,15,2,3,-1,15,1,2,-1,14,3,4,-1,14,15,3,-1,13,4,5,-1,13,14,4,-1,12,5,6,-1,
  12,13,5,-1,11,6,7,-1,11,12,6,-1,10,7,8,-1,10,11,7,-1,9,10,8,-1]
  normalPerVertex TRUE
  normal DEF NORM_535 Normal { vector [
  -0.11199395 -0.83151537 0.54409516,-0.11198242 -0.83151532 0.54409761,
  -0.1857794 -0.82221106 0.53801021,-0.39974914 -0.76701069 0.50189165,
  -0.59370237 -0.67334195 0.44059973,-0.75788238 -0.54590619 0.35721244,
  -0.88405582 -0.39109411 0.25591152,-0.96589234 -0.21667847 0.14178305,
  -0.99370986 -0.093705329 0.061318971,-0.99370824 -0.093715969 0.061329038,
  -0.98259112 -0.15545661 0.10172475,-0.91662459 -0.33450102 0.21887996,
  -0.80468472 -0.49679669 0.32507775,-0.65239122 -0.63417881 0.41497342,
  -0.46738135 -0.73975788 0.48405883,-0.25894401 -0.80823683 0.52886787] }
}
}
DEF SHAPE_536 Shape {
 appearance USE APP_1
 geometry DEF FACE_536 IndexedFaceSet {
  coord DEF COORD_536 Coordinate { point [
  29.966535 0.71653548 0.70866142,30.112205 0.71653543 0.70866152,
  29.966535 0.71653598 1.5587714,30.112205 0.71653575 1.5587733] }
 coordIndex [
  1,3,2,-1,0,1,2,-1]
  normalPerVertex TRUE
  normal DEF NORM_536 Normal { vector [
  -3.1062744e-07 -1 5.8588018e-07,-9.3299656e-07 -1 4.7923506e-07,
  -9.3299656e-07 -1 4.7923506e-07,-1.5553644e-06 -1 3.7259017e-07] }
}
}
DEF SHAPE_537 Shape {
 appearance USE APP_1
 geometry DEF FACE_537 IndexedFaceSet {
  coord DEF COORD_537 Coordinate { point [
  30.173228 0.6692938 0.76771654,30.173228 0.66780949 0.75457569,
  30.173228 0.66344228 0.74209371,30.173228 0.6564069 0.73089658,
  30.173228 0.64705617 0.72154586,30.173228 0.63585904 0.71451047,
  30.173228 0.62337707 0.71014327,30.173228 0.61023622 0.70866142,
  30.112205 0.61023622 0.70866326,30.112205 0.66928949 0.76771653,
  30.112205 0.66780949 0.75457569,30.112205 0.66344228 0.74209371,
  30.112205 0.6564069 0.73089658,30.112205 0.64705617 0.72154586,
  30.112205 0.63585904 0.71451047,30.112205 0.62337707 0.71014327] }
 coordIndex [
  7,15,8,-1,6,14,15,-1,6,15,7,-1,5,13,14,-1,5,14,6,-1,4,12,13,-1,4,13,5,-1,3,11,12,-1,
  3,12,4,-1,2,10,11,-1,2,11,3,-1,1,9,10,-1,1,10,2,-1,0,9,1,-1]
  normalPerVertex TRUE
  normal DEF NORM_537 Normal { vector [
  7.0181118e-05 -0.99368105 0.1122407,2.3525564e-05 -0.98258015 0.18583931,
  0 -0.91662847 0.39974023,0 -0.80468703 0.59369924,
  0 -0.65238974 0.75788365,0 -0.46737446 0.88405945,
  0 -0.25896356 0.96588709,1.5030636e-05 -0.11198779 0.99370958,
  3.0061551e-05 -0.11191886 0.99371735,3.5091352e-05 -0.99369921 0.1120798,
  0 -0.96589879 0.25891992,0 -0.88405944 0.46737448,
  0 -0.75788364 0.65238975,0 -0.59369923 0.80468704,
  0 -0.39974021 0.91662847,1.0076738e-05 -0.18577902 0.98259155] }
}
}
DEF SHAPE_538 Shape {
 appearance USE APP_1
 geometry DEF FACE_538 IndexedFaceSet {
  coord DEF COORD_538 Coordinate { point [
  30.112205 0.66928949 0.76771653,30.173228 0.6692938 0.76771654,
  30.112205 0.66929135 1.5512569,30.173228 0.66929257 1.5512567] }
 coordIndex [
  0,3,2,-1,1,3,0,-1]
  normalPerVertex TRUE
  normal DEF NORM_538 Normal { vector [
  4.5354184e-05 -1 3.9630705e-07,7.0630083e-05 -1 -1.57223e-06,
  2.0078278e-05 -1 2.3648447e-06,4.5354184e-05 -1 3.9630705e-07] }
}
}
DEF SHAPE_539 Shape {
 appearance USE APP_1
 geometry DEF FACE_539 IndexedFaceSet {
  coord DEF COORD_539 Coordinate { point [
  30.128975 0.72052981 1.742473,30.173228 0.72052865 1.742473,
  30.173228 0.66929257 1.5512567,30.112205 0.66929135 1.5512569,
  30.112204 0.71154076 1.7089301] }
 coordIndex [
  4,1,0,-1,2,1,4,-1,3,2,4,-1]
  normalPerVertex TRUE
  normal DEF NORM_539 Normal { vector [
  -2.4739967e-05 -0.96591375 0.25886411,-7.9854736e-07 -0.96592464 0.25882347,
  1.0318417e-05 -0.96592524 0.25882122,2.01069e-05 -0.9659243 0.25882475,
  8.0334359e-06 -0.9659245 0.25882401] }
}
}
DEF SHAPE_540 Shape {
 appearance USE APP_1
 geometry DEF FACE_540 IndexedFaceSet {
  coord DEF COORD_540 Coordinate { point [
  30.128975 0.72052981 1.742473,30.173228 0.72052865 1.742473,
  30.173228 0.72446072 1.7519685,30.173228 0.73071735 1.7601223,
  30.173228 0.73887115 1.766379,30.173228 0.74836644 1.770312,
  30.173228 0.75855614 1.7716525,30.139189 0.75855615 1.771653,
  30.131019 0.72446068 1.7519686,30.133004 0.73051408 1.7599175,
  30.135033 0.7385626 1.7661989,30.137111 0.74819406 1.7702654] }
 coordIndex [
  5,6,7,-1,5,7,11,-1,4,11,10,-1,4,5,11,-1,3,10,9,-1,3,4,10,-1,2,9,8,-1,2,3,9,-1,
  1,8,0,-1,1,2,8,-1]
  normalPerVertex TRUE
  normal DEF NORM_540 Normal { vector [
  -2.3438225e-05 -0.92395699 0.38249638,-1.1562633e-05 -0.92393833 0.38254144,
  0.00029927447 -0.84514608 0.53453533,0.00038691154 -0.67870496 0.73441094,
  0.00018911237 -0.46457924 0.88553153,-2.974079e-06 -0.21808671 0.9759294,
  1.4874033e-05 -0.13042418 0.99145829,-0.00032819468 -0.13155062 0.9913094,
  -7.6168783e-06 -0.88908505 0.45774205,4.0962815e-06 -0.74073978 0.67179207,
  -0.00032595816 -0.54195735 0.84040593,-0.00042868484 -0.30486746 0.95239469] }
}
}
DEF SHAPE_541 Shape {
 appearance USE APP_1
 geometry DEF FACE_541 IndexedFaceSet {
  coord DEF COORD_541 Coordinate { point [
  30.173228 0.75855614 1.7716525,30.181989 0.75855618 1.7706648,
  30.19031 0.75855618 1.7677536,30.197775 0.75855618 1.7630635,
  30.204008 0.75855618 1.7568298,30.208698 0.75855618 1.7493651,
  30.21161 0.75855618 1.7410439,30.212596 0.75855612 1.7322835,
  30.173228 0.72052865 1.742473,30.173228 0.72446072 1.7519685,
  30.173228 0.73071735 1.7601223,30.173228 0.73887115 1.766379,
  30.173228 0.74836644 1.770312,30.173228 0.72052865 1.742473,
  30.181989 0.72148268 1.7422173,30.19031 0.72429468 1.7414638,
  30.197775 0.72882492 1.7402499,30.204008 0.73484621 1.7386365,
  30.208698 0.74205651 1.7367045,30.21161 0.7500942 1.7345508,
  30.210211 0.74832066 1.7410901,30.20659 0.75120428 1.7518519,
  30.199705 0.75365723 1.7610064,30.20352 0.73875095 1.74778,
  30.190227 0.7554394 1.7676576,30.198996 0.74104902 1.7563565,
  30.196085 0.72872735 1.7440238,30.179086 0.75637635 1.7711543,
  30.19195 0.74287278 1.7631628,30.193847 0.73050952 1.750675,
  30.183071 0.7440437 1.7675328,30.189592 0.73202553 1.7563328,
  30.184799 0.72336189 1.7456059,30.183734 0.73312698 1.7604435,
  30.183071 0.72423968 1.7488818,30.176848 0.73370604 1.7626046,
  30.180379 0.72493629 1.7514816,30.176988 0.72538354 1.7531508] }
 coordIndex [
  19,7,6,-1,20,6,5,-1,20,18,19,-1,20,19,6,-1,21,5,4,-1,21,20,5,-1,22,4,3,-1,22,21,4,-1,
  23,17,18,-1,23,18,20,-1,23,20,21,-1,24,2,1,-1,24,3,2,-1,24,22,3,-1,25,23,21,-1,25,21,22,-1,
  26,15,16,-1,26,16,17,-1,26,17,23,-1,27,1,0,-1,27,0,12,-1,27,24,1,-1,28,25,22,-1,28,22,24,-1,
  29,23,25,-1,29,26,23,-1,30,12,11,-1,30,24,27,-1,30,27,12,-1,30,28,24,-1,31,25,28,-1,31,29,25,-1,
  32,13,14,-1,32,14,15,-1,32,15,26,-1,32,26,29,-1,33,28,30,-1,33,31,28,-1,34,13,32,-1,34,29,31,-1,
  34,32,29,-1,35,11,10,-1,35,30,11,-1,35,33,30,-1,36,8,13,-1,36,13,34,-1,36,31,33,-1,36,34,31,-1,
  37,9,8,-1,37,10,9,-1,37,8,36,-1,37,35,10,-1,37,33,35,-1,37,36,33,-1]
  normalPerVertex TRUE
  normal DEF NORM_541 Normal { vector [
  0.054411923 -0.081230615 0.99520899,0.25844846 -0.057771799 0.96429602,
  0.43351106 -0.039251644 0.90029299,0.60624167 -0.070034229 0.79219078,
  0.78631212 -0.086765881 0.61170658,0.91276883 -0.11801589 0.39105667,
  0.96986965 -0.11577866 0.21435522,0.99007994 -0.085534516 0.11147,
  0.087384213 -0.91807534 0.38665446,0.05527983 -0.86472616 0.49919215,
  0.050918885 -0.72362897 0.68830835,0.097652517 -0.46834166 0.87813443,
  0.11227503 -0.26477539 0.9577517,0.1223113 -0.92406711 0.36213248,
  0.22187096 -0.91907409 0.32569326,0.43659049 -0.84733375 0.30234792,
  0.62236748 -0.7384116 0.25962863,0.76038426 -0.58257664 0.28708923,
  0.87854859 -0.41529977 0.23596285,0.97740961 -0.16234723 0.13532859,
  0.91849022 -0.25612737 0.30128806,0.82578759 -0.253178 0.50396008,
  0.65272735 -0.2202051 0.72488393,0.77976525 -0.4898195 0.38992693,
  0.41862466 -0.19189922 0.88765313,0.66014542 -0.43424086 0.61289714,
  0.59850682 -0.72136498 0.34845682,0.19855197 -0.17433182 0.96446126,
  0.47962375 -0.38751839 0.78726778,0.54002754 -0.69707985 0.47164599,
  0.25066133 -0.35758888 0.89961052,0.42856832 -0.65737427 0.61982922,
  0.34087193 -0.86406258 0.37040813,0.27515781 -0.62852648 0.72749065,
  0.28909513 -0.84778726 0.44461306,0.15186688 -0.61998109 0.76977912,
  0.21003995 -0.82732622 0.52097461,0.12369391 -0.80893527 0.57473781] }
}
}
DEF SHAPE_542 Shape {
 appearance USE APP_1
 geometry DEF FACE_542 IndexedFaceSet {
  coord DEF COORD_542 Coordinate { point [
  30.173228 0.72052865 1.742473,30.181989 0.72148268 1.7422173,
  30.19031 0.72429468 1.7414638,30.197775 0.72882492 1.7402499,
  30.204008 0.73484621 1.7386365,30.208698 0.74205651 1.7367045,
  30.21161 0.7500942 1.7345508,30.212596 0.75855612 1.7322835,
  30.173228 0.66929257 1.5512567,30.183111 0.6705535 1.5510909,
  30.193063 0.67465546 1.5505508,30.200934 0.68069189 1.5497559,
  30.20716 0.68869893 1.5487015,30.211207 0.69829479 1.5474381,
  30.212597 0.70866137 1.5460737] }
 coordIndex [
  14,7,6,-1,13,6,5,-1,13,14,6,-1,12,5,4,-1,12,13,5,-1,11,4,3,-1,11,12,4,-1,10,3,2,-1,
  10,11,3,-1,9,2,1,-1,9,10,2,-1,8,1,0,-1,8,9,1,-1]
  normalPerVertex TRUE
  normal DEF NORM_542 Normal { vector [
  0.11203518 -0.95984478 0.25718886,0.18792868 -0.94872973 0.25415491,
  0.41386457 -0.87933343 0.23556067,0.6180426 -0.75930431 0.20366716,
  0.78455624 -0.59888695 0.16064222,0.90879767 -0.40300817 0.1080334,
  0.98192132 -0.18286855 0.048883752,0.99372166 -0.10806724 0.028960907,
  0.11974889 -0.95906488 0.25662184,0.28189459 -0.92691229 0.24772777,
  0.50577946 -0.83346251 0.22254749,0.70612355 -0.68415266 0.18255045,
  0.85860402 -0.4953698 0.13193901,0.95906026 -0.27371927 0.072671743,
  0.99237805 -0.11916485 0.031393453] }
}
}
DEF SHAPE_543 Shape {
 appearance USE APP_1
 geometry DEF FACE_543 IndexedFaceSet {
  coord DEF COORD_543 Coordinate { point [
  30.212597 0.70866137 1.5460737,30.212598 0.70866138 0.76771653,
  30.173228 0.66929257 1.5512567,30.183111 0.6705535 1.5510909,
  30.193063 0.67465546 1.5505508,30.200934 0.68069189 1.5497559,
  30.20716 0.68869893 1.5487015,30.211207 0.69829479 1.5474381,
  30.173228 0.6692938 0.76771654,30.21161 0.69990093 0.76771654,
  30.208698 0.69157971 0.76771654,30.204008 0.68411506 0.76771654,
  30.197775 0.67788137 0.76771654,30.19031 0.67319131 0.76771654,
  30.181989 0.67028012 0.76771654] }
 coordIndex [
  2,8,14,-1,3,14,13,-1,3,2,14,-1,4,13,12,-1,4,3,13,-1,5,12,11,-1,5,4,12,-1,6,11,10,-1,
  6,5,11,-1,7,10,9,-1,7,6,10,-1,0,9,1,-1,0,7,9,-1]
  normalPerVertex TRUE
  normal DEF NORM_543 Normal { vector [
  0.9923602 -0.12337433 0.00013004301,0.99369251 -0.11213914 1.9008911e-06,
  0.11967691 -0.99281289 8.6753518e-05,0.2819309 -0.9594347 0.00015549532,
  0.50582141 -0.8626382 0.00018935855,0.70616454 -0.70804775 0.00018623961,
  0.85864213 -0.51257551 0.00019211666,0.95908784 -0.28310863 0.00016152107,
  0.1118807 -0.99372165 -1.5581275e-06,0.98192755 -0.18925719 2.8691026e-05,
  0.90884335 -0.41713759 -1.1546992e-05,0.78461477 -0.6199836 -4.1435611e-05,
  0.61809964 -0.78609976 -5.1542297e-05,0.41390445 -0.91032033 1.3706314e-05,
  0.18789625 -0.98218888 1.3255861e-05] }
}
}
DEF SHAPE_544 Shape {
 appearance USE APP_1
 geometry DEF FACE_544 IndexedFaceSet {
  coord DEF COORD_544 Coordinate { point [
  30.212598 0.70866138 0.76771653,30.21161 0.69990093 0.76771654,
  30.208698 0.69157971 0.76771654,30.204008 0.68411506 0.76771654,
  30.197775 0.67788137 0.76771654,30.19031 0.67319131 0.76771654,
  30.181989 0.67028012 0.76771654,30.173228 0.6692938 0.76771654,
  30.214611 0.70866142 0.75243195,30.22051 0.70866142 0.73818898,
  30.229895 0.70866142 0.72595826,30.242126 0.70866142 0.7165733,
  30.256369 0.70866142 0.71067367,30.271654 0.70866142 0.70866142,
  30.173228 0.61023622 0.70866142,30.198703 0.61358998 0.70866142,
  30.222441 0.6234227 0.70866142,30.242825 0.63906429 0.70866142,
  30.258467 0.65944882 0.70866142,30.2683 0.6831871 0.70866142,
  30.173228 0.66780949 0.75457569,30.173228 0.66344228 0.74209371,
  30.173228 0.6564069 0.73089658,30.173228 0.64705617 0.72154586,
  30.173228 0.63585904 0.71451047,30.173228 0.62337707 0.71014327,
  30.182319 0.66883493 0.75457553,30.18329 0.66457677 0.74209348,
  30.190953 0.67185621 0.75457553,30.184856 0.6577175 0.73089627,
  30.192848 0.66792108 0.74209348,30.198698 0.67672305 0.75457553,
  30.202114 0.6797756 0.75457553,30.186937 0.64860107 0.72154538,
  30.195901 0.66158216 0.73089627,30.201422 0.67330828 0.74209348,
  30.205167 0.68319141 0.75457553,30.205203 0.6766872 0.74209348,
  30.189428 0.6376846 0.71450971,30.208606 0.68823606 0.75457553,
  30.199958 0.65315731 0.72154538,30.205808 0.66780757 0.73089627,
  30.208581 0.68046821 0.74209348,30.210178 0.67171223 0.73089627,
  30.191729 0.62760534 0.71067367,30.212389 0.68605223 0.74209348,
  30.204816 0.64306898 0.71450971,30.211638 0.66049675 0.72154538,
  30.214082 0.67608154 0.73089627,30.212687 0.69808847 0.75457553,
  30.21679 0.66510015 0.72154538,30.209302 0.63375434 0.71067367,
  30.218482 0.68253439 0.73089627,30.21862 0.65174242 0.71450971,
  30.221393 0.67025136 0.72154538,30.216906 0.69695804 0.74209348,
  30.224707 0.65718253 0.71450971,30.22658 0.67785895 0.72154538,
  30.225066 0.64365949 0.71067367,30.230147 0.66327001 0.71450971,
  30.223702 0.69513707 0.73089627,30.232018 0.64987213 0.71067367,
  30.236277 0.67226035 0.71450971,30.23823 0.65682408 0.71067367,
  30.232734 0.69271689 0.72154538,30.24523 0.66709111 0.71067367,
  30.24355 0.68981884 0.71450971,30.253536 0.68714304 0.71067367] }
 coordIndex [
  8,0,1,-1,26,6,7,-1,26,7,20,-1,27,20,21,-1,27,26,20,-1,28,5,6,-1,28,6,26,-1,29,21,22,-1,
  29,27,21,-1,30,28,26,-1,30,26,27,-1,31,4,5,-1,31,5,28,-1,32,3,4,-1,32,4,31,-1,33,22,23,-1,
  33,29,22,-1,34,27,29,-1,34,30,27,-1,35,28,30,-1,35,31,28,-1,36,3,32,-1,37,31,35,-1,37,32,31,-1,
  38,23,24,-1,38,33,23,-1,39,2,3,-1,39,3,36,-1,40,29,33,-1,40,34,29,-1,41,35,30,-1,41,30,34,-1,
  42,36,32,-1,42,32,37,-1,43,37,35,-1,43,35,41,-1,44,14,15,-1,44,24,25,-1,44,25,14,-1,44,38,24,-1,
  45,39,36,-1,45,36,42,-1,46,40,33,-1,46,33,38,-1,47,34,40,-1,47,41,34,-1,48,37,43,-1,48,42,37,-1,
  49,1,2,-1,49,2,39,-1,49,8,1,-1,50,43,41,-1,50,41,47,-1,51,38,44,-1,51,15,16,-1,51,44,15,-1,
  51,46,38,-1,52,42,48,-1,52,45,42,-1,53,40,46,-1,53,47,40,-1,54,48,43,-1,54,43,50,-1,55,39,45,-1,
  55,9,8,-1,55,49,39,-1,55,8,49,-1,56,50,47,-1,56,47,53,-1,57,48,54,-1,57,52,48,-1,58,53,46,-1,
  58,46,51,-1,58,16,17,-1,58,51,16,-1,59,54,50,-1,59,50,56,-1,60,10,9,-1,60,45,52,-1,60,55,45,-1,
  60,9,55,-1,61,56,53,-1,61,58,17,-1,61,53,58,-1,62,54,59,-1,62,57,54,-1,63,61,17,-1,63,17,18,-1,
  63,59,56,-1,63,56,61,-1,64,11,10,-1,64,10,60,-1,64,52,57,-1,64,60,52,-1,65,63,18,-1,65,62,59,-1,
  65,59,63,-1,66,12,11,-1,66,11,64,-1,66,64,57,-1,66,57,62,-1,67,13,12,-1,67,18,19,-1,67,19,13,-1,
  67,65,18,-1,67,62,65,-1,67,12,66,-1,67,66,62,-1]
  normalPerVertex TRUE
  normal DEF NORM_544 Normal { vector [
  0.98529566 -0.11119154 0.12972626,0.97415896 -0.19261174 0.11796205,
  0.904194 -0.41200214 0.11263855,0.78022548 -0.61321741 0.12333943,
  0.62798262 -0.7689723 0.11966378,0.46524603 -0.8780722 0.11196133,
  0.25817333 -0.95958511 0.11199534,0.11129363 -0.98751623 0.1114694,
  0.95971059 -0.1351133 0.24637366,0.850357 -0.12935045 0.51006022,
  0.69863714 -0.1079212 0.70729001,0.50289905 -0.07869855 0.86075495,
  0.27748306 -0.043973332 0.95972366,0.13050692 -0.017181562 0.99129851,
  0.0096170352 -0.12517926 0.99208753,0.03693652 -0.12757996 0.99114028,
  0.067911628 -0.11495387 0.99104673,0.095454516 -0.095454516 0.99084654,
  0.11607776 -0.063588706 0.99120252,0.12607862 -0.033782664 0.99144486,
  0.10822751 -0.95952774 0.25998716,0.098993086 -0.87798724 0.46833618,
  0.084820958 -0.75239935 0.65322326,0.066402003 -0.588945 0.8054406,
  0.049936339 -0.40460816 0.91312573,0.022906983 -0.22249201 0.97466537,
  0.21842132 -0.94951553 0.22519413,0.20236768 -0.87585286 0.43809713,
  0.42420087 -0.87713033 0.22515772,0.17503206 -0.75823651 0.62804552,
  0.39214838 -0.80887916 0.4381029,0.56635623 -0.79632837 0.21237171,
  0.69652863 -0.68467234 0.21464308,0.13820359 -0.60297029 0.78570134,
  0.33934244 -0.70028706 0.62804835,0.52481082 -0.73690691 0.42607723,
  0.77615769 -0.57941404 0.24871391,0.63646438 -0.63480559 0.43810381,
  0.096889095 -0.43547079 0.89497357,0.86956476 -0.43866331 0.22678541,
  0.2688936 -0.55710736 0.785702,0.4561938 -0.64072853 0.61753879,
  0.71212365 -0.54475141 0.44286093,0.5509187 -0.5495842 0.6280492,
  0.039566522 -0.21088563 0.97670965,0.79962021 -0.40145698 0.44658686,
  0.19134128 -0.40300357 0.89497298,0.36433417 -0.51284233 0.77733735,
  0.61540244 -0.47086502 0.63211231,0.94300835 -0.26674827 0.19894879,
  0.4376117 -0.4372279 0.78570208,0.087089815 -0.19563793 0.9768015,
  0.69019658 -0.34665367 0.63518494,0.26302572 -0.37355445 0.88953614,
  0.48770672 -0.37384248 0.78891315,0.88218066 -0.23117246 0.41026404,
  0.31458205 -0.31631921 0.89497502,0.54596722 -0.27510724 0.79135062,
  0.12309107 -0.1755851 0.97673869,0.34967797 -0.27008288 0.89709562,
  0.76708236 -0.199809 0.60964008,0.16914677 -0.17343918 0.9702104,
  0.39042199 -0.19942538 0.89877705,0.15975268 -0.12543746 0.97915501,
  0.61055679 -0.15941844 0.77576166,0.20970457 -0.11190643 0.97133977,
  0.4319371 -0.11682227 0.89430582,0.19319279 -0.056413649 0.97953767] }
}
}
DEF SHAPE_545 Shape {
 appearance USE APP_1
 geometry DEF FACE_545 IndexedFaceSet {
  coord DEF COORD_545 Coordinate { point [
  30.128975 0.72052981 1.742473,30.131019 0.72446068 1.7519686,
  30.133004 0.73051408 1.7599175,30.135033 0.7385626 1.7661989,
  30.137111 0.74819406 1.7702654,30.139189 0.75855615 1.771653,
  30.128625 0.75855618 1.7651247,30.131242 0.75855618 1.7685798,
  30.134929 0.75855618 1.7708583,30.127786 0.74941525 1.7634468,
  30.125365 0.7411017 1.758603,30.122186 0.73538075 1.7522454,
  30.118413 0.73193587 1.7446981,30.119542 0.72785031 1.7452284,
  30.121904 0.72429917 1.7449987,30.125192 0.7217476 1.7440383,
  30.136368 0.75231036 1.7709639,30.132318 0.75300297 1.7692357,
  30.13013 0.75349581 1.7672645,30.131178 0.73035934 1.7593852,
  30.127255 0.73310169 1.7587286,30.125359 0.7355408 1.7575941,
  30.128433 0.72322607 1.7491217,30.123742 0.72649685 1.7498597,
  30.121572 0.72970256 1.7495719,30.131577 0.74848345 1.7681075,
  30.130676 0.7441534 1.7664261,30.129266 0.73883012 1.7634263] }
 coordIndex [
  16,4,5,-1,16,5,8,-1,17,8,7,-1,17,16,8,-1,18,7,6,-1,18,6,9,-1,18,17,7,-1,19,1,2,-1,
  20,1,19,-1,21,10,11,-1,21,11,20,-1,22,0,1,-1,22,15,0,-1,23,14,15,-1,23,1,20,-1,23,15,22,-1,
  23,22,1,-1,23,20,11,-1,24,11,12,-1,24,12,13,-1,24,13,14,-1,24,23,11,-1,24,14,23,-1,25,18,9,-1,
  25,17,18,-1,25,4,16,-1,25,16,17,-1,26,3,4,-1,26,9,10,-1,26,25,9,-1,26,4,25,-1,27,2,3,-1,
  27,19,2,-1,27,10,21,-1,27,21,20,-1,27,20,19,-1,27,3,26,-1,27,26,10,-1]
  normalPerVertex TRUE
  normal DEF NORM_545 Normal { vector [
  -0.071954306 -0.92632894 0.36978004,-0.35500069 -0.71788596 0.59884411,
  -0.31415908 -0.5516445 0.77265284,-0.38165617 -0.39482162 0.83573587,
  -0.29839803 -0.26352342 0.91734073,-0.079712965 -0.07366491 0.99409221,
  -0.82460441 -0.0059135745 0.56567888,-0.66858099 -0.0051926982 0.7436212,
  -0.36872221 -0.03625724 0.92883225,-0.8041546 -0.086810831 0.58804699,
  -0.8115125 -0.10769362 0.57432529,-0.8069746 -0.23169315 0.54324053,
  -0.85972387 -0.15238954 0.48749594,-0.78792698 -0.34000968 0.51338533,
  -0.62772651 -0.58220893 0.51671287,-0.3533925 -0.81238424 0.46383788,
  -0.27929942 -0.12278265 0.95232151,-0.51887208 -0.070543849 0.85193623,
  -0.77903034 -0.049221909 0.62505114,-0.41144888 -0.59837236 0.68750298,
  -0.60312024 -0.5003058 0.62124076,-0.80461635 -0.18121678 0.56546706,
  -0.26894321 -0.83344688 0.48273786,-0.56710282 -0.56175668 0.60234859,
  -0.78010118 -0.29656525 0.55090035,-0.58365486 -0.16408715 0.79524991,
  -0.61239603 -0.21495613 0.76076603,-0.56871843 -0.34589677 0.74626722] }
}
}
DEF SHAPE_546 Shape {
 appearance USE APP_1
 geometry DEF FACE_546 IndexedFaceSet {
  coord DEF COORD_546 Coordinate { point [
  28.783465 0.86614173 0.70866142,28.796605 0.86614173 0.71014327,
  28.809087 0.86614173 0.71451047,28.820285 0.86614173 0.72154586,
  28.829635 0.86614173 0.73089659,28.836671 0.86614173 0.74209371,
  28.841038 0.86614173 0.75457569,28.842522 0.8661418 0.76771654,
  28.88189 0.96456693 0.70866142,28.859988 0.9620992 0.70866142,
  28.839185 0.95481977 0.70866142,28.820523 0.94309365 0.70866142,
  28.804938 0.92750884 0.70866142,28.793212 0.90884682 0.70866142,
  28.785932 0.8880434 0.70866142,28.88189 0.94928234 0.71067367,
  28.88189 0.93503937 0.7165733,28.88189 0.92280865 0.72595826,
  28.88189 0.9134237 0.73818898,28.88189 0.90752407 0.75243195,
  28.88189 0.90551166 0.76771653,28.843508 0.87490222 0.76771654,
  28.84642 0.88322344 0.76771654,28.85111 0.8906881 0.76771654,
  28.857343 0.89692179 0.76771654,28.864808 0.90161185 0.76771654,
  28.873129 0.90452304 0.76771654,28.798744 0.88511925 0.71014205,
  28.810913 0.88234173 0.71450971,28.805051 0.90314516 0.71014205,
  28.821829 0.87985012 0.72154539,28.816297 0.8977294 0.71450971,
  28.815212 0.91931556 0.71014205,28.830946 0.87776935 0.73089627,
  28.826386 0.89287111 0.72154539,28.824971 0.91153312 0.71450971,
  28.828716 0.9328196 0.71014205,28.837805 0.87620377 0.74209348,
  28.83481 0.88881391 0.73089627,28.833725 0.90455178 0.72154539,
  28.836498 0.92306074 0.71450971,28.844886 0.94298013 0.71014205,
  28.841545 0.87535017 0.75243195,28.841149 0.88576125 0.74209348,
  28.841036 0.8987216 0.73089627,28.84348 0.91430641 0.72154539,
  28.850302 0.93173419 0.71450971,28.862912 0.94928766 0.71014205,
  28.844606 0.88409685 0.75243195,28.846537 0.89433493 0.74209348,
  28.84931 0.90699559 0.73089627,28.85516 0.92164585 0.72154539,
  28.86569 0.93711856 0.71450971,28.849536 0.8919432 0.75243195,
  28.853697 0.90149488 0.74209348,28.859218 0.91322099 0.73089627,
  28.868181 0.92620209 0.72154539,28.856088 0.89849574 0.75243195,
  28.86227 0.90688207 0.74209348,28.870262 0.91708565 0.73089627,
  28.863935 0.90342592 0.75243195,28.871828 0.91022638 0.74209348,
  28.872681 0.90648652 0.75243195] }
 coordIndex [
  21,6,7,-1,27,0,1,-1,27,14,0,-1,28,1,2,-1,28,27,1,-1,29,13,14,-1,29,14,27,-1,30,2,3,-1,
  30,28,2,-1,31,29,27,-1,31,27,28,-1,32,12,13,-1,32,13,29,-1,33,3,4,-1,33,30,3,-1,34,28,30,-1,
  34,31,28,-1,35,32,29,-1,35,29,31,-1,36,11,12,-1,36,12,32,-1,37,4,5,-1,37,33,4,-1,38,34,30,-1,
  38,30,33,-1,39,35,31,-1,39,31,34,-1,40,32,35,-1,40,36,32,-1,41,10,11,-1,41,11,36,-1,42,5,6,-1,
  42,6,21,-1,42,37,5,-1,43,33,37,-1,43,38,33,-1,44,34,38,-1,44,39,34,-1,45,35,39,-1,45,40,35,-1,
  46,36,40,-1,46,41,36,-1,47,8,9,-1,47,9,10,-1,47,15,8,-1,47,10,41,-1,48,21,22,-1,48,42,21,-1,
  48,37,42,-1,48,43,37,-1,49,44,38,-1,49,38,43,-1,50,39,44,-1,50,45,39,-1,51,40,45,-1,51,46,40,-1,
  52,41,46,-1,52,47,41,-1,52,15,47,-1,52,16,15,-1,53,48,22,-1,53,43,48,-1,53,22,23,-1,53,49,43,-1,
  54,50,44,-1,54,44,49,-1,55,51,45,-1,55,45,50,-1,56,17,16,-1,56,46,51,-1,56,16,52,-1,56,52,46,-1,
  57,23,24,-1,57,49,53,-1,57,53,23,-1,57,54,49,-1,58,50,54,-1,58,55,50,-1,59,18,17,-1,59,56,51,-1,
  59,17,56,-1,59,51,55,-1,60,57,24,-1,60,24,25,-1,60,54,57,-1,60,58,54,-1,61,19,18,-1,61,18,59,-1,
  61,55,58,-1,61,59,55,-1,62,20,19,-1,62,25,26,-1,62,26,20,-1,62,60,25,-1,62,58,60,-1,62,19,61,-1,
  62,61,58,-1]
  normalPerVertex TRUE
  normal DEF NORM_546 Normal { vector [
  -0.11199834 0.012649207 0.99362788,-0.25514763 0.02880808 0.96647286,
  -0.46315573 0.052231529 0.88473648,-0.64761984 0.073012308 0.75845748,
  -0.79931921 0.090118468 0.59411064,-0.90604589 0.10962917 0.40873255,
  -0.97615093 0.10719419 0.18878234,-0.9875203 0.11118235 0.11154439,
  -0.020210944 0.12127265 0.99241345,-0.024914442 0.1091573 0.99371221,
  -0.045143516 0.10253035 0.99370498,-0.066826806 0.089914323 0.99370498,
  -0.085159126 0.072789621 0.99370498,-0.099221223 0.052014945 0.99370498,
  -0.10830795 0.028632022 0.99370498,-0.0404905 0.27496132 0.96060231,
  -0.071231466 0.50318224 0.86123963,-0.097368898 0.69940237 0.7080647,
  -0.11623928 0.85174823 0.5108947,-0.12308217 0.95092979 0.28387201,
  -0.11110205 0.98529894 0.12977804,-0.96769688 0.21800773 0.12663085,
  -0.87591957 0.46447336 0.13049674,-0.75059262 0.6477534 0.13048469,
  -0.58761984 0.79854565 0.13049047,-0.39517593 0.90928659 0.13051391,
  -0.2206698 0.96656074 0.13063371,-0.21095323 0.051125068 0.97615827,
  -0.41737343 0.096515766 0.90359511,-0.1942805 0.09675972 0.9761622,
  -0.60321049 0.13714411 0.78570261,-0.38544733 0.18694539 0.90359381,
  -0.16787842 0.13756523 0.9761622,-0.75907856 0.17133722 0.62804721,
  -0.55758005 0.26791207 0.78570198,-0.3341841 0.26802838 0.90359381,
  -0.13305823 0.17147261 0.97616221,-0.86970322 0.19307081 0.45424661,
  -0.70193022 0.33593044 0.62804834,-0.48398431 0.38526819 0.78570198,
  -0.26616351 0.33567125 0.90359382,-0.091565972 0.19678165 0.97616221,
  -0.95003362 0.19201261 0.24610419,-0.80494886 0.38172472 0.45425056,
  -0.6095798 0.48370213 0.62804834,-0.38611964 0.48330528 0.785702,
  -0.18479644 0.3864822 0.90359382,-0.040913666 0.17900939 0.98299629,
  -0.89321699 0.38932439 0.22492206,-0.69982537 0.55127205 0.45425056,
  -0.48666259 0.60721889 0.62804836,-0.26889338 0.55710747 0.78570199,
  -0.087867364 0.39404458 0.91488152,-0.78418867 0.57832867 0.22490905,
  -0.55960981 0.69317623 0.45425057,-0.33934217 0.7002872 0.62804835,
  -0.1310076 0.58808437 0.7981189,-0.6358338 0.73833104 0.22490585,
  -0.39133316 0.80032168 0.45425056,-0.16815655 0.75089276 0.63865753,
  -0.45559282 0.86130688 0.22491253,-0.19911561 0.86800888 0.45487752,
  -0.23077538 0.94998612 0.21040223] }
}
}
DEF SHAPE_547 Shape {
 appearance USE APP_1
 geometry DEF FACE_547 IndexedFaceSet {
  coord DEF COORD_547 Coordinate { point [
  28.842522 0.8661418 0.76771654,28.842521 0.86614176 1.7322835,
  28.843861 0.87633148 1.7322835,28.847794 0.88582678 1.7322835,
  28.854051 0.89398059 1.7322835,28.862205 0.90023722 1.7322835,
  28.8717 0.90417031 1.7322835,28.88189 0.90551058 1.7322835,
  28.88189 0.90551166 0.76771653,28.843508 0.87490222 0.76771654,
  28.84642 0.88322344 0.76771654,28.85111 0.8906881 0.76771654,
  28.857343 0.89692179 0.76771654,28.864808 0.90161185 0.76771654,
  28.873129 0.90452304 0.76771654] }
 coordIndex [
  9,0,1,-1,9,1,2,-1,10,2,3,-1,10,9,2,-1,11,3,4,-1,11,10,3,-1,12,4,5,-1,12,11,4,-1,
  13,5,6,-1,13,12,5,-1,14,6,7,-1,14,13,6,-1,8,14,7,-1]
  normalPerVertex TRUE
  normal DEF NORM_547 Normal { vector [
  -0.99372166 0.11188054 -1.2653528e-06,-0.99254739 0.1218592 9.0565771e-05,
  -0.9598518 0.2805076 0.00011605332,-0.8603282 0.50974048 0.00015081916,
  -0.7071066 0.70710695 0.0001624315,-0.50974006 0.86032846 0.00015081929,
  -0.28050715 0.95985193 0.00011605355,-0.12197797 0.9925328 9.1663786e-05,
  -0.11213883 0.99369255 1.1146743e-06,-0.98205122 0.18861444 1.6506562e-05,
  -0.90978397 0.41508207 -1.3475236e-05,-0.78612871 0.61806282 -2.8218197e-05,
  -0.61806238 0.78612906 -2.821824e-05,-0.41508156 0.90978421 -1.3475364e-05,
  -0.18869418 0.9820359 1.726193e-05] }
}
}
DEF SHAPE_548 Shape {
 appearance USE APP_1
 geometry DEF FACE_548 IndexedFaceSet {
  coord DEF COORD_548 Coordinate { point [
  28.842521 0.86614176 1.7322835,28.843508 0.86614173 1.7410439,
  28.84642 0.86614173 1.7493651,28.85111 0.86614173 1.7568298,
  28.857343 0.86614173 1.7630635,28.864808 0.86614173 1.7677536,
  28.873129 0.86614173 1.7706648,28.88189 0.86614174 1.7716523,
  28.88189 0.86614174 1.7716523,28.88189 0.90551058 1.7322835,
  28.88189 0.9041703 1.7424732,28.88189 0.90023721 1.7519685,
  28.88189 0.89398058 1.7601223,28.88189 0.88582677 1.766379,
  28.88189 0.87633146 1.770312,28.843861 0.87633148 1.7322835,
  28.847794 0.88582678 1.7322835,28.854051 0.89398059 1.7322835,
  28.862205 0.90023722 1.7322835,28.8717 0.90417031 1.7322835,
  28.876032 0.90312392 1.7444495,28.864891 0.89950384 1.7444495,
  28.855413 0.89261805 1.7444495,28.872047 0.8964339 1.7554246,
  28.848528 0.88314058 1.7444495,28.863168 0.89190979 1.7554246,
  28.87827 0.88899798 1.7641345,28.844908 0.87199913 1.7444495,
  28.856122 0.88486332 1.7554246,28.871384 0.88676065 1.7641345,
  28.851598 0.87598425 1.7554246,28.865526 0.882505 1.7641345,
  28.87813 0.87771231 1.7697266,28.861271 0.8766476 1.7641345,
  28.874739 0.87598426 1.7697266,28.859034 0.86976181 1.7641345,
  28.872047 0.87329275 1.7697266,28.870319 0.86990124 1.7697266] }
 coordIndex [
  10,9,19,-1,1,15,0,-1,20,11,10,-1,20,10,19,-1,21,19,18,-1,21,20,19,-1,22,17,16,-1,22,18,17,-1,
  22,21,18,-1,23,12,11,-1,23,20,21,-1,23,11,20,-1,24,16,15,-1,24,22,16,-1,25,23,21,-1,25,21,22,-1,
  26,13,12,-1,26,12,23,-1,27,1,2,-1,27,24,15,-1,27,15,1,-1,28,22,24,-1,28,25,22,-1,29,26,23,-1,
  29,23,25,-1,30,2,3,-1,30,28,24,-1,30,24,27,-1,30,27,2,-1,31,25,28,-1,31,29,25,-1,32,14,13,-1,
  32,8,14,-1,32,13,26,-1,32,26,29,-1,33,28,30,-1,33,31,28,-1,34,8,32,-1,34,29,31,-1,34,32,29,-1,
  35,3,4,-1,35,4,5,-1,35,30,3,-1,35,33,30,-1,36,7,8,-1,36,8,34,-1,36,31,33,-1,36,34,31,-1,
  37,5,6,-1,37,6,7,-1,37,7,36,-1,37,35,5,-1,37,33,35,-1,37,36,33,-1]
  normalPerVertex TRUE
  normal DEF NORM_548 Normal { vector [
  -0.98532538 0.12960199 0.11107304,-0.97812338 0.11757177 0.17161446,
  -0.878549 0.12043541 0.46221961,-0.76038467 0.12652522 0.63702946,
  -0.62236789 0.059667213 0.78044733,-0.43659078 0.072739751 0.89671479,
  -0.22186253 0.076728311 0.97205441,-0.12833297 0.10988487 0.98562466,
  -0.096030761 0.12742687 0.98718817,-0.12931382 0.98313571 0.12931403,
  -0.10793861 0.97523939 0.19302171,-0.11230596 0.85657403 0.50365494,
  -0.097652411 0.72699707 0.67966115,-0.050918682 0.47756555 0.87711939,
  -0.055283047 0.25836705 0.96446371,-0.95337035 0.26183167 0.15009717,
  -0.83559037 0.52598351 0.15852471,-0.69840098 0.69840128 0.15643444,
  -0.52598328 0.83559051 0.15852474,-0.25525583 0.95485514 0.15197407,
  -0.21755714 0.92053546 0.32447397,-0.42091501 0.85279537 0.30914497,
  -0.6768305 0.67683058 0.28948377,-0.25066142 0.77640669 0.57824001,
  -0.85279534 0.42091507 0.30914499,-0.4796239 0.66014566 0.5780732,
  -0.15186702 0.5830868 0.79808909,-0.92293066 0.22324694 0.31362366,
  -0.66014566 0.4796239 0.5780732,-0.27515789 0.54002777 0.79539811,
  -0.77976566 0.24986623 0.57404911,-0.42856846 0.42856846 0.79539811,
  -0.12369411 0.34578291 0.93012577,-0.54002777 0.27515789 0.79539811,
  -0.2100377 0.2890921 0.93397533,-0.59850717 0.1498807 0.78697201,
  -0.28909212 0.21003772 0.93397532,-0.34086872 0.13415184 0.93049008] }
}
}
DEF SHAPE_549 Shape {
 appearance USE APP_1
 geometry DEF FACE_549 IndexedFaceSet {
  coord DEF COORD_549 Coordinate { point [
  28.842521 0.86614176 1.7322835,28.842521 0.75855617 1.7322835,
  28.843861 0.75855618 1.7424732,28.847794 0.75855618 1.7519685,
  28.854051 0.75855618 1.7601223,28.862205 0.75855618 1.7663789,
  28.8717 0.75855618 1.770312,28.88189 0.75855616 1.7716525,
  28.88189 0.86614174 1.7716523,28.843508 0.86614173 1.7410439,
  28.84642 0.86614173 1.7493651,28.85111 0.86614173 1.7568298,
  28.857343 0.86614173 1.7630635,28.864808 0.86614173 1.7677536,
  28.873129 0.86614173 1.7706648] }
 coordIndex [
  7,8,14,-1,6,14,13,-1,6,7,14,-1,5,13,12,-1,5,6,13,-1,4,12,11,-1,4,5,12,-1,3,11,10,-1,
  3,4,11,-1,2,10,9,-1,2,3,10,-1,1,9,0,-1,1,2,9,-1]
  normalPerVertex TRUE
  normal DEF NORM_549 Normal { vector [
  -0.99370624 1.5005075e-08 0.11201742,-0.99253933 -0.00081721472 0.12192216,
  -0.95985137 -0.001040491 0.28050716,-0.86032757 -0.00135218 0.50973978,
  -0.70710603 -0.0014562882 0.70710603,-0.50973979 -0.0013521788 0.86032757,
  -0.28051217 -0.0010404149 0.95984991,-0.12193046 -0.00081643541 0.99253831,
  -0.11201776 1.4544609e-06 0.99370621,-0.98204311 -0.00015158858 0.18865656,
  -0.90978417 0.00012082208 0.41508161,-0.78612892 0.00025299875 0.6180625,
  -0.61806256 0.00025299835 0.78612887,-0.41508168 0.00012082089 0.90978414,
  -0.18866223 -0.00015105484 0.98204203] }
}
}
DEF SHAPE_550 Shape {
 appearance USE APP_1
 geometry DEF FACE_550 IndexedFaceSet {
  coord DEF COORD_550 Coordinate { point [
  28.88189 0.72052939 1.7424728,28.88189 0.72363531 1.7504623,
  28.88189 0.72839719 1.7575901,28.88189 0.73458919 1.7635179,
  28.88189 0.74191764 1.7679647,28.88189 0.75003496 1.7707195,
  28.88189 0.75855616 1.7716525,28.88189 0.75855616 1.7716525,
  28.842521 0.75855617 1.7322835,28.843861 0.75855618 1.7424732,
  28.847794 0.75855618 1.7519685,28.854051 0.75855618 1.7601223,
  28.862205 0.75855618 1.7663789,28.8717 0.75855618 1.770312,
  28.873129 0.72148268 1.7422173,28.864808 0.72429467 1.7414638,
  28.857343 0.72882493 1.7402499,28.85111 0.73484622 1.7386365,
  28.84642 0.74205654 1.7367045,28.843508 0.75009423 1.7345508,
  28.844908 0.75269878 1.7444495,28.848528 0.74155734 1.7444495,
  28.855413 0.73207986 1.7444495,28.851598 0.74871366 1.7554246,
  28.864891 0.72519407 1.7444495,28.856122 0.73983459 1.7554246,
  28.859034 0.75493611 1.7641345,28.876032 0.721574 1.7444495,
  28.863168 0.73278813 1.7554246,28.861271 0.74805031 1.7641345,
  28.872047 0.72826402 1.7554246,28.865526 0.74219291 1.7641345,
  28.870319 0.75479667 1.7697266,28.871384 0.73793726 1.7641345,
  28.872047 0.75140516 1.7697266,28.87827 0.73569993 1.7641345,
  28.874739 0.74871365 1.7697266,28.87813 0.74698559 1.7697266] }
 coordIndex [
  9,8,19,-1,20,10,9,-1,20,19,18,-1,20,9,19,-1,21,18,17,-1,21,20,18,-1,22,17,16,-1,22,21,17,-1,
  23,11,10,-1,23,20,21,-1,23,10,20,-1,24,15,14,-1,24,16,15,-1,24,22,16,-1,25,21,22,-1,25,23,21,-1,
  26,12,11,-1,26,11,23,-1,27,0,1,-1,27,14,0,-1,27,24,14,-1,28,22,24,-1,28,25,22,-1,29,23,25,-1,
  29,26,23,-1,30,1,2,-1,30,24,27,-1,30,28,24,-1,30,27,1,-1,31,25,28,-1,31,29,25,-1,32,13,12,-1,
  32,7,13,-1,32,12,26,-1,32,26,29,-1,33,31,28,-1,33,28,30,-1,34,7,32,-1,34,29,31,-1,34,32,29,-1,
  35,2,3,-1,35,3,4,-1,35,30,2,-1,35,33,30,-1,36,6,7,-1,36,31,33,-1,36,7,34,-1,36,34,31,-1,
  37,4,5,-1,37,5,6,-1,37,6,36,-1,37,35,4,-1,37,33,35,-1,37,36,33,-1]
  normalPerVertex TRUE
  normal DEF NORM_550 Normal { vector [
  -0.062915803 -0.94728122 0.3141654,-0.12370962 -0.87019703 0.4769204,
  -0.12401524 -0.75070302 0.64889536,-0.051576971 -0.60795071 0.79229777,
  -0.077719084 -0.43011499 0.8994225,-0.0820406 -0.21566204 0.97301553,
  -0.11331029 -0.12719366 0.98538447,-0.12743864 -0.096034291 0.98718631,
  -0.98824245 -0.080502152 0.1299856,-0.97333333 -0.079680238 0.21511225,
  -0.85657407 -0.11230595 0.50365487,-0.72699716 -0.097652419 0.67966104,
  -0.47756572 -0.050918694 0.8771193,-0.25837455 -0.055280115 0.96446187,
  -0.2584281 -0.91650043 0.30535534,-0.43351056 -0.85945749 0.27092696,
  -0.60624152 -0.74707151 0.27268182,-0.78631204 -0.56840676 0.24213041,
  -0.91276883 -0.34718725 0.21520703,-0.97110192 -0.1673694 0.17014274,
  -0.91608991 -0.22046047 0.33492753,-0.82578756 -0.42126112 0.3749853,
  -0.65272725 -0.64319113 0.40031525,-0.77640672 -0.25066142 0.57823997,
  -0.41862456 -0.80774011 0.41510167,-0.66014568 -0.47962391 0.57807316,
  -0.58308692 -0.15186702 0.798089,-0.20548125 -0.88647674 0.41465219,
  -0.47962391 -0.66014568 0.57807316,-0.54002785 -0.27515793 0.79539803,
  -0.25184912 -0.77825269 0.57523454,-0.42856853 -0.42856853 0.79539803,
  -0.34578635 -0.12369415 0.93012448,-0.27515793 -0.54002785 0.79539803,
  -0.28909529 -0.21004003 0.93397382,-0.15163103 -0.59290784 0.79086556,
  -0.21004003 -0.2890953 0.93397382,-0.13533366 -0.34028022 0.93053435] }
}
}
DEF SHAPE_551 Shape {
 appearance USE APP_1
 geometry DEF FACE_551 IndexedFaceSet {
  coord DEF COORD_551 Coordinate { point [
  28.88189 0.72052939 1.7424728,28.926142 0.72052862 1.7424731,
  28.915929 0.75855616 1.771653,28.917971 0.74836649 1.770312,
  28.919957 0.73912161 1.7665223,28.921986 0.73097114 1.7603738,
  28.924064 0.72455031 1.752123,28.88189 0.75855616 1.7716525,
  28.88189 0.72363531 1.7504623,28.88189 0.72839719 1.7575901,
  28.88189 0.73458919 1.7635179,28.88189 0.74191764 1.7679647,
  28.88189 0.75003496 1.7707195] }
 coordIndex [
  2,7,12,-1,3,12,11,-1,3,2,12,-1,4,11,10,-1,4,3,11,-1,5,10,9,-1,5,4,10,-1,6,9,8,-1,
  6,5,9,-1,1,8,0,-1,1,6,8,-1]
  normalPerVertex TRUE
  normal DEF NORM_551 Normal { vector [
  -1.8959108e-05 -0.93204942 0.36233117,0.0026014893 -0.92705941 0.37490544,
  0.0028979236 -0.12032939 0.99272979,0.0032213318 -0.27616447 0.96110499,
  0.0038907177 -0.50365642 0.86389529,0.0040961148 -0.70015092 0.71398313,
  0.0033698769 -0.85511834 0.5184219,-1.497735e-05 -0.10883906 0.99405938,
  0.00064216911 -0.90192486 0.43189251,-1.1806574e-06 -0.77565884 0.63115241,
  -0.00043335345 -0.60722979 0.79452614,-0.00041178509 -0.40777447 0.91308259,
  0.00064425884 -0.18539974 0.98266297] }
}
}
DEF SHAPE_552 Shape {
 appearance USE APP_1
 geometry DEF FACE_552 IndexedFaceSet {
  coord DEF COORD_552 Coordinate { point [
  28.926142 0.72052862 1.7424731,28.942914 0.71154076 1.7089301,
  28.942913 0.66929124 1.5512568,28.88189 0.66929257 1.5512567,
  28.88189 0.72052939 1.7424728] }
 coordIndex [
  4,1,0,-1,3,2,1,-1,3,1,4,-1]
  normalPerVertex TRUE
  normal DEF NORM_552 Normal { vector [
  -1.8799707e-05 -0.96592791 0.25881128,-1.6803567e-05 -0.96592485 0.25882268,
  -2.1709707e-05 -0.96592415 0.2588253,-1.6664398e-05 -0.96592464 0.25882347,
  -1.3214614e-05 -0.96592537 0.25882076] }
}
}
DEF SHAPE_553 Shape {
 appearance USE APP_1
 geometry DEF FACE_553 IndexedFaceSet {
  coord DEF COORD_553 Coordinate { point [
  28.936705 0.73193587 1.7446981,28.935576 0.72785019 1.7452284,
  28.933214 0.72429898 1.7449986,28.929925 0.72174742 1.7440382,
  28.926142 0.72052862 1.7424731,28.942914 0.71154076 1.7089301,
  28.942913 0.71500281 1.7185318,28.942913 0.71961554 1.7262835,
  28.942886 0.72843786 1.7323532] }
 coordIndex [
  4,5,6,-1,3,6,7,-1,3,4,6,-1,2,3,7,-1,1,2,7,-1,8,1,7,-1,0,1,8,-1]
  normalPerVertex TRUE
  normal DEF NORM_553 Normal { vector [
  0.85960511 -0.1751873 0.47998798,0.80666514 -0.34731312 0.47818924,
  0.59894466 -0.64671378 0.4722569,0.37311288 -0.83301786 0.40849484,
  0.16822674 -0.92813423 0.33206417,0.17167681 -0.92674881 0.33416122,
  0.27123829 -0.88713752 0.37338561,0.65510349 -0.58945065 0.47263871,
  0.84220316 -0.27168551 0.46570465] }
}
}
DEF SHAPE_554 Shape {
 appearance USE APP_1
 geometry DEF FACE_554 IndexedFaceSet {
  coord DEF COORD_554 Coordinate { point [
  28.926493 0.75855618 1.7651247,28.926493 0.76118757 1.7651246,
  28.936705 0.73193587 1.7446981,28.9329 0.73542346 1.7523098,
  28.929669 0.74130789 1.7587726,28.927353 0.74930101 1.7634038,
  28.942886 0.72843786 1.7323532] }
 coordIndex [
  0,5,4,-1,1,3,2,-1,1,4,3,-1,1,2,6,-1,1,0,4,-1]
  normalPerVertex TRUE
  normal DEF NORM_554 Normal { vector [
  0.89444059 2.0406815e-05 0.44718679,0.89429189 -0.00024993963 0.44748402,
  0.89425754 -0.00031432952 0.44755262,0.89446098 4.9618039e-05 0.447146,
  0.89443439 1.5258365e-05 0.44719919,0.89444196 2.1667358e-05 0.44718405,
  0.89414176 -0.00051612745 0.44778371] }
}
}
DEF SHAPE_555 Shape {
 appearance USE APP_1
 geometry DEF FACE_555 IndexedFaceSet {
  coord DEF COORD_555 Coordinate { point [
  29.068898 0.76118756 1.7651246,29.069621 0.76118756 1.7651246,
  29.070758 0.76425716 1.768194,29.107216 0.76425716 1.7681941,
  29.105003 0.76118764 1.7651246,29.08861 0.72842505 1.7323514,
  28.942886 0.72843786 1.7323532,28.926493 0.76118757 1.7651246,
  28.92428 0.76425718 1.7681941,29.009843 0.76425718 1.7681941,
  29.009843 0.7480315 1.7519685,29.068898 0.7480315 1.7519685] }
 coordIndex [
  9,8,7,-1,10,7,6,-1,10,9,7,-1,11,1,0,-1,4,2,1,-1,4,3,2,-1,4,1,11,-1,5,11,10,-1,
  5,4,11,-1,5,10,6,-1]
  normalPerVertex TRUE
  normal DEF NORM_555 Normal { vector [
  0 0 1,4.3373409e-08 -0.70710311 0.70711046,
  -1.075508e-06 -0.70709328 0.70712028,-2.1620193e-06 -0.70709934 0.70711422,
  5.9783091e-05 -0.70718715 0.7070264,-1.0783466e-05 -0.70735024 0.70686324,
  -6.5809408e-05 -0.70738496 0.70682849,-4.8361397e-05 -0.70726046 0.70695307,
  -1.1636594e-07 -0.70709369 0.70711988,6.2956874e-07 -0.70710381 0.70710975,
  -4.4717058e-05 -0.70732439 0.7068891,3.8100373e-05 -0.70724448 0.70696905] }
}
}
DEF SHAPE_556 Shape {
 appearance USE APP_1
 geometry DEF FACE_556 IndexedFaceSet {
  coord DEF COORD_556 Coordinate { point [
  29.0689 0.76118756 1.7598383,29.068898 0.76118756 1.7651246,
  29.069621 0.76118756 1.7651246,29.06898 0.76118756 1.7616198,
  29.069221 0.76118756 1.7633867] }
 coordIndex [
  1,3,0,-1,1,4,3,-1,2,4,1,-1]
  normalPerVertex TRUE
  normal DEF NORM_556 Normal { vector [
  0 0 1,0 0 1,
  0 0 1,0 0 1,
  0 0 1] }
}
}
DEF SHAPE_557 Shape {
 appearance USE APP_1
 geometry DEF FACE_557 IndexedFaceSet {
  coord DEF COORD_557 Coordinate { point [
  29.0689 0.76118756 1.7598383,29.06898 0.76118756 1.7616198,
  29.069221 0.76118756 1.7633867,29.069621 0.76118756 1.7651246,
  29.070758 0.76425716 1.768194,29.072835 0.77260883 1.771653,
  29.072831 0.78740157 1.771651,29.075967 0.78740157 1.774953,
  29.079778 0.78740157 1.7774474,29.084059 0.78740157 1.7789992,
  29.088583 0.78740157 1.7795266,29.088583 0.84645669 1.7795266,
  29.084059 0.84645669 1.7789992,29.079778 0.84645669 1.7774475,
  29.075968 0.84645669 1.7749532,29.072832 0.84645669 1.7716505,
  29.072834 0.86614175 1.7716524,29.072294 0.87380658 1.7709065,
  29.070923 0.8814845 1.7685185,29.069498 0.88852278 1.7646816,
  29.068899 0.89425725 1.7598419] }
 coordIndex [
  10,11,12,-1,9,12,13,-1,9,10,12,-1,8,13,14,-1,8,9,13,-1,15,16,17,-1,7,14,15,-1,7,8,14,-1,
  18,15,17,-1,6,7,15,-1,4,5,6,-1,4,15,18,-1,4,6,15,-1,3,18,19,-1,3,4,18,-1,2,3,19,-1,
  1,19,20,-1,1,2,19,-1,0,1,20,-1]
  normalPerVertex TRUE
  normal DEF NORM_557 Normal { vector [
  -0.9989916 -1.0667853e-05 0.044897394,-0.99399053 0.00076936403 0.10946339,
  -0.98368408 0.00031352752 0.17990425,-0.94624242 0.00023503908 0.32345822,
  -0.8874828 3.1911974e-05 0.46084085,-0.85715068 -0.00015470241 0.51506572,
  -0.79947 5.4123929e-06 0.60070601,-0.66999149 7.9034355e-06 0.74236878,
  -0.48160851 -1.8331962e-07 0.87638647,-0.26735252 -1.220698e-07 0.96359879,
  -0.11579252 -9.0899812e-08 0.99327342,-0.11579135 0 0.99327356,
  -0.19191687 0 0.98141119,-0.41219829 6.1100335e-08 0.91109416,
  -0.6105369 1.2191432e-07 0.79198781,-0.80693827 -0.00027218942 0.59063572,
  -0.80994349 1.720465e-05 0.58650792,-0.86042387 -0.0030688185 0.50956976,
  -0.91214109 -4.652498e-05 0.40987636,-0.97702077 0.0006089915 0.21314324,
  -0.99470282 0.0007654304 0.10278965] }
}
}
DEF SHAPE_558 Shape {
 appearance USE APP_1
 geometry DEF FACE_558 IndexedFaceSet {
  coord DEF COORD_558 Coordinate { point [
  29.0689 0.76118756 1.7598383,29.068898 0.76118756 1.7651246,
  29.068898 0.7480315 1.7519685,29.068899 0.79724409 1.7519685,
  29.0689 0.80708661 1.7440945,29.0689 0.84645669 1.7440945,
  29.068899 0.84645669 1.7519685,29.068898 0.90023671 1.7519683,
  29.068898 0.89846615 1.7547571,29.068898 0.89646842 1.7573878,
  29.068899 0.89425725 1.7598419] }
 coordIndex [
  0,2,1,-1,3,2,0,-1,6,4,3,-1,5,4,6,-1,6,8,7,-1,6,9,8,-1,6,10,9,-1,10,3,0,-1,
  10,6,3,-1]
  normalPerVertex TRUE
  normal DEF NORM_558 Normal { vector [
  -1 1.7402495e-05 8.273039e-05,-0.99999983 0.00040231443 -0.00042841148,
  -0.99999999 7.8990116e-05 0.00011209848,-1 -3.2628981e-06 4.4579401e-05,
  -0.99999998 -7.7517332e-06 -0.00017925883,-0.99999998 -8.7206999e-06 -0.000174414,
  -1 -1.4332555e-05 -4.3417044e-05,-1 -1.9152139e-05 -1.215956e-05,
  -1 -1.9092316e-05 -1.3275307e-05,-0.99999999 -3.8573967e-05 0.00016591674,
  -1 -1.3119591e-05 8.6966452e-05] }
}
}
DEF SHAPE_559 Shape {
 appearance USE APP_1
 geometry DEF FACE_559 IndexedFaceSet {
  coord DEF COORD_559 Coordinate { point [
  29.068899 0.79724409 1.7519685,29.009843 0.79724409 1.7519685,
  29.009843 0.7480315 1.7519685,29.068898 0.7480315 1.7519685] }
 coordIndex [
  3,1,2,-1,0,1,3,-1]
  normalPerVertex TRUE
  normal DEF NORM_559 Normal { vector [
  0 0 1,0 0 1,
  0 0 1,0 0 1] }
}
}
DEF SHAPE_560 Shape {
 appearance USE APP_1
 geometry DEF FACE_560 IndexedFaceSet {
  coord DEF COORD_560 Coordinate { point [
  29.009843 0.86614175 1.7716511,29.009843 0.77260883 1.7716535,
  29.009843 0.76425718 1.7681941,29.009843 0.7480315 1.7519685,
  29.009843 0.79724409 1.7519685,29.009843 0.80708661 1.7440945,
  29.009843 0.84645669 1.7440945,29.009843 0.84645669 1.7519685,
  29.009843 0.90023634 1.751968,29.009843 0.87432706 1.7707915,
  29.009843 0.8821547 1.7682486,29.009843 0.88928249 1.7641337,
  29.009843 0.89539883 1.7586266] }
 coordIndex [
  4,1,2,-1,4,2,3,-1,7,4,5,-1,0,1,4,-1,0,4,7,-1,6,7,5,-1,9,0,7,-1,7,8,12,-1,
  7,12,11,-1,7,11,10,-1,7,10,9,-1]
  normalPerVertex TRUE
  normal DEF NORM_560 Normal { vector [
  1 0 0,1 0 0,
  1 0 0,1 0 0,
  1 0 0,1 0 0,
  1 0 0,1 0 0,
  1 0 0,1 0 0,
  1 0 0,1 0 0,
  1 0 0] }
}
}
DEF SHAPE_561 Shape {
 appearance USE APP_1
 geometry DEF FACE_561 IndexedFaceSet {
  coord DEF COORD_561 Coordinate { point [
  28.915929 0.77260883 1.7716534,28.920451 0.76808384 1.7707533,
  28.92428 0.76425718 1.7681941,29.009843 0.76425718 1.7681941,
  29.009843 0.77260883 1.7716535] }
 coordIndex [
  4,0,1,-1,4,1,2,-1,3,4,2,-1]
  normalPerVertex TRUE
  normal DEF NORM_561 Normal { vector [
  -1.3580897e-06 -0.19509711 0.98078393,0.0096161064 -0.37443216 0.92720445,
  0.0067969582 -0.44132007 0.89732402,-1.6396652e-07 -0.38268364 0.92387945,
  0.0050232792 -0.37838134 0.92563617] }
}
}
DEF SHAPE_562 Shape {
 appearance USE APP_1
 geometry DEF FACE_562 IndexedFaceSet {
  coord DEF COORD_562 Coordinate { point [
  29.009843 0.77260883 1.7716535,28.915929 0.77260883 1.7716534,
  29.009843 0.86614175 1.7716511,28.88189 0.86614174 1.7716523,
  28.88189 0.75855616 1.7716525,28.915929 0.75855616 1.771653] }
 coordIndex [
  1,4,5,-1,3,4,1,-1,2,1,0,-1,2,3,1,-1]
  normalPerVertex TRUE
  normal DEF NORM_562 Normal { vector [
  -1.3846982e-06 2.5996454e-05 1,-1.8153831e-07 1.6027723e-05 1,
  4.9646734e-06 1.9621234e-05 1,9.501982e-07 1.178504e-05 1,
  -2.5974178e-05 -1.9828316e-06 1,-1.5067078e-05 -2.8402552e-05 1] }
}
}
DEF SHAPE_563 Shape {
 appearance USE APP_1
 geometry DEF FACE_563 IndexedFaceSet {
  coord DEF COORD_563 Coordinate { point [
  28.92428 0.76425718 1.7681941,28.926493 0.76118757 1.7651246,
  28.915929 0.77260883 1.7716534,28.920451 0.76808384 1.7707533,
  28.915929 0.75855616 1.771653,28.920189 0.75855618 1.7708583,
  28.923876 0.75855618 1.7685797,28.926493 0.75855618 1.7651247] }
 coordIndex [
  6,1,0,-1,6,7,1,-1,5,0,3,-1,5,6,0,-1,4,3,2,-1,4,5,3,-1]
  normalPerVertex TRUE
  normal DEF NORM_563 Normal { vector [
  0.61514388 -0.0016762842 0.78841309,0.80123367 -0.011184113 0.59824704,
  0.19520444 -2.729184e-05 0.98076257,0.302845 -0.00019186858 0.9530398,
  0.19060078 0.0022427669 0.98166507,0.41608695 0.0043468996 0.90931444,
  0.69855705 0.001932721 0.71555175,0 0 1] }
}
}
DEF SHAPE_564 Shape {
 appearance USE APP_1
 geometry DEF FACE_564 IndexedFaceSet {
  coord DEF COORD_564 Coordinate { point [
  28.915929 0.75855616 1.771653,28.917971 0.74836649 1.770312,
  28.919957 0.73912161 1.7665223,28.921986 0.73097114 1.7603738,
  28.924064 0.72455031 1.752123,28.926142 0.72052862 1.7424731,
  28.936705 0.73193587 1.7446981,28.935576 0.72785019 1.7452284,
  28.933214 0.72429898 1.7449986,28.929925 0.72174742 1.7440382,
  28.9329 0.73542346 1.7523098,28.929669 0.74130789 1.7587726,
  28.927353 0.74930101 1.7634038,28.926493 0.75855618 1.7651247,
  28.920189 0.75855618 1.7708583,28.923876 0.75855618 1.7685797,
  28.926686 0.72322607 1.7491217,28.931376 0.72649685 1.7498597,
  28.933546 0.72970256 1.7495719,28.921273 0.74041838 1.7669495,
  28.924895 0.74228629 1.7654998,28.926761 0.74378531 1.7638074,
  28.91875 0.75231036 1.7709639,28.9228 0.75300297 1.7692357,
  28.924988 0.75349581 1.7672645,28.929956 0.72873576 1.7535272,
  28.928536 0.73154548 1.7570877,28.926925 0.73555508 1.7609653] }
 coordIndex [
  16,4,5,-1,16,5,9,-1,17,8,7,-1,17,9,8,-1,17,16,9,-1,18,7,6,-1,18,6,10,-1,18,17,7,-1,
  19,1,2,-1,20,1,19,-1,21,11,12,-1,21,12,20,-1,22,0,1,-1,22,14,0,-1,23,15,14,-1,23,1,20,-1,
  23,20,12,-1,23,22,1,-1,23,14,22,-1,24,12,13,-1,24,13,15,-1,24,15,23,-1,24,23,12,-1,25,18,10,-1,
  25,17,18,-1,25,4,16,-1,25,16,17,-1,26,3,4,-1,26,10,11,-1,26,25,10,-1,26,4,25,-1,27,2,3,-1,
  27,21,20,-1,27,19,2,-1,27,20,19,-1,27,11,21,-1,27,3,26,-1,27,26,11,-1]
  normalPerVertex TRUE
  normal DEF NORM_564 Normal { vector [
  0.084215763 -0.071607402 0.99387126,0.34241351 -0.22625221 0.91190072,
  0.31180725 -0.49553141 0.81069406,0.38368511 -0.58729608 0.71264932,
  0.30886776 -0.73020984 0.60942128,0.067786499 -0.92642568 0.37032478,
  0.85970816 -0.15213006 0.48760468,0.77401558 -0.3808536 0.50581659,
  0.58067722 -0.63665784 0.50742562,0.35343503 -0.81235333 0.46385962,
  0.80603273 -0.19793444 0.55779315,0.81797659 -0.16156785 0.55209613,
  0.78894586 -0.071951661 0.61023552,0.82490696 -0.0061913654 0.56523462,
  0.36872403 -0.036257283 0.92883152,0.66858182 -0.0051928397 0.74362046,
  0.29435993 -0.80866244 0.50933024,0.55894541 -0.63421049 0.53418824,
  0.80127086 -0.25213894 0.54257808,0.39659437 -0.34381472 0.85117821,
  0.58199454 -0.1936015 0.78981062,0.79976538 -0.1289241 0.58630531,
  0.25229595 -0.1064732 0.96177451,0.5671435 -0.13690295 0.81216121,
  0.77935021 -0.056206102 0.6240626,0.58132007 -0.51687316 0.62841794,
  0.6206748 -0.45087615 0.641462,0.58709254 -0.38113087 0.71418598] }
}
}
DEF SHAPE_565 Shape {
 appearance USE APP_1
 geometry DEF FACE_565 IndexedFaceSet {
  coord DEF COORD_565 Coordinate { point [
  29.009843 0.84645669 1.7519685,29.009843 0.90023634 1.751968,
  29.068899 0.84645669 1.7519685,29.068898 0.90023671 1.7519683] }
 coordIndex [
  3,1,0,-1,3,0,2,-1]
  normalPerVertex TRUE
  normal DEF NORM_565 Normal { vector [
  -2.8841648e-06 6.3341353e-06 1,-5.438731e-06 9.1392703e-06 1,
  -3.2966092e-07 3.5290686e-06 1,-2.8841648e-06 6.3341353e-06 1] }
}
}
DEF SHAPE_566 Shape {
 appearance USE APP_1
 geometry DEF FACE_566 IndexedFaceSet {
  coord DEF COORD_566 Coordinate { point [
  29.009843 0.84645669 1.7519685,29.068899 0.84645669 1.7519685,
  29.0689 0.84645669 1.7440945,29.009843 0.84645669 1.7440945] }
 coordIndex [
  1,0,3,-1,2,1,3,-1]
  normalPerVertex TRUE
  normal DEF NORM_566 Normal { vector [
  0 -1 0,0 -1 0,
  0 -1 0,0 -1 0] }
}
}
DEF SHAPE_567 Shape {
 appearance USE APP_1
 geometry DEF FACE_567 IndexedFaceSet {
  coord DEF COORD_567 Coordinate { point [
  29.009843 0.80708661 1.7440945,29.0689 0.80708661 1.7440945,
  29.0689 0.84645669 1.7440945,29.009843 0.84645669 1.7440945] }
 coordIndex [
  2,0,1,-1,2,3,0,-1]
  normalPerVertex TRUE
  normal DEF NORM_567 Normal { vector [
  0 0 1,0 0 1,
  0 0 1,0 0 1] }
}
}
DEF SHAPE_568 Shape {
 appearance USE APP_1
 geometry DEF FACE_568 IndexedFaceSet {
  coord DEF COORD_568 Coordinate { point [
  29.009843 0.80708661 1.7440945,29.009843 0.79724409 1.7519685,
  29.068899 0.79724409 1.7519685,29.0689 0.80708661 1.7440945] }
 coordIndex [
  0,1,2,-1,0,2,3,-1]
  normalPerVertex TRUE
  normal DEF NORM_568 Normal { vector [
  0 0.62469505 0.78086881,0 0.62469505 0.78086881,
  0 0.62469505 0.78086881,0 0.62469505 0.78086881] }
}
}
DEF SHAPE_569 Shape {
 appearance USE APP_1
 geometry DEF FACE_569 IndexedFaceSet {
  coord DEF COORD_569 Coordinate { point [
  29.238193 0.84645669 1.771651,29.072832 0.84645669 1.7716505,
  29.238189 0.86614175 1.7716521,29.072834 0.86614175 1.7716524] }
 coordIndex [
  2,1,0,-1,2,3,1,-1]
  normalPerVertex TRUE
  normal DEF NORM_569 Normal { vector [
  -3.4406616e-06 -5.4115218e-05 1,-8.1990163e-07 -7.6129914e-05 1,
  -8.1990163e-07 -7.6129914e-05 1,1.800947e-06 -9.8145354e-05 1] }
}
}
DEF SHAPE_570 Shape {
 appearance USE APP_1
 geometry DEF FACE_570 IndexedFaceSet {
  coord DEF COORD_570 Coordinate { point [
  29.242124 0.76118756 1.7598383,29.242125 0.89425727 1.7598426,
  29.241524 0.88851426 1.7646879,29.2401 0.88148531 1.7685176,
  29.23873 0.87381679 1.7709046,29.238189 0.86614175 1.7716521,
  29.238193 0.84645669 1.771651,29.235056 0.84645669 1.7749531,
  29.231246 0.84645669 1.7774474,29.226965 0.84645669 1.7789992,
  29.222441 0.84645669 1.7795266,29.222441 0.78740157 1.7795266,
  29.226965 0.78740157 1.7789992,29.231246 0.78740157 1.7774474,
  29.235056 0.78740157 1.7749531,29.238192 0.78740157 1.7716505,
  29.238189 0.77260883 1.7716534,29.240266 0.76425716 1.768194,
  29.241403 0.76118756 1.7651246,29.241803 0.76118756 1.7633867,
  29.242044 0.76118756 1.7616198] }
 coordIndex [
  20,0,1,-1,20,1,2,-1,19,20,2,-1,18,2,3,-1,18,19,2,-1,6,3,4,-1,6,4,5,-1,17,18,3,-1,
  17,3,6,-1,15,17,6,-1,16,17,15,-1,14,6,7,-1,14,15,6,-1,13,7,8,-1,13,14,7,-1,12,8,9,-1,
  12,13,8,-1,11,9,10,-1,11,12,9,-1]
  normalPerVertex TRUE
  normal DEF NORM_570 Normal { vector [
  0.99899159 -1.2802122e-05 0.044897629,0.99468798 0.00076490878 0.10293315,
  0.97701313 0.00060739061 0.21317827,0.91213594 -4.3925024e-05 0.40988781,
  0.86021244 -0.0029890578 0.50992708,0.80932079 0.00012346803 0.58736687,
  0.8069557 -0.00028027623 0.5906119,0.61046287 0 0.79204488,
  0.41220291 0 0.91109207,0.1919175 -2.0999094e-08 0.98141106,
  0.11579087 -6.2625292e-08 0.99327361,0.11579048 -3.2099318e-08 0.99327366,
  0.26735251 0 0.96359879,0.48161117 0 0.876385,
  0.66996107 -4.5274071e-06 0.74239623,0.79943705 -1.8264027e-05 0.60074987,
  0.85733532 -5.7633439e-05 0.51475833,0.887533 3.1233214e-05 0.46074415,
  0.94620804 0.00023219082 0.3235588,0.98368406 0.00031458819 0.17990435,
  0.99397851 0.00076964032 0.10957245] }
}
}
DEF SHAPE_571 Shape {
 appearance USE APP_1
 geometry DEF FACE_571 IndexedFaceSet {
  coord DEF COORD_571 Coordinate { point [
  29.241403 0.76118756 1.7651246,29.241803 0.76118756 1.7633867,
  29.242044 0.76118756 1.7616198,29.242124 0.76118756 1.7598383,
  29.242126 0.76118756 1.7651246] }
 coordIndex [
  4,1,0,-1,4,3,2,-1,4,2,1,-1]
  normalPerVertex TRUE
  normal DEF NORM_571 Normal { vector [
  0 0 1,0 0 1,
  0 0 1,0 0 1,
  0 0 1] }
}
}
DEF SHAPE_572 Shape {
 appearance USE APP_1
 geometry DEF FACE_572 IndexedFaceSet {
  coord DEF COORD_572 Coordinate { point [
  29.242126 0.76118756 1.7651246,29.242124 0.76118756 1.7598383,
  29.242126 0.7480315 1.7519685,29.242126 0.79724409 1.7519685,
  29.242126 0.80708661 1.7440945,29.242126 0.84645669 1.7440945,
  29.242126 0.84645669 1.7519685,29.242126 0.90023651 1.7519682,
  29.242125 0.89425727 1.7598426,29.242126 0.89646821 1.757388,
  29.242126 0.89846607 1.7547572] }
 coordIndex [
  4,5,6,-1,3,4,6,-1,2,3,1,-1,0,2,1,-1,6,7,10,-1,6,10,9,-1,6,9,8,-1,8,1,3,-1,
  8,3,6,-1]
  normalPerVertex TRUE
  normal DEF NORM_572 Normal { vector [
  0.99999984 0.00041062161 -0.00039867239,0.99999998 1.1077068e-05 0.00021980545,
  0.99999998 6.2511314e-05 0.00018327256,0.99999998 -5.3832155e-06 0.00017898107,
  1 0 0,1 0 0,
  1 -2.7039809e-06 4.9506025e-05,1 0 0,
  0.99999998 -1.0183308e-05 0.0002049977,0.99999999 -1.4753611e-05 0.00013614573,
  1 0 0] }
}
}
DEF SHAPE_573 Shape {
 appearance USE APP_1
 geometry DEF FACE_573 IndexedFaceSet {
  coord DEF COORD_573 Coordinate { point [
  29.301181 0.79724409 1.7519685,29.242126 0.79724409 1.7519685,
  29.242126 0.7480315 1.7519685,29.301181 0.7480315 1.7519685] }
 coordIndex [
  0,1,2,-1,0,2,3,-1]
  normalPerVertex TRUE
  normal DEF NORM_573 Normal { vector [
  0 0 1,0 0 1,
  0 0 1,0 0 1] }
}
}
DEF SHAPE_574 Shape {
 appearance USE APP_1
 geometry DEF FACE_574 IndexedFaceSet {
  coord DEF COORD_574 Coordinate { point [
  29.301183 0.76118756 1.7598383,29.301181 0.76118756 1.7651246,
  29.301181 0.7480315 1.7519685,29.301181 0.79724409 1.7519685,
  29.301181 0.80708661 1.7440945,29.301181 0.84645669 1.7440945,
  29.301181 0.84645669 1.7519685,29.301181 0.90023671 1.7519683,
  29.301181 0.89846615 1.7547571,29.301181 0.89646842 1.7573878,
  29.301182 0.89425725 1.7598419] }
 coordIndex [
  0,2,1,-1,3,2,0,-1,6,4,3,-1,5,4,6,-1,6,8,7,-1,6,9,8,-1,6,10,9,-1,10,3,0,-1,
  10,6,3,-1]
  normalPerVertex TRUE
  normal DEF NORM_574 Normal { vector [
  -0.99999997 1.321698e-05 0.00022446512,-0.99999982 0.00042841148 -0.00042841148,
  -0.99999998 6.5219667e-05 0.00017874606,-0.99999998 -4.4867218e-06 0.00018869438,
  -1 0 0,-1 0 0,
  -1 -3.6055835e-06 6.6016324e-05,-1 0 0,
  -1 0 0,-0.99999998 -1.9674018e-05 0.000181561,
  -0.99999997 -9.7899959e-06 0.00022669167] }
}
}
DEF SHAPE_575 Shape {
 appearance USE APP_1
 geometry DEF FACE_575 IndexedFaceSet {
  coord DEF COORD_575 Coordinate { point [
  29.301183 0.76118756 1.7598383,29.301263 0.76118756 1.7616198,
  29.301504 0.76118756 1.7633867,29.301904 0.76118756 1.7651246,
  29.303041 0.76425716 1.768194,29.305118 0.77260883 1.771653,
  29.305114 0.78740157 1.771651,29.308251 0.78740157 1.7749531,
  29.312061 0.78740157 1.7774474,29.316342 0.78740157 1.7789992,
  29.320866 0.78740157 1.7795261,29.320866 0.84645669 1.7795266,
  29.316343 0.84645669 1.7789993,29.312062 0.84645669 1.7774479,
  29.308252 0.84645669 1.7749541,29.305116 0.84645669 1.7716528,
  29.305117 0.86614175 1.7716524,29.301182 0.89425725 1.7598419,
  29.301765 0.88862072 1.7646197,29.30317 0.8816636 1.7684322,
  29.30457 0.87386394 1.7708987] }
 coordIndex [
  10,11,12,-1,9,12,13,-1,9,10,12,-1,8,13,14,-1,8,9,13,-1,15,16,20,-1,7,14,15,-1,7,8,14,-1,
  19,15,20,-1,6,7,15,-1,4,5,6,-1,4,15,19,-1,4,6,15,-1,3,19,18,-1,3,4,19,-1,2,3,18,-1,
  1,18,17,-1,1,2,18,-1,0,1,17,-1]
  normalPerVertex TRUE
  normal DEF NORM_575 Normal { vector [
  -0.9989916 -1.0667853e-05 0.044897394,-0.99411719 0.0007401849 0.10830725,
  -0.98368409 0.00027413826 0.17990426,-0.94665521 0.00023434962 0.32224812,
  -0.88777403 5.8268338e-05 0.46027955,-0.85715068 -0.00015470241 0.51506572,
  -0.79943417 -1.6865753e-05 0.6007537,-0.66989068 -1.5096757e-06 0.74245975,
  -0.4815879 -1.1176612e-06 0.8763978,-0.26730301 -7.3767588e-07 0.96361253,
  -0.11573133 -4.7948903e-06 0.99328055,-0.11577934 -8.5223156e-06 0.99327496,
  -0.19186227 -2.857303e-06 0.98142186,-0.41216614 3.5835885e-07 0.9111087,
  -0.61041506 7.3290697e-07 0.79208172,-0.80802689 -0.00025796364 0.58914555,
  -0.80858525 8.8919817e-05 0.58837904,-0.99485962 0.0007449107 0.10126099,
  -0.97732752 0.00059854931 0.21173228,-0.91256592 -2.6120865e-05 0.40892964,
  -0.86249742 -0.0032498422 0.50605102] }
}
}
DEF SHAPE_576 Shape {
 appearance USE APP_1
 geometry DEF FACE_576 IndexedFaceSet {
  coord DEF COORD_576 Coordinate { point [
  29.301183 0.76118756 1.7598383,29.301181 0.76118756 1.7651246,
  29.301904 0.76118756 1.7651246,29.301263 0.76118756 1.7616198,
  29.301504 0.76118756 1.7633867] }
 coordIndex [
  1,3,0,-1,1,4,3,-1,2,4,1,-1]
  normalPerVertex TRUE
  normal DEF NORM_576 Normal { vector [
  0 0 1,0 0 1,
  0 0 1,0 0 1,
  0 0 1] }
}
}
DEF SHAPE_577 Shape {
 appearance USE APP_1
 geometry DEF FACE_577 IndexedFaceSet {
  coord DEF COORD_577 Coordinate { point [
  29.301181 0.76118756 1.7651246,29.301904 0.76118756 1.7651246,
  29.303041 0.76425716 1.768194,29.363121 0.76425716 1.7681941,
  29.360909 0.76118764 1.7651246,29.344514 0.72842211 1.7323479,
  29.198795 0.72843745 1.7323528,29.182398 0.76118757 1.7651246,
  29.180186 0.76425717 1.7681941,29.240266 0.76425716 1.768194,
  29.241403 0.76118756 1.7651246,29.242126 0.76118756 1.7651246,
  29.242126 0.7480315 1.7519685,29.301181 0.7480315 1.7519685] }
 coordIndex [
  9,8,7,-1,10,9,7,-1,12,7,6,-1,12,11,10,-1,12,10,7,-1,13,1,0,-1,4,2,1,-1,4,3,2,-1,
  4,1,13,-1,5,13,12,-1,5,12,6,-1,5,4,13,-1]
  normalPerVertex TRUE
  normal DEF NORM_577 Normal { vector [
  0 0 1,2.6189418e-08 -0.70710308 0.70711048,
  -6.4882004e-07 -0.7070934 0.70712017,-1.3119648e-06 -0.70709965 0.70711392,
  3.6057733e-05 -0.70718706 0.70702649,-7.1251876e-06 -0.70735438 0.70685909,
  -7.5236248e-05 -0.70741418 0.70679924,-6.93368e-05 -0.70726359 0.70694994,
  1.3119689e-06 -0.70709317 0.70712039,9.8259073e-07 -0.70709007 0.7071235,
  6.4082783e-07 -0.70710304 0.70711052,0 0 1,
  -5.2802227e-05 -0.70735857 0.70685491,2.8272776e-05 -0.70723433 0.70697921] }
}
}
DEF SHAPE_578 Shape {
 appearance USE APP_1
 geometry DEF FACE_578 IndexedFaceSet {
  coord DEF COORD_578 Coordinate { point [
  29.305118 0.77260883 1.771653,29.303041 0.76425716 1.768194,
  29.363121 0.76425716 1.7681941,29.371473 0.77260883 1.7716534,
  29.366957 0.76809846 1.7707553] }
 coordIndex [
  4,3,0,-1,2,0,1,-1,2,4,0,-1]
  normalPerVertex TRUE
  normal DEF NORM_578 Normal { vector [
  -0.0071122328 -0.37657236 0.92635991,-1.772767e-06 -0.38264556 0.92389522,
  -0.0096244616 -0.4389433 0.89846321,-6.0369355e-06 -0.19526937 0.98074965,
  -0.013582607 -0.37101476 0.92852763] }
}
}
DEF SHAPE_579 Shape {
 appearance USE APP_1
 geometry DEF FACE_579 IndexedFaceSet {
  coord DEF COORD_579 Coordinate { point [
  29.371473 0.75855617 1.771653,29.42774 0.75855617 1.771653,
  29.42774 0.77260883 1.7716534,29.494095 0.77260883 1.7716534,
  29.494098 0.78740157 1.7716529,29.305114 0.78740157 1.771651,
  29.305118 0.77260883 1.771653,29.371473 0.77260883 1.7716534] }
 coordIndex [
  7,5,6,-1,2,0,1,-1,2,7,0,-1,4,2,3,-1,4,5,7,-1,4,7,2,-1]
  normalPerVertex TRUE
  normal DEF NORM_579 Normal { vector [
  0 -2.8402867e-05 1,0 -2.8402647e-05 1,
  1.1163695e-07 2.4038998e-06 1,3.862299e-07 2.8466746e-05 1,
  -6.0438725e-06 8.0613053e-05 1,-9.0757131e-06 0.00011853205 0.99999999,
  -6.1554296e-06 0.00013163209 0.99999999,-6.3479757e-06 8.3402727e-05 1] }
}
}
DEF SHAPE_580 Shape {
 appearance USE APP_1
 geometry DEF FACE_580 IndexedFaceSet {
  coord DEF COORD_580 Coordinate { point [
  29.360909 0.75855618 1.7651247,29.360909 0.76118764 1.7651246,
  29.363526 0.75855618 1.7685798,29.367212 0.75855618 1.7708583,
  29.371473 0.75855617 1.771653,29.371473 0.77260883 1.7716534,
  29.366957 0.76809846 1.7707553,29.363121 0.76425716 1.7681941] }
 coordIndex [
  2,1,0,-1,7,1,2,-1,3,7,2,-1,6,7,3,-1,4,6,3,-1,5,6,4,-1]
  normalPerVertex TRUE
  normal DEF NORM_580 Normal { vector [
  0 0 1,-0.80123253 -0.011185146 0.59824855,
  -0.69855589 0.0019329957 0.71555289,-0.41602514 0.0043584923 0.90934267,
  -0.19046955 0.0022019116 0.98169063,-0.19500467 -2.806651e-05 0.98080231,
  -0.30290099 -0.00017908627 0.95302201,-0.61500379 -0.0016057138 0.78852252] }
}
}
DEF SHAPE_581 Shape {
 appearance USE APP_1
 geometry DEF FACE_581 IndexedFaceSet {
  coord DEF COORD_581 Coordinate { point [
  29.360909 0.75855618 1.7651247,29.363526 0.75855618 1.7685798,
  29.367212 0.75855618 1.7708583,29.371473 0.75855617 1.771653,
  29.36007 0.74941525 1.7634468,29.357648 0.7411017 1.758603,
  29.354469 0.73538075 1.7522454,29.350696 0.73193587 1.7446981,
  29.361259 0.72052862 1.7424731,29.357476 0.72174742 1.7440382,
  29.354188 0.72429898 1.7449986,29.351825 0.72785019 1.7452284,
  29.363302 0.72446063 1.7519685,29.365288 0.73051402 1.7599175,
  29.367317 0.73856255 1.7661989,29.369395 0.74819403 1.7702654,
  29.368652 0.75231036 1.7709639,29.364601 0.75300297 1.7692357,
  29.362413 0.75349581 1.7672645,29.363462 0.73035934 1.7593852,
  29.359538 0.73310169 1.7587286,29.357642 0.7355408 1.7575941,
  29.360716 0.72322607 1.7491217,29.356026 0.72649685 1.7498597,
  29.353856 0.72970256 1.7495719,29.363861 0.74848344 1.7681075,
  29.36296 0.74415338 1.7664261,29.36155 0.7388301 1.7634263] }
 coordIndex [
  16,3,2,-1,16,15,3,-1,17,2,1,-1,17,16,2,-1,18,1,0,-1,18,0,4,-1,18,17,1,-1,19,12,13,-1,
  20,12,19,-1,21,5,6,-1,21,6,20,-1,22,9,8,-1,22,8,12,-1,23,10,9,-1,23,11,10,-1,23,22,12,-1,
  23,12,20,-1,23,9,22,-1,23,20,6,-1,24,6,7,-1,24,7,11,-1,24,23,6,-1,24,11,23,-1,25,18,4,-1,
  25,17,18,-1,25,16,17,-1,25,15,16,-1,26,4,5,-1,26,14,15,-1,26,15,25,-1,26,25,4,-1,27,13,14,-1,
  27,19,13,-1,27,5,21,-1,27,20,19,-1,27,26,5,-1,27,14,26,-1,27,21,20,-1]
  normalPerVertex TRUE
  normal DEF NORM_581 Normal { vector [
  -0.82460441 -0.0059135745 0.56567888,-0.66858099 -0.0051926982 0.7436212,
  -0.36872214 -0.036257232 0.92883228,-0.079712054 -0.073665173 0.99409226,
  -0.80415463 -0.086810816 0.58804695,-0.81151251 -0.10769366 0.57432527,
  -0.8069746 -0.23169315 0.54324053,-0.85972402 -0.15239205 0.48749489,
  -0.072138914 -0.92626512 0.36990392,-0.35343498 -0.81235334 0.46385964,
  -0.58067719 -0.63665783 0.50742567,-0.77401558 -0.38085357 0.50581662,
  -0.35501193 -0.71787553 0.59884995,-0.31415885 -0.55164557 0.77265217,
  -0.38165629 -0.39482259 0.83573536,-0.29839795 -0.26352391 0.91734062,
  -0.27929919 -0.12278281 0.95232156,-0.51887208 -0.070543908 0.85193622,
  -0.77903034 -0.0492219 0.62505114,-0.41144928 -0.5983734 0.68750183,
  -0.60311965 -0.50030669 0.62124061,-0.80461639 -0.18121679 0.56546701,
  -0.26901392 -0.833403 0.48277421,-0.57651846 -0.55714117 0.597679,
  -0.79159926 -0.24404785 0.56018859,-0.58365481 -0.16408721 0.79524993,
  -0.61239589 -0.21495655 0.76076603,-0.56871823 -0.34589715 0.7462672] }
}
}
DEF SHAPE_582 Shape {
 appearance USE APP_1
 geometry DEF FACE_582 IndexedFaceSet {
  coord DEF COORD_582 Coordinate { point [
  29.371473 0.75855617 1.771653,29.42774 0.75855617 1.771653,
  29.361259 0.72052862 1.7424731,29.363302 0.72446063 1.7519685,
  29.365288 0.73051402 1.7599175,29.367317 0.73856255 1.7661989,
  29.369395 0.74819403 1.7702654,29.437953 0.72052862 1.7424731,
  29.429782 0.74836649 1.770312,29.431768 0.73912161 1.7665223,
  29.433797 0.73097114 1.7603738,29.435875 0.72455031 1.752123] }
 coordIndex [
  3,2,7,-1,3,7,11,-1,4,11,10,-1,4,3,11,-1,5,10,9,-1,5,4,10,-1,6,9,8,-1,6,5,9,-1,
  0,8,1,-1,0,6,8,-1]
  normalPerVertex TRUE
  normal DEF NORM_582 Normal { vector [
  -0.00020167691 -0.13160694 0.99130196,1.0005568e-08 -0.13047254 0.99145192,
  -2.8467875e-08 -0.92391729 0.38259227,9.5359589e-06 -0.88904042 0.45782871,
  -8.55215e-05 -0.73966356 0.67297682,-0.0004177336 -0.53975684 0.84182087,
  -0.00045608121 -0.30329373 0.95289701,0.00015767454 -0.92347841 0.38365037,
  -1.1892188e-05 -0.21564289 0.9764723,9.4582588e-05 -0.46171357 0.88702907,
  0.00040868627 -0.67606168 0.73684492,0.0003952266 -0.84388172 0.53652912] }
}
}
DEF SHAPE_583 Shape {
 appearance USE APP_1
 geometry DEF FACE_583 IndexedFaceSet {
  coord DEF COORD_583 Coordinate { point [
  29.448516 0.73193587 1.7446981,29.447387 0.72785019 1.7452284,
  29.445025 0.72429898 1.7449986,29.441737 0.72174742 1.7440382,
  29.437953 0.72052862 1.7424731,29.444711 0.73542346 1.7523098,
  29.44148 0.74130789 1.7587726,29.439164 0.74930101 1.7634038,
  29.438304 0.75855618 1.7651247,29.42774 0.75855617 1.771653,
  29.432 0.75855618 1.7708583,29.435687 0.75855618 1.7685797,
  29.429782 0.74836649 1.770312,29.431768 0.73912161 1.7665223,
  29.433797 0.73097114 1.7603738,29.435875 0.72455031 1.752123,
  29.430561 0.75231036 1.7709639,29.434611 0.75300297 1.7692357,
  29.436799 0.75349581 1.7672645,29.435751 0.73035934 1.7593852,
  29.439675 0.73310169 1.7587286,29.44157 0.7355408 1.7575941,
  29.438497 0.72322607 1.7491217,29.443187 0.72649685 1.7498597,
  29.445357 0.72970256 1.7495719,29.437549 0.73921181 1.7636799] }
 coordIndex [
  16,10,9,-1,16,9,12,-1,17,11,10,-1,17,16,12,-1,17,10,16,-1,18,7,8,-1,18,8,11,-1,18,11,17,-1,
  18,17,7,-1,19,14,15,-1,20,19,15,-1,21,5,6,-1,21,20,5,-1,22,4,3,-1,22,15,4,-1,23,2,1,-1,
  23,3,2,-1,23,15,22,-1,23,20,15,-1,23,22,3,-1,23,5,20,-1,24,1,0,-1,24,0,5,-1,24,23,1,-1,
  24,5,23,-1,25,6,7,-1,25,12,13,-1,25,13,14,-1,25,17,12,-1,25,21,6,-1,25,14,19,-1,25,7,17,-1,
  25,19,20,-1,25,20,21,-1]
  normalPerVertex TRUE
  normal DEF NORM_583 Normal { vector [
  0.85970816 -0.15213004 0.48760469,0.7740156 -0.38085353 0.50581661,
  0.5806774 -0.63665768 0.50742562,0.35343526 -0.81235319 0.46385969,
  0.067786908 -0.92642559 0.37032494,0.80739335 -0.2306149 0.54307711,
  0.81392738 -0.10545103 0.57131629,0.77969709 -0.10330482 0.61757637,
  0.82490696 -0.0061913652 0.56523462,0.084215556 -0.071607348 0.99387128,
  0.36872396 -0.036257275 0.92883155,0.66858182 -0.0051928396 0.74362046,
  0.3920345 -0.24814233 0.88585232,0.4132517 -0.37795414 0.82847674,
  0.31441191 -0.54527935 0.77705571,0.34982009 -0.71949541 0.59996022,
  0.2522958 -0.10647315 0.96177456,0.57088874 -0.15928129 0.80542878,
  0.77935021 -0.056206102 0.6240626,0.40909382 -0.59323087 0.6933393,
  0.60340349 -0.49724986 0.62341544,0.80415881 -0.17994051 0.56652451,
  0.26816358 -0.83335162 0.48333567,0.57707462 -0.55695338 0.59731718,
  0.791602 -0.24405872 0.56017998,0.58571461 -0.26598392 0.76563108] }
}
}
DEF SHAPE_584 Shape {
 appearance USE APP_1
 geometry DEF FACE_584 IndexedFaceSet {
  coord DEF COORD_584 Coordinate { point [
  29.436091 0.76425717 1.7681941,29.438304 0.76118757 1.7651246,
  29.42774 0.77260883 1.7716534,29.432259 0.76809639 1.7707544,
  29.42774 0.75855617 1.771653,29.432 0.75855618 1.7708583,
  29.435687 0.75855618 1.7685797,29.438304 0.75855618 1.7651247] }
 coordIndex [
  6,1,0,-1,6,7,1,-1,5,0,3,-1,5,6,0,-1,4,3,2,-1,4,5,3,-1]
  normalPerVertex TRUE
  normal DEF NORM_584 Normal { vector [
  0.61505427 -0.0016400469 0.78848307,0.80123378 -0.011184433 0.59824688,
  0.19509056 -2.7349463e-05 0.98078523,0.30289713 -0.00018697189 0.95302324,
  0.19052563 0.0022190993 0.98167971,0.41604349 0.0043482956 0.90933432,
  0.6985571 0.0019327119 0.7155517,0 0 1] }
}
}
DEF SHAPE_585 Shape {
 appearance USE APP_1
 geometry DEF FACE_585 IndexedFaceSet {
  coord DEF COORD_585 Coordinate { point [
  29.438304 0.75855618 1.7651247,29.438304 0.76118757 1.7651246,
  29.448516 0.73193587 1.7446981,29.444711 0.73542346 1.7523098,
  29.44148 0.74130789 1.7587726,29.439164 0.74930101 1.7634038,
  29.4547 0.72843745 1.7323528] }
 coordIndex [
  0,5,4,-1,1,3,2,-1,1,4,3,-1,1,2,6,-1,1,0,4,-1]
  normalPerVertex TRUE
  normal DEF NORM_585 Normal { vector [
  0.89444059 2.0406909e-05 0.44718679,0.89422779 -0.00036170871 0.44761203,
  0.89417776 -0.00045340534 0.44771189,0.89446098 4.9618011e-05 0.447146,
  0.89443439 1.5258379e-05 0.44719919,0.89444196 2.1667468e-05 0.44718405,
  0.89402018 -0.00072783648 0.4480261] }
}
}
DEF SHAPE_586 Shape {
 appearance USE APP_1
 geometry DEF FACE_586 IndexedFaceSet {
  coord DEF COORD_586 Coordinate { point [
  29.557087 0.76118756 1.7651246,29.55781 0.76118756 1.7651246,
  29.558947 0.76425716 1.768194,29.619027 0.76425716 1.7681941,
  29.616814 0.76118764 1.7651246,29.600419 0.72842211 1.7323479,
  29.4547 0.72843745 1.7323528,29.438304 0.76118757 1.7651246,
  29.436091 0.76425717 1.7681941,29.496172 0.76425716 1.768194,
  29.497308 0.76118756 1.7651246,29.498031 0.76118756 1.7651246,
  29.498031 0.7480315 1.7519685,29.557087 0.7480315 1.7519685] }
 coordIndex [
  9,8,7,-1,10,9,7,-1,12,7,6,-1,12,11,10,-1,12,10,7,-1,13,1,0,-1,4,2,1,-1,4,3,2,-1,
  4,1,13,-1,5,13,12,-1,5,12,6,-1,5,4,13,-1]
  normalPerVertex TRUE
  normal DEF NORM_586 Normal { vector [
  0 0 1,2.6189418e-08 -0.70710308 0.70711048,
  -6.4882004e-07 -0.7070934 0.70712017,-1.3119648e-06 -0.70709965 0.70711392,
  3.6057733e-05 -0.70718706 0.70702649,-7.1251876e-06 -0.70735438 0.70685909,
  -7.5236249e-05 -0.70741418 0.70679924,-6.9336803e-05 -0.70726359 0.70694994,
  1.3119689e-06 -0.70709317 0.70712039,9.8258839e-07 -0.70709007 0.7071235,
  6.4082315e-07 -0.70710304 0.70711052,0 0 1,
  -5.2802228e-05 -0.70735857 0.70685491,2.8272776e-05 -0.70723433 0.70697921] }
}
}
DEF SHAPE_587 Shape {
 appearance USE APP_1
 geometry DEF FACE_587 IndexedFaceSet {
  coord DEF COORD_587 Coordinate { point [
  29.557089 0.76118756 1.7598383,29.557087 0.76118756 1.7651246,
  29.55781 0.76118756 1.7651246,29.557169 0.76118756 1.7616198,
  29.55741 0.76118756 1.7633867] }
 coordIndex [
  1,3,0,-1,1,4,3,-1,2,4,1,-1]
  normalPerVertex TRUE
  normal DEF NORM_587 Normal { vector [
  0 0 1,0 0 1,
  0 0 1,0 0 1,
  0 0 1] }
}
}
DEF SHAPE_588 Shape {
 appearance USE APP_1
 geometry DEF FACE_588 IndexedFaceSet {
  coord DEF COORD_588 Coordinate { point [
  29.557089 0.76118756 1.7598383,29.557169 0.76118756 1.7616198,
  29.55741 0.76118756 1.7633867,29.55781 0.76118756 1.7651246,
  29.558947 0.76425716 1.768194,29.561024 0.77260883 1.771653,
  29.56102 0.78740157 1.771651,29.564156 0.78740157 1.7749531,
  29.567967 0.78740157 1.7774474,29.572248 0.78740157 1.7789992,
  29.576772 0.78740157 1.7795261,29.576771 0.84645669 1.7795266,
  29.572248 0.84645669 1.7789992,29.567967 0.84645669 1.7774475,
  29.564157 0.84645669 1.7749532,29.561021 0.84645669 1.7716505,
  29.561023 0.86614175 1.7716524,29.557088 0.89425725 1.7598419,
  29.557671 0.88862072 1.7646197,29.559075 0.8816636 1.7684322,
  29.560475 0.87386394 1.7708987] }
 coordIndex [
  10,11,12,-1,9,12,13,-1,9,10,12,-1,8,13,14,-1,8,9,13,-1,15,16,20,-1,7,14,15,-1,7,8,14,-1,
  19,15,20,-1,6,7,15,-1,4,5,6,-1,4,15,19,-1,4,6,15,-1,3,19,18,-1,3,4,19,-1,2,3,18,-1,
  1,18,17,-1,1,2,18,-1,0,1,17,-1]
  normalPerVertex TRUE
  normal DEF NORM_588 Normal { vector [
  -0.9989916 -1.0667853e-05 0.044897394,-0.99411719 0.0007401849 0.10830725,
  -0.98368409 0.00027413826 0.17990426,-0.94665521 0.00023434966 0.32224812,
  -0.88773124 6.243944e-05 0.46036207,-0.85715068 -0.00015470238 0.51506572,
  -0.79946989 5.4124065e-06 0.60070617,-0.66999125 7.9034458e-06 0.74236899,
  -0.481608 -1.7808348e-07 0.87638675,-0.26731731 -1.1167588e-07 0.96360856,
  -0.11573733 -4.3287274e-06 0.99327985,-0.11579135 -8.5223101e-06 0.99327356,
  -0.19188069 -2.8577531e-06 0.98141826,-0.41219795 4.5389545e-08 0.91109432,
  -0.6105367 1.1144876e-07 0.79198797,-0.80802354 -0.00025279788 0.58915014,
  -0.80893601 1.6975332e-05 0.58789671,-0.99485962 0.0007449107 0.10126099,
  -0.97732752 0.00059854931 0.21173228,-0.91253453 -2.8736555e-05 0.40899966,
  -0.86260532 -0.003301612 0.50586674] }
}
}
DEF SHAPE_589 Shape {
 appearance USE APP_1
 geometry DEF FACE_589 IndexedFaceSet {
  coord DEF COORD_589 Coordinate { point [
  29.557089 0.76118756 1.7598383,29.557087 0.76118756 1.7651246,
  29.557087 0.7480315 1.7519685,29.557087 0.79724409 1.7519685,
  29.557087 0.80708661 1.7440945,29.557087 0.84645669 1.7440945,
  29.557087 0.84645669 1.7519685,29.557087 0.90023671 1.7519683,
  29.557087 0.89846615 1.7547571,29.557087 0.89646842 1.7573878,
  29.557088 0.89425725 1.7598419] }
 coordIndex [
  0,2,1,-1,3,2,0,-1,6,4,3,-1,5,4,6,-1,6,8,7,-1,6,9,8,-1,6,10,9,-1,10,3,0,-1,
  10,6,3,-1]
  normalPerVertex TRUE
  normal DEF NORM_589 Normal { vector [
  -0.99999997 1.321698e-05 0.00022446512,-0.99999982 0.00042841148 -0.00042841148,
  -0.99999998 6.5219667e-05 0.00017874606,-0.99999998 -4.4867218e-06 0.00018869438,
  -1 0 0,-1 0 0,
  -1 -3.6055835e-06 6.6016324e-05,-1 0 0,
  -1 0 0,-0.99999998 -1.9674018e-05 0.000181561,
  -0.99999997 -9.7899959e-06 0.00022669167] }
}
}
DEF SHAPE_590 Shape {
 appearance USE APP_1
 geometry DEF FACE_590 IndexedFaceSet {
  coord DEF COORD_590 Coordinate { point [
  29.557087 0.79724409 1.7519685,29.498031 0.79724409 1.7519685,
  29.498031 0.7480315 1.7519685,29.557087 0.7480315 1.7519685] }
 coordIndex [
  0,1,2,-1,0,2,3,-1]
  normalPerVertex TRUE
  normal DEF NORM_590 Normal { vector [
  0 0 1,0 0 1,
  0 0 1,0 0 1] }
}
}
DEF SHAPE_591 Shape {
 appearance USE APP_1
 geometry DEF FACE_591 IndexedFaceSet {
  coord DEF COORD_591 Coordinate { point [
  29.498031 0.76118756 1.7651246,29.498029 0.76118756 1.7598383,
  29.498031 0.7480315 1.7519685,29.498031 0.79724409 1.7519685,
  29.498031 0.80708661 1.7440945,29.498031 0.84645669 1.7440945,
  29.498031 0.84645669 1.7519685,29.498031 0.90023651 1.7519682,
  29.498031 0.89425727 1.7598426,29.498031 0.89646821 1.757388,
  29.498031 0.89846607 1.7547572] }
 coordIndex [
  4,5,6,-1,3,4,6,-1,2,1,0,-1,2,3,1,-1,6,7,10,-1,6,10,9,-1,6,9,8,-1,8,1,3,-1,
  8,3,6,-1]
  normalPerVertex TRUE
  normal DEF NORM_591 Normal { vector [
  0.99999984 0.00041062161 -0.00039867239,0.99999998 1.1077068e-05 0.00021980545,
  0.99999998 6.2511314e-05 0.00018327256,0.99999998 -5.3832155e-06 0.00017898107,
  1 0 0,1 0 0,
  1 -2.7039808e-06 4.9506025e-05,1 0 0,
  0.99999998 -1.0183308e-05 0.0002049977,0.99999999 -1.4753611e-05 0.00013614573,
  1 0 0] }
}
}
DEF SHAPE_592 Shape {
 appearance USE APP_1
 geometry DEF FACE_592 IndexedFaceSet {
  coord DEF COORD_592 Coordinate { point [
  29.497308 0.76118756 1.7651246,29.497708 0.76118756 1.7633867,
  29.497949 0.76118756 1.7616198,29.498029 0.76118756 1.7598383,
  29.498031 0.76118756 1.7651246] }
 coordIndex [
  4,1,0,-1,4,3,2,-1,4,2,1,-1]
  normalPerVertex TRUE
  normal DEF NORM_592 Normal { vector [
  0 0 1,0 0 1,
  0 0 1,0 0 1,
  0 0 1] }
}
}
DEF SHAPE_593 Shape {
 appearance USE APP_1
 geometry DEF FACE_593 IndexedFaceSet {
  coord DEF COORD_593 Coordinate { point [
  29.498029 0.76118756 1.7598383,29.498031 0.89425727 1.7598426,
  29.494095 0.86614175 1.7716521,29.49464 0.87384916 1.770902,
  29.496042 0.88165947 1.7684335,29.497447 0.88862062 1.7646201,
  29.494098 0.84645669 1.771651,29.490962 0.84645669 1.7749531,
  29.487152 0.84645669 1.7774474,29.48287 0.84645669 1.7789992,
  29.478347 0.84645669 1.7795261,29.478347 0.78740157 1.7795266,
  29.48287 0.78740157 1.7789993,29.487151 0.78740157 1.7774479,
  29.490961 0.78740157 1.774954,29.494098 0.78740157 1.7716529,
  29.494095 0.77260883 1.7716534,29.496172 0.76425716 1.768194,
  29.497308 0.76118756 1.7651246,29.497708 0.76118756 1.7633867,
  29.497949 0.76118756 1.7616198] }
 coordIndex [
  20,0,1,-1,20,1,5,-1,19,20,5,-1,18,5,4,-1,18,19,5,-1,6,3,2,-1,6,4,3,-1,17,18,4,-1,
  17,4,6,-1,15,6,7,-1,15,17,6,-1,16,17,15,-1,14,7,8,-1,14,15,7,-1,13,8,9,-1,13,14,8,-1,
  12,9,10,-1,12,13,9,-1,11,12,10,-1]
  normalPerVertex TRUE
  normal DEF NORM_593 Normal { vector [
  0.99899159 -1.2802122e-05 0.044897629,0.99485544 0.00074302269 0.10130206,
  0.80796891 0.00012310814 0.5892251,0.86234948 -0.0032205414 0.50630328,
  0.91256964 -2.4224829e-05 0.40892133,0.97731285 0.00059742956 0.21180001,
  0.82726562 -0.00031641559 0.5618109,0.66986025 4.8861425e-06 0.74248721,
  0.48159055 9.3273055e-07 0.87639634,0.26730361 6.1446746e-07 0.96361236,
  0.11572929 4.6718675e-06 0.99328079,0.11577808 8.4596978e-06 0.99327511,
  0.19186293 2.8363977e-06 0.98142173,0.4121708 -2.968046e-07 0.9111066,
  0.61038616 -6.0944233e-07 0.79210399,0.77652682 -4.2041945e-06 0.6300842,
  0.85724585 -0.00014158866 0.51490731,0.88780716 6.0634074e-05 0.46021565,
  0.94663971 0.00023471504 0.32229365,0.98368407 0.00027355902 0.17990435,
  0.99411362 0.00073859703 0.10834003] }
}
}
DEF SHAPE_594 Shape {
 appearance USE APP_1
 geometry DEF FACE_594 IndexedFaceSet {
  coord DEF COORD_594 Coordinate { point [
  29.494095 0.77260883 1.7716534,29.496172 0.76425716 1.768194,
  29.42774 0.77260883 1.7716534,29.432259 0.76809639 1.7707544,
  29.436091 0.76425717 1.7681941] }
 coordIndex [
  0,2,3,-1,0,3,4,-1,1,0,4,-1]
  normalPerVertex TRUE
  normal DEF NORM_594 Normal { vector [
  0.0071088853 -0.37659213 0.92635189,1.7727255e-06 -0.38268135 0.9238804,
  3.7878625e-07 -0.19538108 0.9807274,0.013576301 -0.37101983 0.9285257,
  0.0096236852 -0.43897327 0.89844858] }
}
}
DEF SHAPE_595 Shape {
 appearance USE APP_1
 geometry DEF FACE_595 IndexedFaceSet {
  coord DEF COORD_595 Coordinate { point [
  29.494098 0.78740157 1.7716529,29.305114 0.78740157 1.771651,
  29.308251 0.78740157 1.7749531,29.312061 0.78740157 1.7774474,
  29.316342 0.78740157 1.7789992,29.320866 0.78740157 1.7795261,
  29.478347 0.78740157 1.7795266,29.48287 0.78740157 1.7789993,
  29.487151 0.78740157 1.7774479,29.490961 0.78740157 1.774954] }
 coordIndex [
  4,2,1,-1,4,3,2,-1,5,4,1,-1,0,7,6,-1,0,8,7,-1,0,9,8,-1,0,6,1,-1,6,5,1,-1]
  normalPerVertex TRUE
  normal DEF NORM_595 Normal { vector [
  0 -1 0,0 -1 0,
  0 -1 0,0 0 1,
  0 -1 0,0 -1 0,
  0 -1 0,0 -1 0,
  0 -1 0,0 0 1] }
}
}
DEF SHAPE_596 Shape {
 appearance USE APP_1
 geometry DEF FACE_596 IndexedFaceSet {
  coord DEF COORD_596 Coordinate { point [
  29.478347 0.84645669 1.7795261,29.478347 0.78740157 1.7795266,
  29.320866 0.84645669 1.7795266,29.320866 0.78740157 1.7795261] }
 coordIndex [
  0,2,3,-1,0,3,1,-1]
  normalPerVertex TRUE
  normal DEF NORM_596 Normal { vector [
  0 0 1,-3.1938636e-06 8.51716e-06 1,
  3.194038e-06 -8.5172649e-06 1,0 0 1] }
}
}
DEF SHAPE_597 Shape {
 appearance USE APP_1
 geometry DEF FACE_597 IndexedFaceSet {
  coord DEF COORD_597 Coordinate { point [
  29.320866 0.84645669 1.7795266,29.316343 0.84645669 1.7789993,
  29.312062 0.84645669 1.7774479,29.308252 0.84645669 1.7749541,
  29.305116 0.84645669 1.7716528,29.478347 0.84645669 1.7795261,
  29.494098 0.84645669 1.771651,29.490962 0.84645669 1.7749531,
  29.487152 0.84645669 1.7774474,29.48287 0.84645669 1.7789992] }
 coordIndex [
  1,3,2,-1,0,4,3,-1,0,3,1,-1,7,9,8,-1,7,5,9,-1,6,5,7,-1,6,4,0,-1,6,0,5,-1]
  normalPerVertex TRUE
  normal DEF NORM_597 Normal { vector [
  0 1 0,0 1 0,
  0 0 1,0 1 0,
  0 1 0,0 1 0,
  0 1 0,0 1 0,
  0 0 1,0 1 0] }
}
}
DEF SHAPE_598 Shape {
 appearance USE APP_1
 geometry DEF FACE_598 IndexedFaceSet {
  coord DEF COORD_598 Coordinate { point [
  29.305116 0.84645669 1.7716528,29.494098 0.84645669 1.771651,
  29.494095 0.86614175 1.7716521,29.305117 0.86614175 1.7716524] }
 coordIndex [
  2,0,1,-1,2,3,0,-1]
  normalPerVertex TRUE
  normal DEF NORM_598 Normal { vector [
  5.6135944e-06 -1.5350835e-05 1,9.6512396e-06 -5.4112707e-05 1,
  5.6135944e-06 -1.5350835e-05 1,1.5758294e-06 2.3412187e-05 1] }
}
}
DEF SHAPE_599 Shape {
 appearance USE APP_1
 geometry DEF FACE_599 IndexedFaceSet {
  coord DEF COORD_599 Coordinate { point [
  29.498031 0.90023651 1.7519682,29.557087 0.90023671 1.7519683,
  29.498031 0.84645669 1.7519685,29.557087 0.84645669 1.7519685] }
 coordIndex [
  3,0,2,-1,1,0,3,-1]
  normalPerVertex TRUE
  normal DEF NORM_599 Normal { vector [
  -1.2910676e-06 4.5847765e-06 1,-2.2524651e-06 3.5290749e-06 1,
  -3.2966667e-07 5.6404819e-06 1,-1.2910676e-06 4.5847765e-06 1] }
}
}
DEF SHAPE_600 Shape {
 appearance USE APP_1
 geometry DEF FACE_600 IndexedFaceSet {
  coord DEF COORD_600 Coordinate { point [
  29.557087 0.84645669 1.7519685,29.498031 0.84645669 1.7519685,
  29.557087 0.84645669 1.7440945,29.498031 0.84645669 1.7440945] }
 coordIndex [
  2,0,1,-1,2,1,3,-1]
  normalPerVertex TRUE
  normal DEF NORM_600 Normal { vector [
  0 -1 0,0 -1 0,
  0 -1 0,0 -1 0] }
}
}
DEF SHAPE_601 Shape {
 appearance USE APP_1
 geometry DEF FACE_601 IndexedFaceSet {
  coord DEF COORD_601 Coordinate { point [
  29.557087 0.80708661 1.7440945,29.498031 0.80708661 1.7440945,
  29.557087 0.84645669 1.7440945,29.498031 0.84645669 1.7440945] }
 coordIndex [
  2,1,0,-1,2,3,1,-1]
  normalPerVertex TRUE
  normal DEF NORM_601 Normal { vector [
  0 0 1,0 0 1,
  0 0 1,0 0 1] }
}
}
DEF SHAPE_602 Shape {
 appearance USE APP_1
 geometry DEF FACE_602 IndexedFaceSet {
  coord DEF COORD_602 Coordinate { point [
  29.498031 0.80708661 1.7440945,29.498031 0.79724409 1.7519685,
  29.557087 0.79724409 1.7519685,29.557087 0.80708661 1.7440945] }
 coordIndex [
  0,1,2,-1,0,2,3,-1]
  normalPerVertex TRUE
  normal DEF NORM_602 Normal { vector [
  0 0.62469505 0.78086881,0 0.62469505 0.78086881,
  0 0.62469505 0.78086881,0 0.62469505 0.78086881] }
}
}
DEF SHAPE_603 Shape {
 appearance USE APP_1
 geometry DEF FACE_603 IndexedFaceSet {
  coord DEF COORD_603 Coordinate { point [
  29.561021 0.84645669 1.7716505,29.750004 0.84645669 1.771651,
  29.75 0.86614175 1.7716521,29.561023 0.86614175 1.7716524] }
 coordIndex [
  2,0,1,-1,2,3,0,-1]
  normalPerVertex TRUE
  normal DEF NORM_603 Normal { vector [
  -7.1741583e-07 -7.6129929e-05 1,-3.0105932e-06 -5.4115156e-05 1,
  -7.1741583e-07 -7.6129929e-05 1,1.5758294e-06 -9.8145353e-05 1] }
}
}
DEF SHAPE_604 Shape {
 appearance USE APP_1
 geometry DEF FACE_604 IndexedFaceSet {
  coord DEF COORD_604 Coordinate { point [
  29.561021 0.84645669 1.7716505,29.750004 0.84645669 1.771651,
  29.576771 0.84645669 1.7795266,29.572248 0.84645669 1.7789992,
  29.567967 0.84645669 1.7774475,29.564157 0.84645669 1.7749532,
  29.734252 0.84645669 1.7795266,29.746867 0.84645669 1.7749531,
  29.743057 0.84645669 1.7774474,29.738776 0.84645669 1.7789992] }
 coordIndex [
  3,5,4,-1,3,0,5,-1,2,0,3,-1,7,9,8,-1,1,6,9,-1,1,9,7,-1,1,0,6,-1,6,0,2,-1]
  normalPerVertex TRUE
  normal DEF NORM_604 Normal { vector [
  0 1 0,0 1 0,
  0 1 0,0 1 0,
  0 0 1,0 1 0,
  0 1 0,0 1 0,
  0 0 1,0 1 0] }
}
}
DEF SHAPE_605 Shape {
 appearance USE APP_1
 geometry DEF FACE_605 IndexedFaceSet {
  coord DEF COORD_605 Coordinate { point [
  29.734252 0.84645669 1.7795266,29.734252 0.78740157 1.7795266,
  29.576771 0.84645669 1.7795266,29.576772 0.78740157 1.7795261] }
 coordIndex [
  1,2,3,-1,0,2,1,-1]
  normalPerVertex TRUE
  normal DEF NORM_605 Normal { vector [
  0 0 1,-1.596899e-06 -4.2586833e-06 1,
  -1.596899e-06 -4.2586833e-06 1,-3.1938661e-06 -8.5172684e-06 1] }
}
}
DEF SHAPE_606 Shape {
 appearance USE APP_1
 geometry DEF FACE_606 IndexedFaceSet {
  coord DEF COORD_606 Coordinate { point [
  29.750003 0.78740157 1.7716529,29.56102 0.78740157 1.771651,
  29.564156 0.78740157 1.7749531,29.567967 0.78740157 1.7774474,
  29.572248 0.78740157 1.7789992,29.576772 0.78740157 1.7795261,
  29.734252 0.78740157 1.7795266,29.738775 0.78740157 1.7789993,
  29.743056 0.78740157 1.7774479,29.746866 0.78740157 1.774954] }
 coordIndex [
  4,2,1,-1,4,3,2,-1,5,4,1,-1,8,7,6,-1,0,9,8,-1,0,8,6,-1,0,6,1,-1,6,5,1,-1]
  normalPerVertex TRUE
  normal DEF NORM_606 Normal { vector [
  0 -1 0,0 -1 0,
  0 -1 0,0 0 1,
  0 -1 0,0 -1 0,
  0 -1 0,0 0 1,
  0 -1 0,0 0 1] }
}
}
DEF SHAPE_607 Shape {
 appearance USE APP_1
 geometry DEF FACE_607 IndexedFaceSet {
  coord DEF COORD_607 Coordinate { point [
  29.750001 0.77260883 1.7716534,29.683645 0.77260883 1.7716534,
  29.750003 0.78740157 1.7716529,29.56102 0.78740157 1.771651,
  29.561024 0.77260883 1.771653,29.627378 0.77260883 1.7716534,
  29.627378 0.75855617 1.771653,29.683645 0.75855617 1.771653] }
 coordIndex [
  5,3,4,-1,1,5,6,-1,1,6,7,-1,2,1,0,-1,2,3,1,-1,1,3,5,-1]
  normalPerVertex TRUE
  normal DEF NORM_607 Normal { vector [
  3.8622988e-07 2.8466746e-05 1,-4.5000405e-06 5.2766055e-05 1,
  -7.375721e-06 6.32856e-05 1,-7.4368969e-06 0.00010258168 0.99999999,
  -6.1554296e-06 0.00013163214 0.99999999,-2.3197126e-06 9.187306e-05 1,
  0 -2.8402867e-05 1,0 -2.8402647e-05 1] }
}
}
DEF SHAPE_608 Shape {
 appearance USE APP_1
 geometry DEF FACE_608 IndexedFaceSet {
  coord DEF COORD_608 Coordinate { point [
  29.691997 0.76425717 1.7681941,29.694209 0.76118757 1.7651246,
  29.683645 0.77260883 1.7716534,29.688165 0.76809591 1.7707542,
  29.683645 0.75855617 1.771653,29.687906 0.75855618 1.7708583,
  29.691593 0.75855618 1.7685797,29.694209 0.75855618 1.7651247] }
 coordIndex [
  6,1,0,-1,6,7,1,-1,5,0,3,-1,5,6,0,-1,4,3,2,-1,4,5,3,-1]
  normalPerVertex TRUE
  normal DEF NORM_608 Normal { vector [
  0.61506332 -0.0016459403 0.788476,0.80123378 -0.011184434 0.59824688,
  0.19510708 -2.7293135e-05 0.98078195,0.30289593 -0.00018808632 0.95302362,
  0.19053615 0.0022224613 0.98167766,0.41604656 0.0043470311 0.90933292,
  0.6985571 0.0019327115 0.7155517,0 0 1] }
}
}
DEF SHAPE_609 Shape {
 appearance USE APP_1
 geometry DEF FACE_609 IndexedFaceSet {
  coord DEF COORD_609 Coordinate { point [
  29.694209 0.75855618 1.7651247,29.694209 0.76118757 1.7651246,
  29.704422 0.73193587 1.7446981,29.700617 0.73542346 1.7523098,
  29.697385 0.74130789 1.7587726,29.69507 0.74930101 1.7634038,
  29.710606 0.72843745 1.7323528] }
 coordIndex [
  0,5,4,-1,1,3,2,-1,1,4,3,-1,1,2,6,-1,1,0,4,-1]
  normalPerVertex TRUE
  normal DEF NORM_609 Normal { vector [
  0.89444059 2.0406914e-05 0.44718679,0.89422779 -0.00036170871 0.44761203,
  0.89417776 -0.00045340534 0.44771189,0.89446098 4.9618012e-05 0.447146,
  0.89443439 1.5258382e-05 0.44719919,0.89444196 2.1667474e-05 0.44718405,
  0.89402018 -0.00072783648 0.4480261] }
}
}
DEF SHAPE_610 Shape {
 appearance USE APP_1
 geometry DEF FACE_610 IndexedFaceSet {
  coord DEF COORD_610 Coordinate { point [
  29.704422 0.73193587 1.7446981,29.703293 0.72785019 1.7452284,
  29.70093 0.72429898 1.7449986,29.697642 0.72174742 1.7440382,
  29.693859 0.72052862 1.7424731,29.71063 0.71154076 1.7089301,
  29.710606 0.72843745 1.7323528,29.71063 0.71961493 1.7262827,
  29.71063 0.71500255 1.7185312] }
 coordIndex [
  4,5,8,-1,3,8,7,-1,3,4,8,-1,2,3,7,-1,1,2,7,-1,6,1,7,-1,0,1,6,-1]
  normalPerVertex TRUE
  normal DEF NORM_610 Normal { vector [
  0.85951489 -0.17513906 0.48016711,0.80654475 -0.3474913 0.47826286,
  0.59894434 -0.64671336 0.47225789,0.37309939 -0.83302544 0.40849169,
  0.16822023 -0.92813608 0.33206231,0.17166625 -0.92675234 0.33415685,
  0.84204402 -0.27196668 0.46582828,0.65502207 -0.58953623 0.47264482,
  0.27122383 -0.88714429 0.37338003] }
}
}
DEF SHAPE_611 Shape {
 appearance USE APP_1
 geometry DEF FACE_611 IndexedFaceSet {
  coord DEF COORD_611 Coordinate { point [
  29.71063 0.71653548 0.70866142,29.71063 0.61023622 0.70866214,
  29.71063 0.71653598 1.5587714,29.71063 0.72834646 1.6002541,
  29.71063 0.72185986 1.5872385,29.71063 0.71787784 1.5732518,
  29.710606 0.72843745 1.7323528,29.71063 0.71961493 1.7262827,
  29.71063 0.71500255 1.7185312,29.71063 0.71154076 1.7089301,
  29.71063 0.66929124 1.5512568,29.71063 0.66928949 0.76771654,
  29.71063 0.62337707 0.71014327,29.71063 0.63585905 0.71451047,
  29.71063 0.64705617 0.72154586,29.71063 0.6564069 0.73089659,
  29.71063 0.66344228 0.74209371,29.71063 0.66780949 0.75457569] }
 coordIndex [
  15,14,0,-1,13,0,14,-1,16,15,0,-1,12,0,13,-1,17,16,0,-1,1,0,12,-1,11,17,0,-1,2,11,0,-1,
  10,4,3,-1,10,5,4,-1,10,2,5,-1,10,11,2,-1,9,10,3,-1,6,8,9,-1,6,9,3,-1,7,8,6,-1]
  normalPerVertex TRUE
  normal DEF NORM_611 Normal { vector [
  1 0 0,1 0 0,
  1 4.8738109e-07 -2.9397892e-08,0.99999996 0.00027355927 3.8952854e-05,
  1 1.2197778e-06 -4.7290109e-07,1 1.0592085e-06 -1.9809236e-07,
  0.99999912 0.0013212614 9.222275e-05,0.99998526 0.0046661621 -0.0027770436,
  0.99999288 0.0034294457 -0.0015749112,0.99999995 0.00030798415 3.2197093e-05,
  1 1.3659585e-06 -5.2734312e-07,1 4.7840962e-07 -2.8573457e-08,
  1 0 0,1 0 0,
  1 0 0,1 0 0,
  1 0 0,1 0 0] }
}
}
DEF SHAPE_612 Shape {
 appearance USE APP_1
 geometry DEF FACE_612 IndexedFaceSet {
  coord DEF COORD_612 Coordinate { point [
  29.856299 0.71653625 1.5587666,29.856299 0.71787724 1.5732486,
  29.856299 0.72185928 1.5872369,29.856299 0.72834646 1.6002541,
  29.71063 0.72834646 1.6002541,29.71063 0.72185986 1.5872385,
  29.71063 0.71787784 1.5732518,29.71063 0.71653598 1.5587714] }
 coordIndex [
  7,0,1,-1,6,1,2,-1,6,7,1,-1,5,2,3,-1,5,6,2,-1,4,5,3,-1]
  normalPerVertex TRUE
  normal DEF NORM_612 Normal { vector [
  4.9353448e-06 -0.99574031 0.09220216,1.6517355e-06 -0.98817353 0.15333972,
  6.8714566e-07 -0.94310973 0.33248163,5.1341112e-07 -0.89501222 0.44604162,
  0 -0.89500993 0.44604622,0 -0.92076462 0.3901186,
  -3.4321967e-07 -0.97680957 0.21410994,1.4415313e-06 -0.99573708 0.092237016] }
}
}
DEF SHAPE_613 Shape {
 appearance USE APP_1
 geometry DEF FACE_613 IndexedFaceSet {
  coord DEF COORD_613 Coordinate { point [
  29.856299 0.66928949 0.76771653,29.856299 0.66780949 0.75457569,
  29.856299 0.66344228 0.74209371,29.856299 0.6564069 0.73089658,
  29.856299 0.64705617 0.72154586,29.856299 0.63585904 0.71451047,
  29.856299 0.62337707 0.71014327,29.856299 0.61023622 0.70866265,
  29.856299 0.71653543 0.70866152,29.856299 0.71653625 1.5587666,
  29.856299 0.71787724 1.5732486,29.856299 0.72185928 1.5872369,
  29.856299 0.72834646 1.6002541,29.856325 0.72842211 1.7323479,
  29.856299 0.71154076 1.7089301,29.856299 0.7149378 1.7183915,
  29.856299 0.71945863 1.7260791,29.856299 0.66929134 1.5512568] }
 coordIndex [
  15,16,13,-1,14,15,13,-1,12,17,14,-1,12,14,13,-1,11,17,12,-1,10,17,11,-1,9,17,10,-1,0,17,9,-1,
  8,1,0,-1,8,2,1,-1,8,3,2,-1,8,4,3,-1,8,5,4,-1,8,6,5,-1,8,7,6,-1,8,0,9,-1]
  normalPerVertex TRUE
  normal DEF NORM_613 Normal { vector [
  -1 0 0,-1 0 0,
  -1 0 0,-1 0 0,
  -1 0 0,-1 0 0,
  -1 0 0,-1 0 0,
  -1 0 0,-1 0 0,
  -1 0 0,-1 0 0,
  -0.99999996 0.0002851604 4.0787186e-05,-0.99999904 0.0013798159 9.8221633e-05,
  -0.99999995 0.00032088237 3.3840836e-05,-0.99999232 0.0035665051 -0.0016247127,
  -0.99998443 0.0048114828 -0.0028275914,-1 4.0161715e-07 -4.8405889e-07] }
}
}
DEF SHAPE_614 Shape {
 appearance USE APP_1
 geometry DEF FACE_614 IndexedFaceSet {
  coord DEF COORD_614 Coordinate { point [
  29.856299 0.72834646 1.6002541,29.71063 0.72834646 1.6002541,
  29.710606 0.72843745 1.7323528,29.856325 0.72842211 1.7323479] }
 coordIndex [
  1,0,3,-1,2,1,3,-1]
  normalPerVertex TRUE
  normal DEF NORM_614 Normal { vector [
  0 -0.99999984 0.0005727155,-5.2648322e-05 -0.9999998 0.00063078466,
  -0.00010527674 -0.99999976 0.00068883186,-5.2648322e-05 -0.9999998 0.00063078466] }
}
}
DEF SHAPE_615 Shape {
 appearance USE APP_1
 geometry DEF FACE_615 IndexedFaceSet {
  coord DEF COORD_615 Coordinate { point [
  29.856299 0.71154076 1.7089301,29.856299 0.7149378 1.7183915,
  29.856299 0.71945863 1.7260791,29.856325 0.72842211 1.7323479,
  29.87307 0.72052862 1.7424731,29.869287 0.72174742 1.7440382,
  29.865999 0.72429898 1.7449986,29.863636 0.72785019 1.7452284,
  29.862507 0.73193587 1.7446981] }
 coordIndex [
  1,0,4,-1,1,4,5,-1,2,5,6,-1,2,1,5,-1,7,2,6,-1,3,7,8,-1,3,2,7,-1]
  normalPerVertex TRUE
  normal DEF NORM_615 Normal { vector [
  -0.16901079 -0.927633 0.33306512,-0.26747608 -0.88888414 0.37194292,
  -0.65449925 -0.59064272 0.47198718,-0.84115465 -0.27571346 0.46523214,
  -0.16656145 -0.92860571 0.33158515,-0.36963737 -0.834966 0.40767633,
  -0.59884563 -0.64666075 0.47245507,-0.80595676 -0.34995722 0.47745539,
  -0.85953355 -0.17514903 0.48013007] }
}
}
DEF SHAPE_616 Shape {
 appearance USE APP_1
 geometry DEF FACE_616 IndexedFaceSet {
  coord DEF COORD_616 Coordinate { point [
  29.856325 0.72842211 1.7323479,29.87272 0.76118764 1.7651246,
  29.87272 0.75855618 1.7651247,29.871881 0.74941525 1.7634468,
  29.869459 0.7411017 1.758603,29.86628 0.73538075 1.7522454,
  29.862507 0.73193587 1.7446981] }
 coordIndex [
  2,4,3,-1,1,5,4,-1,1,6,5,-1,1,0,6,-1,1,4,2,-1]
  normalPerVertex TRUE
  normal DEF NORM_616 Normal { vector [
  -0.89414837 -0.00050482329 0.44777052,-0.89429503 -0.00024455304 0.44747775,
  -0.89443968 1.9680528e-05 0.44718862,-0.89444202 2.1863355e-05 0.44718395,
  -0.89443386 1.4624878e-05 0.44720026,-0.8944612 4.9901299e-05 0.44714557,
  -0.89426164 -0.00030740817 0.44754444] }
}
}
DEF SHAPE_617 Shape {
 appearance USE APP_1
 geometry DEF FACE_617 IndexedFaceSet {
  coord DEF COORD_617 Coordinate { point [
  29.87272 0.75855618 1.7651247,29.87272 0.76118764 1.7651246,
  29.875337 0.75855618 1.7685798,29.879023 0.75855618 1.7708583,
  29.883284 0.75855617 1.771653,29.883284 0.77260883 1.7716534,
  29.878767 0.76809809 1.7707552,29.874932 0.76425716 1.7681941] }
 coordIndex [
  2,1,0,-1,7,1,2,-1,3,7,2,-1,6,7,3,-1,4,6,3,-1,5,6,4,-1]
  normalPerVertex TRUE
  normal DEF NORM_617 Normal { vector [
  0 0 1,-0.80123251 -0.011185167 0.59824857,
  -0.69855583 0.0019330027 0.71555294,-0.41602748 0.0043574162 0.9093416,
  -0.19047807 0.0022046126 0.98168898,-0.19501818 -2.8108518e-05 0.98079963,
  -0.3029001 -0.00018006751 0.95302229,-0.61501107 -0.0016105822 0.78851683] }
}
}
DEF SHAPE_618 Shape {
 appearance USE APP_1
 geometry DEF FACE_618 IndexedFaceSet {
  coord DEF COORD_618 Coordinate { point [
  29.883284 0.77260883 1.7716534,29.878767 0.76809809 1.7707552,
  29.874932 0.76425716 1.7681941,29.816929 0.77260883 1.771653,
  29.814852 0.76425716 1.768194] }
 coordIndex [
  1,0,3,-1,2,3,4,-1,2,1,3,-1]
  normalPerVertex TRUE
  normal DEF NORM_618 Normal { vector [
  -6.0369181e-06 -0.19528354 0.98074683,-0.013582763 -0.37101462 0.92852768,
  -0.0096248674 -0.43894564 0.89846207,-0.0071123136 -0.37657229 0.92635993,
  -1.772767e-06 -0.38264556 0.92389522] }
}
}
DEF SHAPE_619 Shape {
 appearance USE APP_1
 geometry DEF FACE_619 IndexedFaceSet {
  coord DEF COORD_619 Coordinate { point [
  29.939551 0.77260883 1.7716534,29.982284 0.77260883 1.7716534,
  29.982287 0.78740157 1.7716529,29.816925 0.78740157 1.771651,
  29.816929 0.77260883 1.771653,29.883284 0.77260883 1.7716534,
  29.883284 0.75855617 1.771653,29.939551 0.75855617 1.771653] }
 coordIndex [
  5,3,4,-1,0,5,6,-1,0,6,7,-1,2,0,1,-1,2,3,0,-1,0,3,5,-1]
  normalPerVertex TRUE
  normal DEF NORM_619 Normal { vector [
  -5.0726772e-06 4.7537335e-05 1,5.9973035e-07 2.8466707e-05 1,
  -9.0502451e-06 5.6345206e-05 1,-8.0469143e-06 9.7933852e-05 1,
  -6.1554296e-06 0.00013163214 0.99999999,-2.3197126e-06 9.187306e-05 1,
  0 -2.8402867e-05 1,0 -2.8402647e-05 1] }
}
}
DEF SHAPE_620 Shape {
 appearance USE APP_1
 geometry DEF FACE_620 IndexedFaceSet {
  coord DEF COORD_620 Coordinate { point [
  29.883284 0.75855617 1.771653,29.939551 0.75855617 1.771653,
  29.87307 0.72052862 1.7424731,29.875113 0.72446063 1.7519685,
  29.877099 0.73051402 1.7599175,29.879128 0.73856255 1.7661989,
  29.881206 0.74819403 1.7702654,29.949764 0.72052862 1.7424731,
  29.941593 0.74836649 1.770312,29.943579 0.73912161 1.7665223,
  29.945608 0.73097114 1.7603738,29.947686 0.72455031 1.752123] }
 coordIndex [
  3,2,7,-1,3,7,11,-1,4,11,10,-1,4,3,11,-1,5,10,9,-1,5,4,10,-1,6,9,8,-1,6,5,9,-1,
  0,8,1,-1,0,6,8,-1]
  normalPerVertex TRUE
  normal DEF NORM_620 Normal { vector [
  -0.00020167691 -0.13160694 0.99130196,1.0005569e-08 -0.13047254 0.99145192,
  -2.8467875e-08 -0.92391729 0.38259227,9.5359589e-06 -0.88904042 0.45782871,
  -8.5521499e-05 -0.73966356 0.67297682,-0.0004177336 -0.53975684 0.84182087,
  -0.0004560812 -0.30329373 0.95289701,0.00015767454 -0.92347841 0.38365037,
  -1.1892188e-05 -0.21564289 0.9764723,9.4582588e-05 -0.46171357 0.88702907,
  0.00040868627 -0.67606168 0.73684492,0.0003952266 -0.84388172 0.53652912] }
}
}
DEF SHAPE_621 Shape {
 appearance USE APP_1
 geometry DEF FACE_621 IndexedFaceSet {
  coord DEF COORD_621 Coordinate { point [
  29.960327 0.73193587 1.7446981,29.959199 0.72785019 1.7452284,
  29.956836 0.72429898 1.7449986,29.953548 0.72174742 1.7440382,
  29.949764 0.72052862 1.7424731,29.956522 0.73542346 1.7523098,
  29.953291 0.74130789 1.7587726,29.950975 0.74930101 1.7634038,
  29.950115 0.75855618 1.7651247,29.939551 0.75855617 1.771653,
  29.943811 0.75855618 1.7708583,29.947498 0.75855618 1.7685797,
  29.941593 0.74836649 1.770312,29.943579 0.73912161 1.7665223,
  29.945608 0.73097114 1.7603738,29.947686 0.72455031 1.752123,
  29.942372 0.75231036 1.7709639,29.946422 0.75300297 1.7692357,
  29.94861 0.75349581 1.7672645,29.947562 0.73035934 1.7593852,
  29.951486 0.73310169 1.7587286,29.953381 0.7355408 1.7575941,
  29.950308 0.72322607 1.7491217,29.954998 0.72649685 1.7498597,
  29.957168 0.72970256 1.7495719,29.94802 0.74434488 1.7665139,
  29.94936 0.73921181 1.7636799] }
 coordIndex [
  16,10,9,-1,16,9,12,-1,17,11,10,-1,17,16,12,-1,17,10,16,-1,18,7,8,-1,18,8,11,-1,18,11,17,-1,
  19,14,15,-1,20,19,15,-1,21,5,6,-1,21,20,5,-1,22,4,3,-1,22,15,4,-1,23,2,1,-1,23,3,2,-1,
  23,15,22,-1,23,20,15,-1,23,22,3,-1,23,5,20,-1,24,1,0,-1,24,0,5,-1,24,23,1,-1,24,5,23,-1,
  25,6,7,-1,25,12,13,-1,25,18,17,-1,25,17,12,-1,25,7,18,-1,26,13,14,-1,26,21,6,-1,26,14,19,-1,
  26,6,25,-1,26,25,13,-1,26,19,20,-1,26,20,21,-1]
  normalPerVertex TRUE
  normal DEF NORM_621 Normal { vector [
  0.85970816 -0.15213004 0.48760469,0.7740156 -0.38085353 0.50581661,
  0.5806774 -0.63665768 0.50742562,0.35343526 -0.81235319 0.46385969,
  0.067786908 -0.92642559 0.37032494,0.80739335 -0.2306149 0.54307711,
  0.81174273 -0.10702367 0.57412514,0.81085621 -0.084368259 0.57913229,
  0.82490696 -0.0061913652 0.56523462,0.084215556 -0.071607348 0.99387128,
  0.36872396 -0.036257275 0.92883155,0.66858182 -0.0051928396 0.74362046,
  0.32999531 -0.23923086 0.91316575,0.38176625 -0.38649352 0.83956971,
  0.31441191 -0.54527935 0.77705571,0.34982009 -0.71949541 0.59996022,
  0.2522958 -0.10647315 0.96177456,0.49741409 -0.12796162 0.85802392,
  0.77526193 -0.057083427 0.62905518,0.40909382 -0.59323087 0.6933393,
  0.60340349 -0.49724986 0.62341544,0.80415881 -0.17994051 0.56652451,
  0.26816358 -0.83335162 0.48333567,0.57707462 -0.55695338 0.59731718,
  0.791602 -0.24405872 0.56017998,0.61346692 -0.19348996 0.76565003,
  0.56931756 -0.34304096 0.74712811] }
}
}
DEF SHAPE_622 Shape {
 appearance USE APP_1
 geometry DEF FACE_622 IndexedFaceSet {
  coord DEF COORD_622 Coordinate { point [
  29.856299 0.71154076 1.7089301,29.87307 0.72052862 1.7424731,
  29.949764 0.72052862 1.7424731,29.966536 0.71154076 1.7089301,
  29.966535 0.66929124 1.5512568,29.856299 0.66929134 1.5512568] }
 coordIndex [
  1,3,2,-1,0,3,1,-1,5,4,3,-1,5,3,0,-1]
  normalPerVertex TRUE
  normal DEF NORM_622 Normal { vector [
  0 -0.96592452 0.25882393,0 -0.96592556 0.25882005,
  0 -0.96592556 0.25882005,-3.8144631e-07 -0.96592442 0.25882428,
  -8.9865749e-07 -0.96592414 0.25882534,-4.5001748e-07 -0.96592422 0.25882504] }
}
}
DEF SHAPE_623 Shape {
 appearance USE APP_1
 geometry DEF FACE_623 IndexedFaceSet {
  coord DEF COORD_623 Coordinate { point [
  29.966535 0.66928949 0.76771654,29.856299 0.66928949 0.76771653,
  29.856299 0.66929134 1.5512568,29.966535 0.66929124 1.5512568] }
 coordIndex [
  0,2,1,-1,0,3,2,-1]
  normalPerVertex TRUE
  normal DEF NORM_623 Normal { vector [
  -4.6518206e-07 -1 2.2906213e-06,0 -1 2.3560672e-06,
  -4.6518206e-07 -1 2.2906213e-06,-9.3036032e-07 -1 2.2251754e-06] }
}
}
DEF SHAPE_624 Shape {
 appearance USE APP_1
 geometry DEF FACE_624 IndexedFaceSet {
  coord DEF COORD_624 Coordinate { point [
  29.966535 0.66928949 0.76771654,29.856299 0.66928949 0.76771653,
  29.966535 0.61023622 0.70866214,29.966535 0.62337707 0.71014327,
  29.966535 0.63585905 0.71451047,29.966535 0.64705617 0.72154586,
  29.966535 0.6564069 0.73089659,29.966535 0.66344228 0.74209371,
  29.966535 0.66780949 0.75457569,29.856299 0.61023622 0.70866265,
  29.856299 0.66780949 0.75457569,29.856299 0.66344228 0.74209371,
  29.856299 0.6564069 0.73089658,29.856299 0.64705617 0.72154586,
  29.856299 0.63585904 0.71451047,29.856299 0.62337707 0.71014327] }
 coordIndex [
  1,8,0,-1,10,7,8,-1,10,8,1,-1,11,6,7,-1,11,7,10,-1,12,5,6,-1,12,6,11,-1,13,4,5,-1,
  13,5,12,-1,14,3,4,-1,14,4,13,-1,15,2,3,-1,15,3,14,-1,9,2,15,-1]
  normalPerVertex TRUE
  normal DEF NORM_624 Normal { vector [
  0 -0.99371735 0.11191886,0 -0.99371735 0.11191887,
  2.3109732e-06 -0.11198398 0.99371001,0 -0.2589466 0.96589164,
  0 -0.46737448 0.88405944,0 -0.65238975 0.75788364,
  0 -0.80468703 0.59369923,0 -0.91662847 0.39974022,
  0 -0.98260009 0.18573385,4.6225421e-06 -0.11196483 0.99371217,
  0 -0.96589879 0.25891991,0 -0.88405944 0.46737447,
  0 -0.75788364 0.65238975,0 -0.59369924 0.80468703,
  0 -0.39974023 0.91662847,1.5495014e-06 -0.18577652 0.98259202] }
}
}
DEF SHAPE_625 Shape {
 appearance USE APP_1
 geometry DEF FACE_625 IndexedFaceSet {
  coord DEF COORD_625 Coordinate { point [
  29.87272 0.75855618 1.7651247,29.875337 0.75855618 1.7685798,
  29.879023 0.75855618 1.7708583,29.883284 0.75855617 1.771653,
  29.871881 0.74941525 1.7634468,29.869459 0.7411017 1.758603,
  29.86628 0.73538075 1.7522454,29.862507 0.73193587 1.7446981,
  29.87307 0.72052862 1.7424731,29.869287 0.72174742 1.7440382,
  29.865999 0.72429898 1.7449986,29.863636 0.72785019 1.7452284,
  29.875113 0.72446063 1.7519685,29.877099 0.73051402 1.7599175,
  29.879128 0.73856255 1.7661989,29.881206 0.74819403 1.7702654,
  29.880463 0.75231036 1.7709639,29.876412 0.75300297 1.7692357,
  29.874224 0.75349581 1.7672645,29.875273 0.73035934 1.7593852,
  29.871349 0.73310169 1.7587286,29.869453 0.7355408 1.7575941,
  29.872527 0.72322607 1.7491217,29.867837 0.72649685 1.7498597,
  29.865667 0.72970256 1.7495719,29.875672 0.74848344 1.7681075,
  29.874771 0.74415338 1.7664261,29.873361 0.7388301 1.7634263] }
 coordIndex [
  16,3,2,-1,16,15,3,-1,17,2,1,-1,17,16,2,-1,18,1,0,-1,18,0,4,-1,18,17,1,-1,19,12,13,-1,
  20,12,19,-1,21,5,6,-1,21,6,20,-1,22,9,8,-1,22,8,12,-1,23,10,9,-1,23,11,10,-1,23,22,12,-1,
  23,12,20,-1,23,9,22,-1,23,20,6,-1,24,6,7,-1,24,7,11,-1,24,23,6,-1,24,11,23,-1,25,18,4,-1,
  25,17,18,-1,25,16,17,-1,25,15,16,-1,26,4,5,-1,26,14,15,-1,26,25,4,-1,26,15,25,-1,27,13,14,-1,
  27,19,13,-1,27,5,21,-1,27,20,19,-1,27,14,26,-1,27,26,5,-1,27,21,20,-1]
  normalPerVertex TRUE
  normal DEF NORM_625 Normal { vector [
  -0.8246044 -0.0059135635 0.56567889,-0.66858095 -0.0051926899 0.74362124,
  -0.36872203 -0.036257229 0.92883232,-0.079711916 -0.073665197 0.99409227,
  -0.80415461 -0.086810831 0.58804697,-0.8115125 -0.10769367 0.57432529,
  -0.8069746 -0.23169315 0.54324053,-0.85972402 -0.15239205 0.48749489,
  -0.072138914 -0.92626512 0.36990392,-0.35343498 -0.81235334 0.46385964,
  -0.58067719 -0.63665783 0.50742567,-0.77401558 -0.38085357 0.50581662,
  -0.35501193 -0.71787553 0.59884995,-0.31415882 -0.55164559 0.77265217,
  -0.38165626 -0.39482261 0.83573537,-0.29839789 -0.26352391 0.91734064,
  -0.2792991 -0.12278279 0.95232158,-0.51887205 -0.070543894 0.85193624,
  -0.77903033 -0.049221908 0.62505115,-0.41144928 -0.59837341 0.68750182,
  -0.60311965 -0.50030669 0.62124061,-0.80461638 -0.18121679 0.56546702,
  -0.26901392 -0.833403 0.48277421,-0.57651846 -0.55714117 0.597679,
  -0.79159926 -0.24404785 0.56018859,-0.58365482 -0.1640872 0.79524993,
  -0.6123959 -0.21495655 0.76076602,-0.56871823 -0.34589716 0.7462672] }
}
}
DEF SHAPE_626 Shape {
 appearance USE APP_1
 geometry DEF FACE_626 IndexedFaceSet {
  coord DEF COORD_626 Coordinate { point [
  29.982287 0.78740157 1.7716529,29.816925 0.78740157 1.771651,
  29.820062 0.78740157 1.7749531,29.823872 0.78740157 1.7774474,
  29.828154 0.78740157 1.7789992,29.832677 0.78740157 1.7795261,
  29.966535 0.78740157 1.7795266,29.971059 0.78740157 1.7789993,
  29.97534 0.78740157 1.7774479,29.97915 0.78740157 1.774954] }
 coordIndex [
  4,2,1,-1,4,3,2,-1,5,4,1,-1,8,7,6,-1,0,9,8,-1,0,8,6,-1,0,6,1,-1,6,5,1,-1]
  normalPerVertex TRUE
  normal DEF NORM_626 Normal { vector [
  0 -1 0,0 -1 0,
  0 -1 0,0 0 1,
  0 -1 0,0 -1 0,
  0 -1 0,0 0 1,
  0 -1 0,0 0 1] }
}
}
DEF SHAPE_627 Shape {
 appearance USE APP_1
 geometry DEF FACE_627 IndexedFaceSet {
  coord DEF COORD_627 Coordinate { point [
  29.966536 0.84645669 1.7795266,29.966535 0.78740157 1.7795266,
  29.832677 0.84645669 1.7795266,29.832677 0.78740157 1.7795261] }
 coordIndex [
  1,2,3,-1,0,2,1,-1]
  normalPerVertex TRUE
  normal DEF NORM_627 Normal { vector [
  0 0 1,-1.8787042e-06 -4.2586833e-06 1,
  -1.8787042e-06 -4.2586833e-06 1,-3.7574887e-06 -8.5172687e-06 1] }
}
}
DEF SHAPE_628 Shape {
 appearance USE APP_1
 geometry DEF FACE_628 IndexedFaceSet {
  coord DEF COORD_628 Coordinate { point [
  29.982287 0.84645669 1.771651,29.816927 0.84645669 1.7716505,
  29.832677 0.84645669 1.7795266,29.828154 0.84645669 1.7789992,
  29.823872 0.84645669 1.7774475,29.820062 0.84645669 1.7749532,
  29.966536 0.84645669 1.7795266,29.979151 0.84645669 1.7749531,
  29.975341 0.84645669 1.7774474,29.971059 0.84645669 1.7789992] }
 coordIndex [
  3,5,4,-1,3,1,5,-1,2,1,3,-1,7,9,8,-1,7,6,9,-1,0,6,7,-1,0,1,6,-1,6,1,2,-1]
  normalPerVertex TRUE
  normal DEF NORM_628 Normal { vector [
  0 1 0,0 1 0,
  0 1 0,0 1 0,
  0 0 1,0 1 0,
  0 1 0,0 1 0,
  0 0 1,0 1 0] }
}
}
DEF SHAPE_629 Shape {
 appearance USE APP_1
 geometry DEF FACE_629 IndexedFaceSet {
  coord DEF COORD_629 Coordinate { point [
  29.982287 0.84645669 1.771651,29.816927 0.84645669 1.7716505,
  29.982284 0.86614175 1.7716521,29.816928 0.86614175 1.7716524] }
 coordIndex [
  2,1,0,-1,2,3,1,-1]
  normalPerVertex TRUE
  normal DEF NORM_629 Normal { vector [
  -3.4406616e-06 -5.4115238e-05 1,-8.1990163e-07 -7.6129934e-05 1,
  -8.1990163e-07 -7.6129934e-05 1,1.800947e-06 -9.8145374e-05 1] }
}
}
DEF SHAPE_630 Shape {
 appearance USE APP_1
 geometry DEF FACE_630 IndexedFaceSet {
  coord DEF COORD_630 Coordinate { point [
  29.856299 0.71653625 1.5587666,29.856299 0.71653543 0.70866152,
  29.71063 0.71653548 0.70866142,29.71063 0.71653598 1.5587714] }
 coordIndex [
  1,0,3,-1,2,1,3,-1]
  normalPerVertex TRUE
  normal DEF NORM_630 Normal { vector [
  1.8682455e-06 -1 9.5923765e-07,7.7880585e-07 -1 7.7255837e-07,
  -3.1062744e-07 -1 5.8588018e-07,7.7880585e-07 -1 7.7255837e-07] }
}
}
DEF SHAPE_631 Shape {
 appearance USE APP_1
 geometry DEF FACE_631 IndexedFaceSet {
  coord DEF COORD_631 Coordinate { point [
  29.71063 0.66928949 0.76771654,29.600394 0.66929062 0.76771653,
  29.71063 0.61023622 0.70866214,29.71063 0.62337707 0.71014327,
  29.71063 0.63585905 0.71451047,29.71063 0.64705617 0.72154586,
  29.71063 0.6564069 0.73089659,29.71063 0.66344228 0.74209371,
  29.71063 0.66780949 0.75457569,29.600394 0.61023622 0.70866265,
  29.600394 0.66780949 0.75457569,29.600394 0.66344228 0.74209371,
  29.600394 0.6564069 0.73089658,29.600394 0.64705617 0.72154586,
  29.600394 0.63585904 0.71451047,29.600394 0.62337707 0.71014327] }
 coordIndex [
  1,8,0,-1,10,7,8,-1,10,8,1,-1,11,6,7,-1,11,7,10,-1,12,5,6,-1,12,6,11,-1,13,4,5,-1,
  13,5,12,-1,14,3,4,-1,14,4,13,-1,15,2,3,-1,15,3,14,-1,9,2,15,-1]
  normalPerVertex TRUE
  normal DEF NORM_631 Normal { vector [
  -1.0171897e-05 -0.99371735 0.11191886,-5.0853067e-06 -0.9937126 0.111961,
  2.3109733e-06 -0.11198398 0.99371001,0 -0.2589466 0.96589164,
  0 -0.46737448 0.88405944,0 -0.65238975 0.75788364,
  0 -0.80468703 0.59369923,0 -0.91662847 0.39974022,
  -3.4096679e-06 -0.98259487 0.18576146,4.6225421e-06 -0.11196483 0.99371217,
  0 -0.96589164 0.2589466,0 -0.88405944 0.46737447,
  0 -0.75788364 0.65238975,0 -0.59369924 0.80468703,
  0 -0.39974023 0.91662847,1.5495014e-06 -0.18577652 0.98259202] }
}
}
DEF SHAPE_632 Shape {
 appearance USE APP_1
 geometry DEF FACE_632 IndexedFaceSet {
  coord DEF COORD_632 Coordinate { point [
  29.71063 0.66928949 0.76771654,29.600394 0.66929062 0.76771653,
  29.600394 0.66929134 1.5512568,29.71063 0.66929124 1.5512568] }
 coordIndex [
  0,2,1,-1,0,3,2,-1]
  normalPerVertex TRUE
  normal DEF NORM_632 Normal { vector [
  -5.5821738e-06 -1 1.5707121e-06,-1.0233989e-05 -1 9.1624861e-07,
  -5.5821738e-06 -1 1.5707121e-06,-9.3036032e-07 -1 2.2251754e-06] }
}
}
DEF SHAPE_633 Shape {
 appearance USE APP_1
 geometry DEF FACE_633 IndexedFaceSet {
  coord DEF COORD_633 Coordinate { point [
  29.600394 0.66929062 0.76771653,29.600394 0.66780949 0.75457569,
  29.600394 0.66344228 0.74209371,29.600394 0.6564069 0.73089658,
  29.600394 0.64705617 0.72154586,29.600394 0.63585904 0.71451047,
  29.600394 0.62337707 0.71014327,29.600394 0.61023622 0.70866265,
  29.600394 0.71653543 0.70866152,29.600394 0.71653625 1.5587666,
  29.600394 0.71787724 1.5732486,29.600394 0.72185928 1.5872369,
  29.600394 0.72834646 1.6002541,29.600419 0.72842211 1.7323479,
  29.600393 0.71154076 1.7089301,29.600394 0.7149378 1.7183915,
  29.600394 0.71945863 1.7260791,29.600394 0.66929134 1.5512568] }
 coordIndex [
  15,16,13,-1,14,15,13,-1,12,17,14,-1,12,14,13,-1,11,17,12,-1,10,17,11,-1,9,17,10,-1,0,17,9,-1,
  8,1,0,-1,8,2,1,-1,8,3,2,-1,8,4,3,-1,8,5,4,-1,8,6,5,-1,8,7,6,-1,8,0,9,-1]
  normalPerVertex TRUE
  normal DEF NORM_633 Normal { vector [
  -1 0 0,-1 0 0,
  -1 0 0,-1 0 0,
  -1 0 0,-1 0 0,
  -1 0 0,-1 0 0,
  -1 0 0,-1 0 0,
  -1 0 0,-1 0 0,
  -0.99999996 0.0002851604 4.0787186e-05,-0.99999904 0.0013798159 9.8221633e-05,
  -0.99999995 0.00032088237 3.3840836e-05,-0.99999232 0.0035665051 -0.0016247127,
  -0.99998443 0.0048114828 -0.0028275914,-1 4.0161707e-07 -4.8405881e-07] }
}
}
DEF SHAPE_634 Shape {
 appearance USE APP_1
 geometry DEF FACE_634 IndexedFaceSet {
  coord DEF COORD_634 Coordinate { point [
  29.600394 0.71653625 1.5587666,29.600394 0.71787724 1.5732486,
  29.600394 0.72185928 1.5872369,29.600394 0.72834646 1.6002541,
  29.454724 0.72834646 1.6002541,29.454724 0.72185986 1.5872385,
  29.454724 0.71787784 1.5732518,29.454724 0.71653598 1.5587714] }
 coordIndex [
  7,0,1,-1,6,1,2,-1,6,7,1,-1,5,2,3,-1,5,6,2,-1,4,5,3,-1]
  normalPerVertex TRUE
  normal DEF NORM_634 Normal { vector [
  4.9353448e-06 -0.99574031 0.09220216,1.6517355e-06 -0.98817353 0.15333972,
  6.8714566e-07 -0.94310973 0.33248163,5.1341112e-07 -0.89501222 0.44604162,
  0 -0.89500993 0.44604622,0 -0.92076462 0.3901186,
  -3.4321967e-07 -0.97680957 0.21410994,1.4415313e-06 -0.99573708 0.092237016] }
}
}
DEF SHAPE_635 Shape {
 appearance USE APP_1
 geometry DEF FACE_635 IndexedFaceSet {
  coord DEF COORD_635 Coordinate { point [
  29.600394 0.71653625 1.5587666,29.600394 0.71653543 0.70866152,
  29.454724 0.71653548 0.70866142,29.454724 0.71653598 1.5587714] }
 coordIndex [
  1,0,3,-1,2,1,3,-1]
  normalPerVertex TRUE
  normal DEF NORM_635 Normal { vector [
  1.8682455e-06 -1 9.5923765e-07,7.788045e-07 -1 7.7255814e-07,
  -3.1063014e-07 -1 5.8587972e-07,7.788045e-07 -1 7.7255814e-07] }
}
}
DEF SHAPE_636 Shape {
 appearance USE APP_1
 geometry DEF FACE_636 IndexedFaceSet {
  coord DEF COORD_636 Coordinate { point [
  29.454724 0.71653548 0.70866142,29.454724 0.61023622 0.70866214,
  29.454724 0.71653598 1.5587714,29.454724 0.72834646 1.6002541,
  29.454724 0.72185986 1.5872385,29.454724 0.71787784 1.5732518,
  29.4547 0.72843745 1.7323528,29.454724 0.71961493 1.7262827,
  29.454724 0.71500255 1.7185312,29.454725 0.71154076 1.7089301,
  29.454724 0.66929124 1.5512568,29.454724 0.66928949 0.76771654,
  29.454724 0.62337707 0.71014327,29.454724 0.63585905 0.71451047,
  29.454724 0.64705617 0.72154586,29.454724 0.6564069 0.73089659,
  29.454724 0.66344228 0.74209371,29.454724 0.66780949 0.75457569] }
 coordIndex [
  8,6,7,-1,9,6,8,-1,3,6,9,-1,10,4,3,-1,10,5,4,-1,10,2,5,-1,10,3,9,-1,11,2,10,-1,
  0,2,11,-1,17,0,11,-1,16,0,17,-1,15,0,16,-1,14,0,15,-1,13,0,14,-1,12,0,13,-1,1,0,12,-1]
  normalPerVertex TRUE
  normal DEF NORM_636 Normal { vector [
  1 0 0,1 0 0,
  1 4.8738109e-07 -2.9397892e-08,0.99999996 0.00027355927 3.8952854e-05,
  1 1.2197778e-06 -4.7290109e-07,1 1.0592085e-06 -1.9809236e-07,
  0.99999912 0.0013212614 9.222275e-05,0.99998526 0.0046661621 -0.0027770436,
  0.99999288 0.0034294457 -0.0015749112,0.99999995 0.00030798415 3.2197093e-05,
  1 1.3659585e-06 -5.2734312e-07,1 4.7840962e-07 -2.8573457e-08,
  1 0 0,1 0 0,
  1 0 0,1 0 0,
  1 0 0,1 0 0] }
}
}
DEF SHAPE_637 Shape {
 appearance USE APP_1
 geometry DEF FACE_637 IndexedFaceSet {
  coord DEF COORD_637 Coordinate { point [
  29.454724 0.66928949 0.76771654,29.344488 0.66929062 0.76771653,
  29.454724 0.61023622 0.70866214,29.454724 0.62337707 0.71014327,
  29.454724 0.63585905 0.71451047,29.454724 0.64705617 0.72154586,
  29.454724 0.6564069 0.73089659,29.454724 0.66344228 0.74209371,
  29.454724 0.66780949 0.75457569,29.344488 0.61023622 0.70866265,
  29.344488 0.66780949 0.75457569,29.344488 0.66344228 0.74209371,
  29.344488 0.6564069 0.73089658,29.344488 0.64705617 0.72154586,
  29.344488 0.63585904 0.71451047,29.344488 0.62337707 0.71014327] }
 coordIndex [
  1,8,0,-1,10,7,8,-1,10,8,1,-1,11,6,7,-1,11,7,10,-1,12,5,6,-1,12,6,11,-1,13,4,5,-1,
  13,5,12,-1,14,3,4,-1,14,4,13,-1,15,2,3,-1,15,3,14,-1,9,2,15,-1]
  normalPerVertex TRUE
  normal DEF NORM_637 Normal { vector [
  -1.0171897e-05 -0.99371735 0.11191886,-5.0853067e-06 -0.9937126 0.111961,
  2.3109733e-06 -0.11198398 0.99371001,0 -0.2589466 0.96589164,
  0 -0.46737448 0.88405944,0 -0.65238975 0.75788364,
  0 -0.80468703 0.59369923,0 -0.91662847 0.39974022,
  -3.4096679e-06 -0.98259487 0.18576146,4.6225421e-06 -0.11196483 0.99371217,
  0 -0.96589164 0.2589466,0 -0.88405944 0.46737447,
  0 -0.75788364 0.65238975,0 -0.59369924 0.80468703,
  0 -0.39974023 0.91662847,1.5495014e-06 -0.18577652 0.98259202] }
}
}
DEF SHAPE_638 Shape {
 appearance USE APP_1
 geometry DEF FACE_638 IndexedFaceSet {
  coord DEF COORD_638 Coordinate { point [
  29.454724 0.66928949 0.76771654,29.344488 0.66929062 0.76771653,
  29.344488 0.66929134 1.5512568,29.454724 0.66929124 1.5512568] }
 coordIndex [
  0,2,1,-1,0,3,2,-1]
  normalPerVertex TRUE
  normal DEF NORM_638 Normal { vector [
  -5.5821738e-06 -1 1.5707121e-06,-1.0233989e-05 -1 9.1624861e-07,
  -5.5821738e-06 -1 1.5707121e-06,-9.3036032e-07 -1 2.2251754e-06] }
}
}
DEF SHAPE_639 Shape {
 appearance USE APP_1
 geometry DEF FACE_639 IndexedFaceSet {
  coord DEF COORD_639 Coordinate { point [
  29.344488 0.66929062 0.76771653,29.344488 0.66780949 0.75457569,
  29.344488 0.66344228 0.74209371,29.344488 0.6564069 0.73089658,
  29.344488 0.64705617 0.72154586,29.344488 0.63585904 0.71451047,
  29.344488 0.62337707 0.71014327,29.344488 0.61023622 0.70866265,
  29.344488 0.71653543 0.70866152,29.344488 0.71653625 1.5587666,
  29.344488 0.71787724 1.5732486,29.344488 0.72185928 1.5872369,
  29.344488 0.72834646 1.6002541,29.344514 0.72842211 1.7323479,
  29.344488 0.71154076 1.7089301,29.344488 0.7149378 1.7183915,
  29.344488 0.71945863 1.7260791,29.344488 0.66929134 1.5512568] }
 coordIndex [
  15,16,13,-1,14,15,13,-1,12,17,14,-1,12,14,13,-1,11,17,12,-1,10,17,11,-1,9,17,10,-1,0,17,9,-1,
  8,1,0,-1,8,2,1,-1,8,3,2,-1,8,4,3,-1,8,5,4,-1,8,6,5,-1,8,7,6,-1,8,0,9,-1]
  normalPerVertex TRUE
  normal DEF NORM_639 Normal { vector [
  -1 0 0,-1 0 0,
  -1 0 0,-1 0 0,
  -1 0 0,-1 0 0,
  -1 0 0,-1 0 0,
  -1 0 0,-1 0 0,
  -1 0 0,-1 0 0,
  -0.99999996 0.0002851604 4.0787186e-05,-0.99999904 0.0013798159 9.8221633e-05,
  -0.99999995 0.00032088237 3.3840836e-05,-0.99999232 0.0035665051 -0.0016247127,
  -0.99998443 0.0048114828 -0.0028275914,-1 4.0161707e-07 -4.8405881e-07] }
}
}
DEF SHAPE_640 Shape {
 appearance USE APP_1
 geometry DEF FACE_640 IndexedFaceSet {
  coord DEF COORD_640 Coordinate { point [
  29.344488 0.71653625 1.5587666,29.344488 0.71787724 1.5732486,
  29.344488 0.72185928 1.5872369,29.344488 0.72834646 1.6002541,
  29.198819 0.72834646 1.6002541,29.198819 0.72185986 1.5872385,
  29.198819 0.71787784 1.5732518,29.198819 0.71653598 1.5587714] }
 coordIndex [
  7,0,1,-1,6,1,2,-1,6,7,1,-1,5,2,3,-1,5,6,2,-1,4,5,3,-1]
  normalPerVertex TRUE
  normal DEF NORM_640 Normal { vector [
  4.9353448e-06 -0.99574031 0.09220216,1.6517355e-06 -0.98817353 0.15333972,
  6.8714566e-07 -0.94310973 0.33248163,5.1341112e-07 -0.89501222 0.44604162,
  0 -0.89500993 0.44604622,0 -0.92076462 0.3901186,
  -3.4321967e-07 -0.97680957 0.21410994,1.4415313e-06 -0.99573708 0.092237016] }
}
}
DEF SHAPE_641 Shape {
 appearance USE APP_1
 geometry DEF FACE_641 IndexedFaceSet {
  coord DEF COORD_641 Coordinate { point [
  29.344488 0.71653625 1.5587666,29.344488 0.71653543 0.70866152,
  29.198819 0.71653548 0.70866142,29.198819 0.71653598 1.5587714] }
 coordIndex [
  1,0,3,-1,2,1,3,-1]
  normalPerVertex TRUE
  normal DEF NORM_641 Normal { vector [
  1.8682455e-06 -1 9.5923765e-07,7.788045e-07 -1 7.7255814e-07,
  -3.1063014e-07 -1 5.8587972e-07,7.788045e-07 -1 7.7255814e-07] }
}
}
DEF SHAPE_642 Shape {
 appearance USE APP_1
 geometry DEF FACE_642 IndexedFaceSet {
  coord DEF COORD_642 Coordinate { point [
  29.198819 0.71653548 0.70866142,29.198819 0.61023622 0.70866214,
  29.198819 0.71653598 1.5587714,29.198819 0.72834646 1.6002541,
  29.198819 0.72185986 1.5872385,29.198819 0.71787784 1.5732518,
  29.198795 0.72843745 1.7323528,29.198819 0.71154076 1.7089301,
  29.198819 0.71500281 1.7185318,29.198819 0.71961554 1.7262835,
  29.198819 0.66929124 1.5512568,29.198819 0.66928949 0.76771654,
  29.198819 0.62337707 0.71014327,29.198819 0.63585905 0.71451047,
  29.198819 0.64705617 0.72154586,29.198819 0.6564069 0.73089659,
  29.198819 0.66344228 0.74209371,29.198819 0.66780949 0.75457569] }
 coordIndex [
  15,14,0,-1,13,0,14,-1,16,15,0,-1,12,0,13,-1,17,16,0,-1,1,0,12,-1,11,17,0,-1,2,11,0,-1,
  10,4,3,-1,10,5,4,-1,10,2,5,-1,10,11,2,-1,7,10,3,-1,6,8,7,-1,6,7,3,-1,9,8,6,-1]
  normalPerVertex TRUE
  normal DEF NORM_642 Normal { vector [
  1 0 0,1 0 0,
  1 4.8738109e-07 -2.9397892e-08,0.99999996 0.00027355927 3.8952854e-05,
  1 1.2197778e-06 -4.7290109e-07,1 1.0592085e-06 -1.9809236e-07,
  0.99999912 0.0013212684 9.2216336e-05,0.99999995 0.0003079855 3.2196401e-05,
  0.99999288 0.003429545 -0.0015750068,0.99998526 0.004666443 -0.0027773413,
  1 1.3659585e-06 -5.2734311e-07,1 4.7840962e-07 -2.8573457e-08,
  1 0 0,1 0 0,
  1 0 0,1 0 0,
  1 0 0,1 0 0] }
}
}
DEF SHAPE_643 Shape {
 appearance USE APP_1
 geometry DEF FACE_643 IndexedFaceSet {
  coord DEF COORD_643 Coordinate { point [
  29.198819 0.66928949 0.76771654,29.088583 0.66928949 0.76771653,
  29.198819 0.61023622 0.70866214,29.198819 0.62337707 0.71014327,
  29.198819 0.63585905 0.71451047,29.198819 0.64705617 0.72154586,
  29.198819 0.6564069 0.73089659,29.198819 0.66344228 0.74209371,
  29.198819 0.66780949 0.75457569,29.088583 0.61023622 0.70866326,
  29.088583 0.66780949 0.75457569,29.088583 0.66344228 0.74209371,
  29.088583 0.6564069 0.73089658,29.088583 0.64705617 0.72154586,
  29.088583 0.63585904 0.71451047,29.088583 0.62337707 0.71014327] }
 coordIndex [
  1,8,0,-1,10,7,8,-1,10,8,1,-1,11,6,7,-1,11,7,10,-1,12,5,6,-1,12,6,11,-1,13,4,5,-1,
  13,5,12,-1,14,3,4,-1,14,4,13,-1,15,2,3,-1,15,3,14,-1,9,2,15,-1]
  normalPerVertex TRUE
  normal DEF NORM_643 Normal { vector [
  0 -0.99371735 0.11191886,0 -0.99371735 0.11191888,
  5.0845665e-06 -0.11196099 0.9937126,0 -0.25894659 0.96589164,
  0 -0.46737448 0.88405944,0 -0.65238975 0.75788364,
  0 -0.80468703 0.59369923,0 -0.91662847 0.39974022,
  0 -0.98260009 0.18573385,1.0170548e-05 -0.11191886 0.99371735,
  0 -0.96589879 0.25891992,0 -0.88405944 0.46737448,
  0 -0.75788364 0.65238975,0 -0.59369923 0.80468703,
  0 -0.39974022 0.91662847,3.4092153e-06 -0.18576145 0.98259487] }
}
}
DEF SHAPE_644 Shape {
 appearance USE APP_1
 geometry DEF FACE_644 IndexedFaceSet {
  coord DEF COORD_644 Coordinate { point [
  29.198819 0.66928949 0.76771654,29.088583 0.66928949 0.76771653,
  29.088583 0.66929134 1.5512568,29.198819 0.66929124 1.5512568] }
 coordIndex [
  0,2,1,-1,0,3,2,-1]
  normalPerVertex TRUE
  normal DEF NORM_644 Normal { vector [
  -4.6518206e-07 -1 2.2906213e-06,0 -1 2.3560672e-06,
  -4.6518206e-07 -1 2.2906213e-06,-9.3036032e-07 -1 2.2251754e-06] }
}
}
DEF SHAPE_645 Shape {
 appearance USE APP_1
 geometry DEF FACE_645 IndexedFaceSet {
  coord DEF COORD_645 Coordinate { point [
  29.088583 0.66928949 0.76771653,29.088583 0.66780949 0.75457569,
  29.088583 0.66344228 0.74209371,29.088583 0.6564069 0.73089658,
  29.088583 0.64705617 0.72154586,29.088583 0.63585904 0.71451047,
  29.088583 0.62337707 0.71014327,29.088583 0.61023622 0.70866326,
  29.088583 0.71653543 0.70866152,29.088583 0.71653598 1.5587714,
  29.088583 0.71787783 1.5732518,29.088583 0.72185986 1.5872385,
  29.088583 0.72834646 1.6002541,29.08861 0.72842505 1.7323514,
  29.088582 0.71154076 1.7089301,29.088583 0.71493738 1.7183906,
  29.088583 0.7194576 1.7260778,29.088583 0.66929134 1.5512568] }
 coordIndex [
  8,2,1,-1,8,3,2,-1,8,4,3,-1,8,5,4,-1,8,6,5,-1,8,7,6,-1,0,8,1,-1,9,0,17,-1,
  9,8,0,-1,10,9,17,-1,11,10,17,-1,12,11,17,-1,14,12,17,-1,13,14,15,-1,13,15,16,-1,13,12,14,-1]
  normalPerVertex TRUE
  normal DEF NORM_645 Normal { vector [
  -1 0 0,-1 0 0,
  -1 0 0,-1 0 0,
  -1 0 0,-1 0 0,
  -1 0 0,-1 0 0,
  -1 0 0,-1 0 0,
  -1 0 0,-1 0 0,
  -0.99999995 0.00030151425 4.3729885e-05,-0.99999893 0.0014613914 0.0001039015,
  -0.99999994 0.00033948704 3.627617e-05,-0.9999913 0.0037941114 -0.0017324569,
  -0.99998245 0.0051082958 -0.00300212,-1 3.5141953e-07 -4.2355699e-07] }
}
}
DEF SHAPE_646 Shape {
 appearance USE APP_1
 geometry DEF FACE_646 IndexedFaceSet {
  coord DEF COORD_646 Coordinate { point [
  28.942913 0.71653625 1.5587664,29.088583 0.71653598 1.5587714,
  29.088583 0.71787783 1.5732518,29.088583 0.72185986 1.5872385,
  29.088583 0.72834646 1.6002541,28.94306 0.72836167 1.6002402,
  28.942913 0.72790746 1.5995372,28.942913 0.72165856 1.5867137,
  28.942913 0.71782622 1.572973] }
 coordIndex [
  8,0,1,-1,8,1,2,-1,7,2,3,-1,7,8,2,-1,6,3,4,-1,6,7,3,-1,5,6,4,-1]
  normalPerVertex TRUE
  normal DEF NORM_646 Normal { vector [
  -4.9776726e-06 -0.99590297 0.090428283,8.6506724e-05 -0.99581802 0.091358943,
  0.00011762541 -0.97726932 0.21200155,0.00017355436 -0.92205911 0.38704905,
  0.00046751617 -0.8922978 0.45144704,-0.0001396794 -0.83989741 0.54274517,
  8.0860802e-05 -0.89552348 0.44501426,-5.297601e-05 -0.94479552 0.32766053,
  6.1242641e-07 -0.98859187 0.15061911] }
}
}
DEF SHAPE_647 Shape {
 appearance USE APP_1
 geometry DEF FACE_647 IndexedFaceSet {
  coord DEF COORD_647 Coordinate { point [
  28.942913 0.71653625 1.5587664,29.088583 0.71653598 1.5587714,
  29.088583 0.71653543 0.70866152,28.942913 0.71653548 0.70866142] }
 coordIndex [
  2,1,0,-1,3,2,0,-1]
  normalPerVertex TRUE
  normal DEF NORM_647 Normal { vector [
  -1.0895325e-06 -1 7.7257535e-07,-1.8684328e-06 -1 6.3910728e-07,
  -1.0895325e-06 -1 7.7257535e-07,-3.1062766e-07 -1 9.060442e-07] }
}
}
DEF SHAPE_648 Shape {
 appearance USE APP_1
 geometry DEF FACE_648 IndexedFaceSet {
  coord DEF COORD_648 Coordinate { point [
  28.942913 0.61023622 0.70866326,28.942913 0.71653548 0.70866142,
  28.942913 0.71653625 1.5587664,28.942913 0.72790746 1.5995372,
  28.942913 0.72165856 1.5867137,28.942913 0.71782622 1.572973,
  28.942913 0.72834646 1.5995372,28.94306 0.72836167 1.6002402,
  28.942886 0.72843786 1.7323532,28.942914 0.71154076 1.7089301,
  28.942913 0.71500281 1.7185318,28.942913 0.71961554 1.7262835,
  28.942913 0.66929124 1.5512568,28.942913 0.66928949 0.76771654,
  28.942913 0.62337707 0.71014327,28.942913 0.63585905 0.71451047,
  28.942913 0.64705617 0.72154586,28.942913 0.6564069 0.73089659,
  28.942913 0.66344228 0.74209371,28.942913 0.66780949 0.75457569] }
 coordIndex [
  10,8,11,-1,9,8,10,-1,7,8,9,-1,3,6,7,-1,3,7,9,-1,12,4,3,-1,12,5,4,-1,12,2,5,-1,
  12,3,9,-1,13,2,12,-1,1,2,13,-1,19,1,13,-1,18,1,19,-1,17,1,18,-1,16,1,17,-1,15,1,16,-1,
  14,1,15,-1,0,1,14,-1]
  normalPerVertex TRUE
  normal DEF NORM_648 Normal { vector [
  1 0 0,1 0 0,
  1 4.8729091e-07 -2.9371392e-08,0.9999978 -0.002074918 -0.00032206975,
  1 1.2106078e-06 -4.5943122e-07,1 1.0572681e-06 -1.9378101e-07,
  0 0 1,0.99997443 -0.0071482258 0.00021018105,
  0.99999933 5.2628819e-05 0.0011582691,0.99999859 -0.0016812642 4.5240824e-05,
  0.9999906 0.0039381217 -0.0018117898,0.99998061 0.0053504953 -0.0031847025,
  1 1.3618722e-06 -5.2443376e-07,1 4.7840664e-07 -2.8573625e-08,
  1 0 0,1 0 0,
  1 0 0,1 0 0,
  1 0 0,1 0 0] }
}
}
DEF SHAPE_649 Shape {
 appearance USE APP_1
 geometry DEF FACE_649 IndexedFaceSet {
  coord DEF COORD_649 Coordinate { point [
  28.88189 0.66929149 0.76771653,28.942913 0.66928949 0.76771654,
  28.942913 0.61023622 0.70866326,28.942913 0.62337707 0.71014327,
  28.942913 0.63585905 0.71451047,28.942913 0.64705617 0.72154586,
  28.942913 0.6564069 0.73089659,28.942913 0.66344228 0.74209371,
  28.942913 0.66780949 0.75457569,28.88189 0.61023622 0.70866142,
  28.88189 0.66727908 0.75243194,28.88189 0.66137945 0.73818897,
  28.88189 0.65199449 0.72595826,28.88189 0.63976378 0.7165733,
  28.88189 0.62552081 0.71067367] }
 coordIndex [
  0,8,1,-1,10,7,8,-1,10,8,0,-1,11,6,7,-1,11,7,10,-1,12,5,6,-1,12,6,11,-1,13,4,5,-1,
  13,5,12,-1,14,3,4,-1,14,4,13,-1,9,2,3,-1,9,3,14,-1]
  normalPerVertex TRUE
  normal DEF NORM_649 Normal { vector [
  0.0021552036 -0.9925345 0.12194516,-3.2587563e-05 -0.99371735 0.11191886,
  -3.0059076e-05 -0.11191889 0.99371735,0.00040411278 -0.18867736 0.98203905,
  -0.00030309365 -0.41509312 0.90977888,-0.00065648132 -0.61806572 0.78612615,
  -0.00065648176 -0.78612615 0.61806573,-0.00030309497 -0.90977887 0.41509313,
  0.00040318053 -0.98203836 0.18868093,0.0021565583 -0.12193981 0.99253515,
  0.0027689577 -0.95983363 0.28055613,0.0035896376 -0.86032076 0.50974043,
  0.0038631676 -0.70710149 0.70710152,0.0035896363 -0.5097404 0.86032078,
  0.0027690819 -0.28055284 0.95983459] }
}
}
DEF SHAPE_650 Shape {
 appearance USE APP_1
 geometry DEF FACE_650 IndexedFaceSet {
  coord DEF COORD_650 Coordinate { point [
  28.88189 0.66929149 0.76771653,28.873129 0.67028012 0.76771654,
  28.864808 0.67319131 0.76771654,28.857343 0.67788137 0.76771654,
  28.85111 0.68411506 0.76771654,28.84642 0.69157971 0.76771654,
  28.843508 0.69990093 0.76771654,28.842522 0.70866135 0.76771654,
  28.88189 0.66727908 0.75243194,28.88189 0.66137945 0.73818897,
  28.88189 0.65199449 0.72595826,28.88189 0.63976378 0.7165733,
  28.88189 0.62552081 0.71067367,28.88189 0.61023622 0.70866142,
  28.783465 0.70866142 0.70866142,28.786818 0.6831871 0.70866142,
  28.796651 0.65944882 0.70866142,28.812293 0.63906429 0.70866142,
  28.832677 0.6234227 0.70866142,28.856415 0.61358998 0.70866142,
  28.841038 0.70866142 0.75457569,28.836671 0.70866142 0.74209371,
  28.829635 0.70866142 0.73089658,28.820285 0.70866142 0.72154586,
  28.809087 0.70866142 0.71451047,28.796605 0.70866142 0.71014327,
  28.862912 0.6255155 0.71014205,28.86569 0.6376846 0.71450971,
  28.844886 0.63182304 0.71014205,28.868181 0.64860106 0.72154538,
  28.850302 0.64306898 0.71450971,28.828716 0.64198356 0.71014205,
  28.821585 0.64835638 0.71014205,28.870262 0.6577175 0.73089627,
  28.85516 0.65315731 0.72154538,28.836498 0.65174242 0.71450971,
  28.815212 0.65548757 0.71014205,28.830411 0.65718253 0.71450971,
  28.871828 0.66457677 0.74209348,28.808031 0.66601932 0.71014205,
  28.859218 0.66158216 0.73089627,28.84348 0.66049675 0.72154538,
  28.824971 0.66327001 0.71450971,28.838328 0.66510015 0.72154538,
  28.872681 0.66831664 0.75243194,28.818841 0.67226035 0.71450971,
  28.86227 0.66792108 0.74209348,28.84931 0.66780757 0.73089627,
  28.833725 0.67025136 0.72154538,28.799512 0.68658824 0.71014205,
  28.844941 0.67171223 0.73089627,28.863935 0.67137724 0.75243194,
  28.828538 0.67785895 0.72154538,28.853697 0.67330827 0.74209348,
  28.841036 0.67608154 0.73089627,28.811568 0.68981884 0.71450971,
  28.849916 0.6766872 0.74209348,28.836636 0.68253439 0.73089627,
  28.856088 0.67630741 0.75243194,28.846537 0.68046821 0.74209348,
  28.822384 0.69271689 0.72154538,28.852628 0.67939969 0.75243194,
  28.84273 0.68605223 0.74209348,28.849536 0.68285995 0.75243194,
  28.831416 0.69513707 0.73089627,28.846052 0.68797025 0.75243194,
  28.838212 0.69695804 0.74209348,28.841917 0.69795088 0.75243194] }
 coordIndex [
  7,20,6,-1,26,13,12,-1,26,19,13,-1,27,12,11,-1,27,26,12,-1,28,18,19,-1,28,19,26,-1,29,11,10,-1,
  29,27,11,-1,30,28,26,-1,30,26,27,-1,31,17,18,-1,31,18,28,-1,32,17,31,-1,33,10,9,-1,33,29,10,-1,
  34,27,29,-1,34,30,27,-1,35,28,30,-1,35,31,28,-1,36,16,17,-1,36,17,32,-1,37,31,35,-1,37,32,31,-1,
  38,9,8,-1,38,33,9,-1,39,16,36,-1,40,34,29,-1,40,29,33,-1,41,30,34,-1,41,35,30,-1,42,36,32,-1,
  42,32,37,-1,43,37,35,-1,43,35,41,-1,44,0,1,-1,44,8,0,-1,44,38,8,-1,45,39,36,-1,45,36,42,-1,
  46,33,38,-1,46,40,33,-1,47,34,40,-1,47,41,34,-1,48,37,43,-1,48,42,37,-1,49,14,15,-1,49,15,16,-1,
  49,25,14,-1,49,16,39,-1,50,43,41,-1,50,41,47,-1,51,1,2,-1,51,38,44,-1,51,46,38,-1,51,44,1,-1,
  52,42,48,-1,52,45,42,-1,53,40,46,-1,53,47,40,-1,54,43,50,-1,54,48,43,-1,55,39,45,-1,55,25,49,-1,
  55,24,25,-1,55,49,39,-1,56,47,53,-1,56,50,47,-1,57,52,48,-1,57,48,54,-1,58,2,3,-1,58,51,2,-1,
  58,46,51,-1,58,53,46,-1,59,54,50,-1,59,50,56,-1,60,23,24,-1,60,55,45,-1,60,45,52,-1,60,24,55,-1,
  61,3,4,-1,61,56,53,-1,61,53,58,-1,61,58,3,-1,62,57,54,-1,62,54,59,-1,63,61,4,-1,63,59,56,-1,
  63,56,61,-1,64,22,23,-1,64,23,60,-1,64,60,52,-1,64,52,57,-1,65,4,5,-1,65,63,4,-1,65,62,59,-1,
  65,59,63,-1,66,21,22,-1,66,22,64,-1,66,57,62,-1,66,64,57,-1,67,5,6,-1,67,20,21,-1,67,65,5,-1,
  67,21,66,-1,67,62,65,-1,67,66,62,-1,67,6,20,-1]
  normalPerVertex TRUE
  normal DEF NORM_650 Normal { vector [
  -0.11110225 -0.98529891 0.1297781,-0.25797871 -0.95729311 0.13052539,
  -0.46447336 -0.87591957 0.13049672,-0.62664093 -0.76714203 0.13716505,
  -0.7784852 -0.61177794 0.14031587,-0.90221251 -0.41091313 0.13100755,
  -0.97585131 -0.18047066 0.12306325,-0.9875203 -0.1111823 0.11154442,
  -0.12308239 -0.95092975 0.28387205,-0.11623947 -0.85174819 0.51089472,
  -0.097369042 -0.69940233 0.70806472,-0.071231567 -0.50318221 0.86123965,
  -0.04049055 -0.2749613 0.96060231,-0.021082492 -0.12234066 0.99226422,
  -0.11199507 -0.014770244 0.99359899,-0.10814938 -0.028978538 0.99371221,
  -0.099846229 -0.054652289 0.99350081,-0.082417261 -0.082417261 0.99318417,
  -0.05851265 -0.099001802 0.99336545,-0.031825522 -0.10977209 0.99344714,
  -0.9749353 -0.1197596 0.18750679,-0.90432973 -0.12552952 0.40795842,
  -0.7981377 -0.1051256 0.59323252,-0.64699094 -0.085214973 0.75772101,
  -0.4629255 -0.060985181 0.88429678,-0.25510911 -0.033637196 0.96632701,
  -0.050636641 -0.20901886 0.97659974,-0.096062571 -0.42515814 0.90000697,
  -0.096152914 -0.19096411 0.97687631,-0.13665745 -0.61605 0.77576229,
  -0.18694566 -0.38544717 0.90359383,-0.12126601 -0.16300687 0.97914417,
  -0.17329347 -0.16865182 0.97032259,-0.17130628 -0.77394557 0.60964121,
  -0.26791247 -0.55757983 0.78570201,-0.24245035 -0.3403529 0.90850302,
  -0.16535414 -0.12366562 0.97845021,-0.30333697 -0.3024963 0.90359431,
  -0.1973515 -0.88393891 0.42391554,-0.22245813 -0.10632387 0.96912724,
  -0.33593094 -0.70192994 0.62804837,-0.35246251 -0.49736426 0.7927162,
  -0.34417597 -0.26323213 0.9012501,-0.43722789 -0.43761169 0.7857021,
  -0.19410734 -0.9598328 0.20259157,-0.39165393 -0.19656546 0.89887108,
  -0.38172531 -0.80494856 0.4542506,-0.44509972 -0.62944965 0.63692965,
  -0.49397946 -0.379438 0.78231138,-0.17597749 -0.047168851 0.98326346,
  -0.54958419 -0.55091869 0.62804922,-0.3893249 -0.89321675 0.22492212,
  -0.5597102 -0.28308028 0.77883891,-0.50992797 -0.72466635 0.46349989,
  -0.61942705 -0.47667315 0.62377306,-0.38254028 -0.1025259 0.91823275,
  -0.62805919 -0.63181772 0.45425545,-0.7000798 -0.35524129 0.61942869,
  -0.54575164 -0.80720355 0.2248946,-0.7066948 -0.54613499 0.44979888,
  -0.5701365 -0.15278716 0.80721772,-0.68574136 -0.69530379 0.2152009,
  -0.79719958 -0.4076093 0.44533975,-0.76240508 -0.59956735 0.2434286,
  -0.72938514 -0.19545823 0.6555863,-0.85602331 -0.46939259 0.21655181,
  -0.84593139 -0.22669556 0.48271027,-0.93586912 -0.25741204 0.24059932] }
}
}
DEF SHAPE_651 Shape {
 appearance USE APP_1
 geometry DEF FACE_651 IndexedFaceSet {
  coord DEF COORD_651 Coordinate { point [
  28.88189 0.66929257 1.5512567,28.88189 0.66929149 0.76771653,
  28.872004 0.67055425 1.5510907,28.862049 0.6746587 1.5505503,
  28.85418 0.68069647 1.5497555,28.847957 0.68870071 1.5487021,
  28.843912 0.69829246 1.5474393,28.842521 0.70866138 1.5460737,
  28.842522 0.70866135 0.76771654,28.873129 0.67028012 0.76771654,
  28.864808 0.67319131 0.76771654,28.857343 0.67788137 0.76771654,
  28.85111 0.68411506 0.76771654,28.84642 0.69157971 0.76771654,
  28.843508 0.69990093 0.76771654] }
 coordIndex [
  9,1,0,-1,9,0,2,-1,10,2,3,-1,10,9,2,-1,11,3,4,-1,11,10,3,-1,12,4,5,-1,12,11,4,-1,
  13,5,6,-1,13,12,5,-1,14,6,7,-1,14,13,6,-1,8,14,7,-1]
  normalPerVertex TRUE
  normal DEF NORM_651 Normal { vector [
  -0.11981911 -0.99279574 8.8357391e-05,-0.11213897 -0.99369253 1.3586466e-06,
  -0.28198273 -0.95941947 0.00015582021,-0.50589451 -0.86259533 0.00018966425,
  -0.70621374 -0.70799867 0.00018615083,-0.85865942 -0.51254654 0.00019176001,
  -0.95909344 -0.28308965 0.00016148078,-0.99237206 -0.12327886 0.00012895606,
  -0.99372167 -0.1118805 -1.0447604e-06,-0.18798408 -0.98217207 1.4256031e-05,
  -0.41394409 -0.91030231 1.3854061e-05,-0.61814536 -0.78606381 -5.1497805e-05,
  -0.78463585 -0.61995692 -4.1654338e-05,-0.90884301 -0.41713833 -1.1794708e-05,
  -0.98194102 -0.18918729 2.7917298e-05] }
}
}
DEF SHAPE_652 Shape {
 appearance USE APP_1
 geometry DEF FACE_652 IndexedFaceSet {
  coord DEF COORD_652 Coordinate { point [
  28.842521 0.70866138 1.5460737,28.842522 0.70866135 0.76771654,
  28.842522 0.8661418 0.76771654,28.842521 0.86614176 1.7322835,
  28.842521 0.75855617 1.7322835] }
 coordIndex [
  0,4,3,-1,2,0,3,-1,1,0,2,-1]
  normalPerVertex TRUE
  normal DEF NORM_652 Normal { vector [
  -1 -5.664987e-07 -1.2489739e-06,-1 0 -1.0560553e-06,
  -1 -6.0784631e-07 -1.1790373e-06,-1 -9.7037006e-07 -1.3865104e-06,
  -1 0 -2.2071665e-06] }
}
}
DEF SHAPE_653 Shape {
 appearance USE APP_1
 geometry DEF FACE_653 IndexedFaceSet {
  coord DEF COORD_653 Coordinate { point [
  28.842522 0.70866135 0.76771654,28.841038 0.70866142 0.75457569,
  28.836671 0.70866142 0.74209371,28.829635 0.70866142 0.73089658,
  28.820285 0.70866142 0.72154586,28.809087 0.70866142 0.71451047,
  28.796605 0.70866142 0.71014327,28.783465 0.70866142 0.70866142,
  28.783465 0.86614173 0.70866142,28.796605 0.86614173 0.71014327,
  28.809087 0.86614173 0.71451047,28.820285 0.86614173 0.72154586,
  28.829635 0.86614173 0.73089659,28.836671 0.86614173 0.74209371,
  28.841038 0.86614173 0.75457569,28.842522 0.8661418 0.76771654] }
 coordIndex [
  14,1,0,-1,14,0,15,-1,13,2,1,-1,13,1,14,-1,12,3,2,-1,12,2,13,-1,11,4,3,-1,11,3,12,-1,
  10,5,4,-1,10,4,11,-1,9,6,5,-1,9,5,10,-1,8,7,6,-1,8,6,9,-1]
  normalPerVertex TRUE
  normal DEF NORM_653 Normal { vector [
  -0.99368103 0 0.11224086,-0.96587145 0 0.25902189,
  -0.88405943 0 0.4673745,-0.75788363 0 0.65238976,
  -0.59369922 0 0.80468704,-0.39974021 0 0.91662848,
  -0.18582419 0 0.98258301,-0.11205671 0 0.99370181,
  -0.11205672 0 0.99370181,-0.25896356 0 0.96588709,
  -0.46737447 0 0.88405945,-0.65238974 0 0.75788365,
  -0.80468703 0 0.59369924,-0.91662847 0 0.39974023,
  -0.98256018 0 0.18594487,-0.99368103 0 0.11224084] }
}
}
DEF SHAPE_654 Shape {
 appearance USE APP_1
 geometry DEF FACE_654 IndexedFaceSet {
  coord DEF COORD_654 Coordinate { point [
  28.88189 0.72052939 1.7424728,28.873129 0.72148268 1.7422173,
  28.864808 0.72429467 1.7414638,28.857343 0.72882493 1.7402499,
  28.85111 0.73484622 1.7386365,28.84642 0.74205654 1.7367045,
  28.843508 0.75009423 1.7345508,28.842521 0.75855617 1.7322835,
  28.842521 0.70866138 1.5460737,28.88189 0.66929257 1.5512567,
  28.872004 0.67055425 1.5510907,28.862049 0.6746587 1.5505503,
  28.85418 0.68069647 1.5497555,28.847957 0.68870071 1.5487021,
  28.843912 0.69829246 1.5474393] }
 coordIndex [
  9,0,1,-1,10,1,2,-1,10,9,1,-1,11,2,3,-1,11,10,2,-1,12,3,4,-1,12,11,3,-1,13,4,5,-1,
  13,12,4,-1,14,5,6,-1,14,13,5,-1,8,6,7,-1,8,14,6,-1]
  normalPerVertex TRUE
  normal DEF NORM_654 Normal { vector [
  -0.11194999 -0.95985308 0.257195,-0.1879098 -0.948733 0.25415666,
  -0.41390408 -0.87931627 0.23555531,-0.61808646 -0.75927103 0.20365812,
  -0.78457518 -0.59886347 0.16063726,-0.90879747 -0.40300821 0.10803492,
  -0.98191171 -0.18291731 0.048894278,-0.99370623 -0.10820118 0.028990236,
  -0.9923677 -0.1192463 0.03141127,-0.11973153 -0.9590667 0.2566231,
  -0.28194709 -0.92689777 0.24772237,-0.50585032 -0.8334227 0.2225355,
  -0.70616851 -0.6841092 0.18253942,-0.85861989 -0.49534364 0.13193396,
  -0.9590665 -0.27369873 0.072666713] }
}
}
DEF SHAPE_655 Shape {
 appearance USE APP_1
 geometry DEF FACE_655 IndexedFaceSet {
  coord DEF COORD_655 Coordinate { point [
  28.88189 0.66929149 0.76771653,28.942913 0.66928949 0.76771654,
  28.88189 0.66929257 1.5512567,28.942913 0.66929124 1.5512568] }
 coordIndex [
  1,2,0,-1,1,3,2,-1]
  normalPerVertex TRUE
  normal DEF NORM_655 Normal { vector [
  -3.2791341e-05 -1 1.3687751e-06,-2.7293266e-05 -1 1.7969762e-06,
  -2.7293266e-05 -1 1.7969762e-06,-2.1795197e-05 -1 2.2251767e-06] }
}
}
DEF SHAPE_656 Shape {
 appearance USE APP_1
 geometry DEF FACE_656 IndexedFaceSet {
  coord DEF COORD_656 Coordinate { point [
  29.088583 0.72834646 1.6002541,28.94306 0.72836167 1.6002402,
  28.942886 0.72843786 1.7323532,29.08861 0.72842505 1.7323514] }
 coordIndex [
  1,0,3,-1,2,1,3,-1]
  normalPerVertex TRUE
  normal DEF NORM_656 Normal { vector [
  -0.00010458807 -0.99999982 0.00059498155,-9.6227457e-05 -0.99999982 0.00058577049,
  -8.7879389e-05 -0.99999983 0.00057657325,-9.6227457e-05 -0.99999982 0.00058577049] }
}
}
DEF SHAPE_657 Shape {
 appearance USE APP_1
 geometry DEF FACE_657 IndexedFaceSet {
  coord DEF COORD_657 Coordinate { point [
  28.94306 0.72836167 1.6002402,28.942913 0.72790746 1.5995372,
  28.942913 0.72834646 1.5995372] }
 coordIndex [
  1,0,2,-1]
  normalPerVertex TRUE
  normal DEF NORM_657 Normal { vector [
  0 0 1,0 0 1,
  0 0 1] }
}
}
DEF SHAPE_658 Shape {
 appearance USE APP_1
 geometry DEF FACE_658 IndexedFaceSet {
  coord DEF COORD_658 Coordinate { point [
  29.088582 0.71154076 1.7089301,29.088583 0.71493738 1.7183906,
  29.088583 0.7194576 1.7260778,29.08861 0.72842505 1.7323514,
  29.105354 0.72052862 1.7424731,29.101571 0.72174742 1.7440382,
  29.098282 0.72429898 1.7449986,29.09592 0.72785019 1.7452284,
  29.094791 0.73193587 1.7446981] }
 coordIndex [
  1,0,4,-1,1,4,5,-1,2,5,6,-1,2,1,5,-1,7,2,6,-1,3,7,8,-1,3,2,7,-1]
  normalPerVertex TRUE
  normal DEF NORM_658 Normal { vector [
  -0.16899236 -0.92763916 0.33305732,-0.26745078 -0.88889584 0.37193314,
  -0.65452985 -0.59061334 0.47198152,-0.84117643 -0.27569117 0.46520598,
  -0.16655009 -0.92860899 0.33158168,-0.36961481 -0.8349786 0.40767098,
  -0.59884511 -0.64666047 0.47245611,-0.80597572 -0.34994011 0.47743591,
  -0.85953939 -0.17515215 0.48011848] }
}
}
DEF SHAPE_659 Shape {
 appearance USE APP_1
 geometry DEF FACE_659 IndexedFaceSet {
  coord DEF COORD_659 Coordinate { point [
  29.08861 0.72842505 1.7323514,29.105003 0.76118764 1.7651246,
  29.105003 0.75855618 1.7651247,29.104164 0.74941525 1.7634468,
  29.101742 0.7411017 1.758603,29.098564 0.73538075 1.7522454,
  29.094791 0.73193587 1.7446981] }
 coordIndex [
  2,4,3,-1,1,5,4,-1,1,6,5,-1,1,0,6,-1,1,4,2,-1]
  normalPerVertex TRUE
  normal DEF NORM_659 Normal { vector [
  -0.89414205 -0.00051582777 0.44778312,-0.89429171 -0.00025035373 0.44748439,
  -0.89443968 1.9680926e-05 0.44718862,-0.89444202 2.1863865e-05 0.44718394,
  -0.89443386 1.462504e-05 0.44720026,-0.8944612 4.9901329e-05 0.44714557,
  -0.89425749 -0.00031463266 0.44755272] }
}
}
DEF SHAPE_660 Shape {
 appearance USE APP_1
 geometry DEF FACE_660 IndexedFaceSet {
  coord DEF COORD_660 Coordinate { point [
  29.105003 0.75855618 1.7651247,29.105003 0.76118764 1.7651246,
  29.10762 0.75855618 1.7685798,29.111307 0.75855618 1.7708583,
  29.115567 0.75855617 1.771653,29.115567 0.77260883 1.7716534,
  29.111051 0.76809809 1.7707552,29.107216 0.76425716 1.7681941] }
 coordIndex [
  2,1,0,-1,7,1,2,-1,3,7,2,-1,6,7,3,-1,4,6,3,-1,5,6,4,-1]
  normalPerVertex TRUE
  normal DEF NORM_660 Normal { vector [
  0 0 1,-0.80123251 -0.011185167 0.59824857,
  -0.69855583 0.0019330028 0.71555294,-0.41602748 0.0043574162 0.9093416,
  -0.19047807 0.0022046126 0.98168898,-0.19501818 -2.8108518e-05 0.98079963,
  -0.3029001 -0.00018006751 0.95302229,-0.61501107 -0.0016105822 0.78851683] }
}
}
DEF SHAPE_661 Shape {
 appearance USE APP_1
 geometry DEF FACE_661 IndexedFaceSet {
  coord DEF COORD_661 Coordinate { point [
  29.070758 0.76425716 1.768194,29.072835 0.77260883 1.771653,
  29.107216 0.76425716 1.7681941,29.115567 0.77260883 1.7716534,
  29.111051 0.76809809 1.7707552] }
 coordIndex [
  4,3,1,-1,2,1,0,-1,2,4,1,-1]
  normalPerVertex TRUE
  normal DEF NORM_661 Normal { vector [
  -2.9213858e-06 -0.38264532 0.92389532,-0.01137338 -0.37290801 0.92779861,
  -0.015559342 -0.43659279 0.89952467,-9.3740574e-06 -0.19528033 0.98074747,
  -0.02114783 -0.36446426 0.93097721] }
}
}
DEF SHAPE_662 Shape {
 appearance USE APP_1
 geometry DEF FACE_662 IndexedFaceSet {
  coord DEF COORD_662 Coordinate { point [
  29.171834 0.75855617 1.771653,29.171834 0.77260883 1.7716534,
  29.238189 0.77260883 1.7716534,29.238192 0.78740157 1.7716505,
  29.072831 0.78740157 1.771651,29.072835 0.77260883 1.771653,
  29.115567 0.77260883 1.7716534,29.115567 0.75855617 1.771653] }
 coordIndex [
  6,4,5,-1,1,6,7,-1,1,7,0,-1,3,1,2,-1,3,4,1,-1,1,4,6,-1]
  normalPerVertex TRUE
  normal DEF NORM_662 Normal { vector [
  0 -2.8402647e-05 1,1.2903847e-06 0.00012185254 0.99999999,
  3.8622989e-07 0.00019022626 0.99999998,2.1990739e-06 0.00018209414 0.99999998,
  2.8556594e-07 0.00016703255 0.99999999,-9.5580744e-06 0.00013163121 0.99999999,
  -2.6791466e-06 8.5712194e-05 1,0 -2.8402867e-05 1] }
}
}
DEF SHAPE_663 Shape {
 appearance USE APP_1
 geometry DEF FACE_663 IndexedFaceSet {
  coord DEF COORD_663 Coordinate { point [
  29.105354 0.72052862 1.7424731,29.107397 0.72446063 1.7519685,
  29.109382 0.73051402 1.7599175,29.111411 0.73856255 1.7661989,
  29.113489 0.74819403 1.7702654,29.115567 0.75855617 1.771653,
  29.182048 0.72052862 1.7424731,29.171834 0.75855617 1.771653,
  29.173877 0.74836649 1.770312,29.175862 0.73912161 1.7665223,
  29.177891 0.73097114 1.7603738,29.179969 0.72455031 1.752123] }
 coordIndex [
  1,0,6,-1,1,6,11,-1,2,11,10,-1,2,1,11,-1,3,10,9,-1,3,2,10,-1,4,9,8,-1,4,3,9,-1,
  5,8,7,-1,5,4,8,-1]
  normalPerVertex TRUE
  normal DEF NORM_663 Normal { vector [
  -2.8467875e-08 -0.92391729 0.38259227,9.5359589e-06 -0.88904042 0.45782871,
  -8.55215e-05 -0.73966356 0.67297682,-0.0004177336 -0.53975684 0.84182087,
  -0.0004560812 -0.30329373 0.95289701,-0.00020167692 -0.13160694 0.99130196,
  0.00015767454 -0.92347841 0.38365037,1.0005569e-08 -0.13047254 0.99145192,
  -1.1892189e-05 -0.21564289 0.9764723,9.4582587e-05 -0.46171357 0.88702907,
  0.00040868626 -0.67606168 0.73684492,0.0003952266 -0.84388172 0.53652912] }
}
}
DEF SHAPE_664 Shape {
 appearance USE APP_1
 geometry DEF FACE_664 IndexedFaceSet {
  coord DEF COORD_664 Coordinate { point [
  29.182398 0.75855618 1.7651246,29.179782 0.75855618 1.7685798,
  29.176095 0.75855618 1.7708583,29.171834 0.75855617 1.771653,
  29.173877 0.74836649 1.770312,29.175862 0.73912161 1.7665223,
  29.177891 0.73097114 1.7603738,29.179969 0.72455031 1.752123,
  29.182048 0.72052862 1.7424731,29.185831 0.72174742 1.7440382,
  29.189119 0.72429898 1.7449986,29.191482 0.72785019 1.7452284,
  29.192609 0.73193587 1.7446974,29.188806 0.73542346 1.7523098,
  29.185574 0.74130789 1.7587726,29.183259 0.74930101 1.7634038,
  29.182591 0.72322607 1.7491217,29.187281 0.72649685 1.7498597,
  29.189451 0.72970256 1.7495719,29.177178 0.74041838 1.7669495,
  29.1808 0.74228629 1.7654998,29.182666 0.74378531 1.7638074,
  29.174655 0.75231036 1.7709639,29.178706 0.75300297 1.7692357,
  29.180894 0.75349581 1.7672645,29.185861 0.72873576 1.7535272,
  29.184441 0.73154549 1.7570877,29.18283 0.73555508 1.7609653] }
 coordIndex [
  16,7,8,-1,16,8,9,-1,17,9,10,-1,17,10,11,-1,17,16,9,-1,18,11,12,-1,18,12,13,-1,18,17,11,-1,
  19,4,5,-1,20,4,19,-1,21,14,15,-1,21,15,20,-1,22,2,3,-1,22,3,4,-1,23,1,2,-1,23,4,20,-1,
  23,20,15,-1,23,2,22,-1,23,22,4,-1,24,0,1,-1,24,15,0,-1,24,23,15,-1,24,1,23,-1,25,18,13,-1,
  25,17,18,-1,25,16,17,-1,25,7,16,-1,26,6,7,-1,26,13,14,-1,26,25,13,-1,26,7,25,-1,27,5,6,-1,
  27,19,5,-1,27,21,20,-1,27,20,19,-1,27,14,21,-1,27,6,26,-1,27,26,14,-1]
  normalPerVertex TRUE
  normal DEF NORM_664 Normal { vector [
  0.8249301 -0.0061617935 0.56520117,0.6685937 -0.0051860266 0.74360982,
  0.3687218 -0.036258108 0.92883238,0.084213654 -0.071608178 0.99387138,
  0.34241346 -0.22625218 0.91190075,0.31180727 -0.49553142 0.81069405,
  0.38368514 -0.58729607 0.71264931,0.30886785 -0.73020974 0.60942136,
  0.067786908 -0.92642559 0.37032494,0.35343526 -0.81235319 0.46385969,
  0.5806774 -0.63665768 0.50742562,0.77406924 -0.38076337 0.5058024,
  0.85981915 -0.15195797 0.48746262,0.80606308 -0.19791375 0.55775663,
  0.81797659 -0.16156782 0.55209613,0.78895026 -0.071944486 0.61023068,
  0.29436013 -0.80866226 0.5093304,0.55894544 -0.63421042 0.5341883,
  0.80133362 -0.25206369 0.54252035,0.39659437 -0.34381471 0.85117821,
  0.58199455 -0.19360147 0.78981062,0.79976539 -0.12892406 0.5863053,
  0.25229539 -0.10647355 0.96177462,0.56714304 -0.13690317 0.81216149,
  0.77936687 -0.056187662 0.62404346,0.58132004 -0.51687315 0.62841798,
  0.62067478 -0.45087614 0.64146202,0.58709251 -0.38113087 0.714186] }
}
}
DEF SHAPE_665 Shape {
 appearance USE APP_1
 geometry DEF FACE_665 IndexedFaceSet {
  coord DEF COORD_665 Coordinate { point [
  29.182048 0.72052862 1.7424731,29.185831 0.72174742 1.7440382,
  29.189119 0.72429898 1.7449986,29.191482 0.72785019 1.7452284,
  29.192609 0.73193587 1.7446974,29.198819 0.71154076 1.7089301,
  29.198819 0.71500281 1.7185318,29.198819 0.71961554 1.7262835,
  29.198795 0.72843745 1.7323528] }
 coordIndex [
  0,5,6,-1,1,6,7,-1,1,0,6,-1,2,1,7,-1,3,2,7,-1,8,3,7,-1,4,3,8,-1]
  normalPerVertex TRUE
  normal DEF NORM_665 Normal { vector [
  0.16822692 -0.92813417 0.33206424,0.37311315 -0.83301769 0.40849492,
  0.59894484 -0.64671363 0.47225688,0.80656582 -0.34741775 0.47828076,
  0.85956097 -0.17479824 0.48020883,0.17167688 -0.9267488 0.33416122,
  0.27123847 -0.88713744 0.37338567,0.65502368 -0.58953243 0.47264732,
  0.84206949 -0.27185423 0.46584788] }
}
}
DEF SHAPE_666 Shape {
 appearance USE APP_1
 geometry DEF FACE_666 IndexedFaceSet {
  coord DEF COORD_666 Coordinate { point [
  29.182398 0.76118757 1.7651246,29.182398 0.75855618 1.7651246,
  29.192609 0.73193587 1.7446974,29.188806 0.73542346 1.7523098,
  29.185574 0.74130789 1.7587726,29.183259 0.74930101 1.7634038,
  29.198795 0.72843745 1.7323528] }
 coordIndex [
  1,5,4,-1,0,3,2,-1,0,4,3,-1,0,2,6,-1,0,1,4,-1]
  normalPerVertex TRUE
  normal DEF NORM_666 Normal { vector [
  0.8942164 -0.00041748585 0.44763474,0.89441192 1.0029416e-05 0.44724413,
  0.89416856 -0.00051883667 0.44773019,0.89452242 0.00012604099 0.44702307,
  0.8944248 1.178553e-05 0.44721838,0.89447231 6.5634535e-05 0.44712334,
  0.89395456 -0.00089140732 0.44815673] }
}
}
DEF SHAPE_667 Shape {
 appearance USE APP_1
 geometry DEF FACE_667 IndexedFaceSet {
  coord DEF COORD_667 Coordinate { point [
  29.182398 0.76118757 1.7651246,29.182398 0.75855618 1.7651246,
  29.180186 0.76425717 1.7681941,29.176352 0.76810423 1.770755,
  29.171834 0.77260883 1.7716534,29.171834 0.75855617 1.771653,
  29.179782 0.75855618 1.7685798,29.176095 0.75855618 1.7708583] }
 coordIndex [
  6,1,0,-1,6,0,2,-1,7,2,3,-1,7,6,2,-1,5,3,4,-1,5,7,3,-1]
  normalPerVertex TRUE
  normal DEF NORM_667 Normal { vector [
  0.80124316 -0.011217383 0.5982337,0 0 1,
  0.61499892 -0.0016186833 0.78852629,0.30293165 -0.00018234761 0.95301227,
  0.19503439 -2.7392055e-05 0.9807964,0.19048726 0.0022076095 0.98168719,
  0.69856294 0.0019144781 0.71554605,0.41601401 0.0043520379 0.90934779] }
}
}
DEF SHAPE_668 Shape {
 appearance USE APP_1
 geometry DEF FACE_668 IndexedFaceSet {
  coord DEF COORD_668 Coordinate { point [
  29.240266 0.76425716 1.768194,29.238189 0.77260883 1.7716534,
  29.171834 0.77260883 1.7716534,29.180186 0.76425717 1.7681941,
  29.176352 0.76810423 1.770755] }
 coordIndex [
  1,4,3,-1,1,2,4,-1,0,1,3,-1]
  normalPerVertex TRUE
  normal DEF NORM_668 Normal { vector [
  1.7727255e-06 -0.38268135 0.9238804,0.0070897512 -0.37660856 0.92634536,
  3.7877065e-07 -0.19558365 0.98068702,0.0095923884 -0.4387926 0.89853717,
  0.013540279 -0.37105092 0.9285138] }
}
}
DEF SHAPE_669 Shape {
 appearance USE APP_1
 geometry DEF FACE_669 IndexedFaceSet {
  coord DEF COORD_669 Coordinate { point [
  29.182048 0.72052862 1.7424731,29.198819 0.71154076 1.7089301,
  29.198819 0.66929124 1.5512568,29.088583 0.66929134 1.5512568,
  29.088582 0.71154076 1.7089301,29.105354 0.72052862 1.7424731] }
 coordIndex [
  4,1,0,-1,4,0,5,-1,3,2,1,-1,3,1,4,-1]
  normalPerVertex TRUE
  normal DEF NORM_669 Normal { vector [
  0 -0.96592556 0.25882005,-4.0688402e-07 -0.96592435 0.25882456,
  -8.9865749e-07 -0.96592414 0.25882534,-4.5001712e-07 -0.96592422 0.25882504,
  0 -0.96592463 0.25882351,0 -0.96592556 0.25882005] }
}
}
DEF SHAPE_670 Shape {
 appearance USE APP_1
 geometry DEF FACE_670 IndexedFaceSet {
  coord DEF COORD_670 Coordinate { point [
  29.105003 0.75855618 1.7651247,29.10762 0.75855618 1.7685798,
  29.111307 0.75855618 1.7708583,29.115567 0.75855617 1.771653,
  29.104164 0.74941525 1.7634468,29.101742 0.7411017 1.758603,
  29.098564 0.73538075 1.7522454,29.094791 0.73193587 1.7446981,
  29.105354 0.72052862 1.7424731,29.101571 0.72174742 1.7440382,
  29.098282 0.72429898 1.7449986,29.09592 0.72785019 1.7452284,
  29.107397 0.72446063 1.7519685,29.109382 0.73051402 1.7599175,
  29.111411 0.73856255 1.7661989,29.113489 0.74819403 1.7702654,
  29.112746 0.75231036 1.7709639,29.108696 0.75300297 1.7692357,
  29.106508 0.75349581 1.7672645,29.107556 0.73035934 1.7593852,
  29.103632 0.73310169 1.7587286,29.101737 0.7355408 1.7575941,
  29.104811 0.72322607 1.7491217,29.10012 0.72649685 1.7498597,
  29.09795 0.72970256 1.7495719,29.107955 0.74848344 1.7681075,
  29.107054 0.74415338 1.7664261,29.105644 0.7388301 1.7634263] }
 coordIndex [
  16,3,2,-1,16,15,3,-1,17,2,1,-1,17,16,2,-1,18,1,0,-1,18,0,4,-1,18,17,1,-1,19,12,13,-1,
  20,12,19,-1,21,5,6,-1,21,6,20,-1,22,9,8,-1,22,8,12,-1,23,10,9,-1,23,11,10,-1,23,22,12,-1,
  23,12,20,-1,23,9,22,-1,23,20,6,-1,24,6,7,-1,24,7,11,-1,24,23,6,-1,24,11,23,-1,25,18,4,-1,
  25,17,18,-1,25,16,17,-1,25,15,16,-1,26,4,5,-1,26,14,15,-1,26,15,25,-1,26,25,4,-1,27,13,14,-1,
  27,19,13,-1,27,5,21,-1,27,20,19,-1,27,26,5,-1,27,14,26,-1,27,21,20,-1]
  normalPerVertex TRUE
  normal DEF NORM_670 Normal { vector [
  -0.8246044 -0.0059135634 0.56567889,-0.66858095 -0.0051926899 0.74362124,
  -0.36872203 -0.036257229 0.92883232,-0.079711916 -0.073665197 0.99409227,
  -0.80415461 -0.086810831 0.58804697,-0.8115125 -0.10769367 0.57432529,
  -0.8069746 -0.23169315 0.54324053,-0.85972402 -0.15239205 0.48749489,
  -0.072138914 -0.92626512 0.36990392,-0.35343498 -0.81235334 0.46385964,
  -0.58067719 -0.63665783 0.50742567,-0.77401558 -0.38085357 0.50581662,
  -0.35501193 -0.71787553 0.59884995,-0.31415882 -0.55164559 0.77265217,
  -0.38165626 -0.39482261 0.83573537,-0.29839789 -0.26352391 0.91734064,
  -0.2792991 -0.12278279 0.95232158,-0.51887205 -0.070543894 0.85193624,
  -0.77903033 -0.049221908 0.62505115,-0.41144928 -0.59837341 0.68750182,
  -0.60311965 -0.50030669 0.62124061,-0.80461638 -0.18121679 0.56546702,
  -0.26901392 -0.833403 0.48277421,-0.57651846 -0.55714117 0.597679,
  -0.79159926 -0.24404785 0.56018859,-0.58365482 -0.1640872 0.79524993,
  -0.6123959 -0.21495655 0.76076602,-0.56871823 -0.34589716 0.7462672] }
}
}
DEF SHAPE_671 Shape {
 appearance USE APP_1
 geometry DEF FACE_671 IndexedFaceSet {
  coord DEF COORD_671 Coordinate { point [
  29.072831 0.78740157 1.771651,29.075967 0.78740157 1.774953,
  29.079778 0.78740157 1.7774474,29.084059 0.78740157 1.7789992,
  29.088583 0.78740157 1.7795266,29.222441 0.78740157 1.7795266,
  29.226965 0.78740157 1.7789992,29.231246 0.78740157 1.7774474,
  29.235056 0.78740157 1.7749531,29.238192 0.78740157 1.7716505] }
 coordIndex [
  3,2,1,-1,4,1,0,-1,4,3,1,-1,8,6,5,-1,8,7,6,-1,9,8,5,-1,9,5,0,-1,5,4,0,-1]
  normalPerVertex TRUE
  normal DEF NORM_671 Normal { vector [
  0 -1 0,0 -1 0,
  0 0 1,0 -1 0,
  0 -1 0,0 -1 0,
  0 -1 0,0 0 1,
  0 -1 0,0 -1 0] }
}
}
DEF SHAPE_672 Shape {
 appearance USE APP_1
 geometry DEF FACE_672 IndexedFaceSet {
  coord DEF COORD_672 Coordinate { point [
  29.222441 0.84645669 1.7795266,29.222441 0.78740157 1.7795266,
  29.088583 0.84645669 1.7795266,29.088583 0.78740157 1.7795266] }
 coordIndex [
  1,2,3,-1,0,2,1,-1]
  normalPerVertex TRUE
  normal DEF NORM_672 Normal { vector [
  0 0 1,0 0 1,
  0 0 1,0 0 1] }
}
}
DEF SHAPE_673 Shape {
 appearance USE APP_1
 geometry DEF FACE_673 IndexedFaceSet {
  coord DEF COORD_673 Coordinate { point [
  29.238193 0.84645669 1.771651,29.072832 0.84645669 1.7716505,
  29.088583 0.84645669 1.7795266,29.084059 0.84645669 1.7789992,
  29.079778 0.84645669 1.7774475,29.075968 0.84645669 1.7749532,
  29.222441 0.84645669 1.7795266,29.235056 0.84645669 1.7749531,
  29.231246 0.84645669 1.7774474,29.226965 0.84645669 1.7789992] }
 coordIndex [
  3,5,4,-1,3,1,5,-1,2,1,3,-1,0,8,7,-1,0,9,8,-1,0,6,9,-1,0,1,6,-1,6,1,2,-1]
  normalPerVertex TRUE
  normal DEF NORM_673 Normal { vector [
  0 1 0,0 1 0,
  0 1 0,0 1 0,
  0 0 1,0 1 0,
  0 1 0,0 0 1,
  0 1 0,0 1 0] }
}
}
DEF SHAPE_674 Shape {
 appearance USE APP_1
 geometry DEF FACE_674 IndexedFaceSet {
  coord DEF COORD_674 Coordinate { point [
  29.344488 0.72834646 1.6002541,29.198819 0.72834646 1.6002541,
  29.198795 0.72843745 1.7323528,29.344514 0.72842211 1.7323479] }
 coordIndex [
  1,0,3,-1,2,1,3,-1]
  normalPerVertex TRUE
  normal DEF NORM_674 Normal { vector [
  0 -0.99999984 0.0005727155,-5.2648322e-05 -0.9999998 0.00063078466,
  -0.00010527674 -0.99999976 0.00068883186,-5.2648322e-05 -0.9999998 0.00063078466] }
}
}
DEF SHAPE_675 Shape {
 appearance USE APP_1
 geometry DEF FACE_675 IndexedFaceSet {
  coord DEF COORD_675 Coordinate { point [
  29.344488 0.71154076 1.7089301,29.344488 0.7149378 1.7183915,
  29.344488 0.71945863 1.7260791,29.344514 0.72842211 1.7323479,
  29.361259 0.72052862 1.7424731,29.357476 0.72174742 1.7440382,
  29.354188 0.72429898 1.7449986,29.351825 0.72785019 1.7452284,
  29.350696 0.73193587 1.7446981] }
 coordIndex [
  1,0,4,-1,1,4,5,-1,2,5,6,-1,2,1,5,-1,7,2,6,-1,3,7,8,-1,3,2,7,-1]
  normalPerVertex TRUE
  normal DEF NORM_675 Normal { vector [
  -0.16901079 -0.927633 0.33306512,-0.26747608 -0.88888414 0.37194292,
  -0.65449925 -0.59064272 0.47198718,-0.84115465 -0.27571346 0.46523214,
  -0.16656145 -0.92860571 0.33158515,-0.36963737 -0.834966 0.40767633,
  -0.59884563 -0.64666075 0.47245507,-0.80595676 -0.34995722 0.47745539,
  -0.85953356 -0.17514903 0.48013007] }
}
}
DEF SHAPE_676 Shape {
 appearance USE APP_1
 geometry DEF FACE_676 IndexedFaceSet {
  coord DEF COORD_676 Coordinate { point [
  29.344514 0.72842211 1.7323479,29.360909 0.76118764 1.7651246,
  29.360909 0.75855618 1.7651247,29.36007 0.74941525 1.7634468,
  29.357648 0.7411017 1.758603,29.354469 0.73538075 1.7522454,
  29.350696 0.73193587 1.7446981] }
 coordIndex [
  2,4,3,-1,1,5,4,-1,1,6,5,-1,1,0,6,-1,1,4,2,-1]
  normalPerVertex TRUE
  normal DEF NORM_676 Normal { vector [
  -0.89414837 -0.00050482329 0.44777052,-0.89429503 -0.00024455304 0.44747775,
  -0.89443968 1.9680527e-05 0.44718862,-0.89444202 2.1863354e-05 0.44718395,
  -0.89443386 1.462488e-05 0.44720026,-0.8944612 4.9901297e-05 0.44714557,
  -0.89426164 -0.00030740817 0.44754444] }
}
}
DEF SHAPE_677 Shape {
 appearance USE APP_1
 geometry DEF FACE_677 IndexedFaceSet {
  coord DEF COORD_677 Coordinate { point [
  29.344488 0.71154076 1.7089301,29.361259 0.72052862 1.7424731,
  29.437953 0.72052862 1.7424731,29.454725 0.71154076 1.7089301,
  29.454724 0.66929124 1.5512568,29.344488 0.66929134 1.5512568] }
 coordIndex [
  1,3,2,-1,0,3,1,-1,5,4,3,-1,5,3,0,-1]
  normalPerVertex TRUE
  normal DEF NORM_677 Normal { vector [
  0 -0.96592452 0.25882393,0 -0.96592556 0.25882005,
  0 -0.96592556 0.25882005,-3.8144583e-07 -0.96592442 0.25882428,
  -8.9865749e-07 -0.96592414 0.25882534,-4.5001702e-07 -0.96592422 0.25882504] }
}
}
DEF SHAPE_678 Shape {
 appearance USE APP_1
 geometry DEF FACE_678 IndexedFaceSet {
  coord DEF COORD_678 Coordinate { point [
  29.448516 0.73193587 1.7446981,29.447387 0.72785019 1.7452284,
  29.445025 0.72429898 1.7449986,29.441737 0.72174742 1.7440382,
  29.437953 0.72052862 1.7424731,29.454725 0.71154076 1.7089301,
  29.4547 0.72843745 1.7323528,29.454724 0.71961493 1.7262827,
  29.454724 0.71500255 1.7185312] }
 coordIndex [
  4,5,8,-1,3,8,7,-1,3,4,8,-1,2,3,7,-1,1,2,7,-1,6,1,7,-1,0,1,6,-1]
  normalPerVertex TRUE
  normal DEF NORM_678 Normal { vector [
  0.85951489 -0.17513906 0.48016711,0.80654475 -0.3474913 0.47826286,
  0.59894434 -0.64671336 0.47225789,0.37309939 -0.83302544 0.40849169,
  0.16822023 -0.92813608 0.33206231,0.17166625 -0.92675234 0.33415685,
  0.84204402 -0.27196668 0.46582828,0.65502207 -0.58953623 0.47264482,
  0.27122383 -0.88714429 0.37338003] }
}
}
DEF SHAPE_679 Shape {
 appearance USE APP_1
 geometry DEF FACE_679 IndexedFaceSet {
  coord DEF COORD_679 Coordinate { point [
  29.600394 0.72834646 1.6002541,29.454724 0.72834646 1.6002541,
  29.4547 0.72843745 1.7323528,29.600419 0.72842211 1.7323479] }
 coordIndex [
  1,0,3,-1,2,1,3,-1]
  normalPerVertex TRUE
  normal DEF NORM_679 Normal { vector [
  0 -0.99999984 0.0005727155,-5.2648322e-05 -0.9999998 0.00063078466,
  -0.00010527674 -0.99999976 0.00068883186,-5.2648322e-05 -0.9999998 0.00063078466] }
}
}
DEF SHAPE_680 Shape {
 appearance USE APP_1
 geometry DEF FACE_680 IndexedFaceSet {
  coord DEF COORD_680 Coordinate { point [
  29.600393 0.71154076 1.7089301,29.600394 0.7149378 1.7183915,
  29.600394 0.71945863 1.7260791,29.600419 0.72842211 1.7323479,
  29.617165 0.72052862 1.7424731,29.613382 0.72174742 1.7440382,
  29.610093 0.72429898 1.7449986,29.607731 0.72785019 1.7452284,
  29.606602 0.73193587 1.7446981] }
 coordIndex [
  1,0,4,-1,1,4,5,-1,2,5,6,-1,2,1,5,-1,7,2,6,-1,3,7,8,-1,3,2,7,-1]
  normalPerVertex TRUE
  normal DEF NORM_680 Normal { vector [
  -0.16901079 -0.927633 0.33306512,-0.26747608 -0.88888414 0.37194292,
  -0.65449925 -0.59064272 0.47198718,-0.84115465 -0.27571346 0.46523214,
  -0.16656145 -0.92860571 0.33158515,-0.36963737 -0.834966 0.40767633,
  -0.59884563 -0.64666075 0.47245507,-0.80595676 -0.34995722 0.47745539,
  -0.85953355 -0.17514903 0.48013007] }
}
}
DEF SHAPE_681 Shape {
 appearance USE APP_1
 geometry DEF FACE_681 IndexedFaceSet {
  coord DEF COORD_681 Coordinate { point [
  29.600419 0.72842211 1.7323479,29.616814 0.76118764 1.7651246,
  29.616814 0.75855618 1.7651247,29.615975 0.74941525 1.7634468,
  29.613553 0.7411017 1.758603,29.610375 0.73538075 1.7522454,
  29.606602 0.73193587 1.7446981] }
 coordIndex [
  2,4,3,-1,1,5,4,-1,1,6,5,-1,1,0,6,-1,1,4,2,-1]
  normalPerVertex TRUE
  normal DEF NORM_681 Normal { vector [
  -0.89414837 -0.00050482331 0.44777052,-0.89429503 -0.00024455304 0.44747775,
  -0.89443968 1.9680524e-05 0.44718862,-0.89444202 2.186335e-05 0.44718395,
  -0.89443386 1.4624875e-05 0.44720026,-0.8944612 4.9901307e-05 0.44714557,
  -0.89426164 -0.00030740818 0.44754444] }
}
}
DEF SHAPE_682 Shape {
 appearance USE APP_1
 geometry DEF FACE_682 IndexedFaceSet {
  coord DEF COORD_682 Coordinate { point [
  29.616814 0.75855618 1.7651247,29.616814 0.76118764 1.7651246,
  29.619431 0.75855618 1.7685798,29.623118 0.75855618 1.7708583,
  29.627378 0.75855617 1.771653,29.627378 0.77260883 1.7716534,
  29.622862 0.76809809 1.7707552,29.619027 0.76425716 1.7681941] }
 coordIndex [
  2,1,0,-1,7,1,2,-1,3,7,2,-1,6,7,3,-1,4,6,3,-1,5,6,4,-1]
  normalPerVertex TRUE
  normal DEF NORM_682 Normal { vector [
  0 0 1,-0.80123251 -0.011185167 0.59824857,
  -0.69855583 0.0019330027 0.71555294,-0.41602748 0.0043574162 0.9093416,
  -0.19047807 0.0022046126 0.98168898,-0.19501818 -2.8108518e-05 0.98079963,
  -0.3029001 -0.00018006751 0.95302229,-0.61501107 -0.0016105822 0.78851683] }
}
}
DEF SHAPE_683 Shape {
 appearance USE APP_1
 geometry DEF FACE_683 IndexedFaceSet {
  coord DEF COORD_683 Coordinate { point [
  29.627378 0.77260883 1.7716534,29.622862 0.76809809 1.7707552,
  29.619027 0.76425716 1.7681941,29.561024 0.77260883 1.771653,
  29.558947 0.76425716 1.768194] }
 coordIndex [
  1,0,3,-1,2,3,4,-1,2,1,3,-1]
  normalPerVertex TRUE
  normal DEF NORM_683 Normal { vector [
  -6.0369181e-06 -0.19528354 0.98074683,-0.013582763 -0.37101462 0.92852768,
  -0.0096248674 -0.43894564 0.89846207,-0.0071123136 -0.37657229 0.92635993,
  -1.772767e-06 -0.38264556 0.92389522] }
}
}
DEF SHAPE_684 Shape {
 appearance USE APP_1
 geometry DEF FACE_684 IndexedFaceSet {
  coord DEF COORD_684 Coordinate { point [
  29.616814 0.75855618 1.7651247,29.619431 0.75855618 1.7685798,
  29.623118 0.75855618 1.7708583,29.627378 0.75855617 1.771653,
  29.615975 0.74941525 1.7634468,29.613553 0.7411017 1.758603,
  29.610375 0.73538075 1.7522454,29.606602 0.73193587 1.7446981,
  29.617165 0.72052862 1.7424731,29.613382 0.72174742 1.7440382,
  29.610093 0.72429898 1.7449986,29.607731 0.72785019 1.7452284,
  29.619208 0.72446063 1.7519685,29.621193 0.73051402 1.7599175,
  29.623222 0.73856255 1.7661989,29.6253 0.74819403 1.7702654,
  29.624557 0.75231036 1.7709639,29.620507 0.75300297 1.7692357,
  29.618319 0.75349581 1.7672645,29.619367 0.73035934 1.7593852,
  29.615444 0.73310169 1.7587286,29.613548 0.7355408 1.7575941,
  29.616622 0.72322607 1.7491217,29.611931 0.72649685 1.7498597,
  29.609761 0.72970256 1.7495719,29.619766 0.74848344 1.7681075,
  29.618865 0.74415338 1.7664261,29.617455 0.7388301 1.7634263] }
 coordIndex [
  16,3,2,-1,16,15,3,-1,17,2,1,-1,17,16,2,-1,18,1,0,-1,18,0,4,-1,18,17,1,-1,19,12,13,-1,
  20,12,19,-1,21,5,6,-1,21,6,20,-1,22,9,8,-1,22,8,12,-1,23,10,9,-1,23,11,10,-1,23,22,12,-1,
  23,12,20,-1,23,9,22,-1,23,20,6,-1,24,6,7,-1,24,7,11,-1,24,23,6,-1,24,11,23,-1,25,18,4,-1,
  25,17,18,-1,25,16,17,-1,25,15,16,-1,26,4,5,-1,26,14,15,-1,26,15,25,-1,26,25,4,-1,27,13,14,-1,
  27,19,13,-1,27,5,21,-1,27,20,19,-1,27,26,5,-1,27,14,26,-1,27,21,20,-1]
  normalPerVertex TRUE
  normal DEF NORM_684 Normal { vector [
  -0.8246044 -0.0059135635 0.56567889,-0.66858095 -0.0051926899 0.74362124,
  -0.36872203 -0.036257229 0.92883232,-0.079711916 -0.073665197 0.99409227,
  -0.80415461 -0.086810831 0.58804697,-0.8115125 -0.10769367 0.57432529,
  -0.8069746 -0.23169315 0.54324053,-0.85972402 -0.15239205 0.48749489,
  -0.072138914 -0.92626512 0.36990392,-0.35343498 -0.81235334 0.46385964,
  -0.58067719 -0.63665783 0.50742567,-0.77401558 -0.38085357 0.50581662,
  -0.35501193 -0.71787553 0.59884995,-0.31415882 -0.55164559 0.77265217,
  -0.38165626 -0.39482261 0.83573537,-0.29839789 -0.26352391 0.91734064,
  -0.2792991 -0.12278279 0.95232158,-0.51887205 -0.070543894 0.85193624,
  -0.77903033 -0.049221908 0.62505115,-0.41144928 -0.59837341 0.68750182,
  -0.60311965 -0.50030669 0.62124061,-0.80461638 -0.18121679 0.56546702,
  -0.26901392 -0.833403 0.48277421,-0.57651846 -0.55714117 0.597679,
  -0.79159926 -0.24404785 0.56018859,-0.58365482 -0.1640872 0.79524993,
  -0.6123959 -0.21495655 0.76076602,-0.56871823 -0.34589716 0.7462672] }
}
}
DEF SHAPE_685 Shape {
 appearance USE APP_1
 geometry DEF FACE_685 IndexedFaceSet {
  coord DEF COORD_685 Coordinate { point [
  29.627378 0.75855617 1.771653,29.683645 0.75855617 1.771653,
  29.617165 0.72052862 1.7424731,29.619208 0.72446063 1.7519685,
  29.621193 0.73051402 1.7599175,29.623222 0.73856255 1.7661989,
  29.6253 0.74819403 1.7702654,29.693859 0.72052862 1.7424731,
  29.685688 0.74836649 1.770312,29.687673 0.73912161 1.7665223,
  29.689702 0.73097114 1.7603738,29.69178 0.72455031 1.752123] }
 coordIndex [
  3,2,7,-1,3,7,11,-1,4,11,10,-1,4,3,11,-1,5,10,9,-1,5,4,10,-1,6,9,8,-1,6,5,9,-1,
  0,8,1,-1,0,6,8,-1]
  normalPerVertex TRUE
  normal DEF NORM_685 Normal { vector [
  -0.00020167691 -0.13160694 0.99130196,1.0005569e-08 -0.13047254 0.99145192,
  -2.8467875e-08 -0.92391729 0.38259227,9.5359589e-06 -0.88904042 0.45782871,
  -8.5521499e-05 -0.73966356 0.67297682,-0.0004177336 -0.53975684 0.84182087,
  -0.0004560812 -0.30329373 0.95289701,0.00015767454 -0.92347841 0.38365037,
  -1.1892188e-05 -0.21564289 0.9764723,9.4582588e-05 -0.46171357 0.88702907,
  0.00040868627 -0.67606168 0.73684492,0.0003952266 -0.84388172 0.53652912] }
}
}
DEF SHAPE_686 Shape {
 appearance USE APP_1
 geometry DEF FACE_686 IndexedFaceSet {
  coord DEF COORD_686 Coordinate { point [
  29.704422 0.73193587 1.7446981,29.703293 0.72785019 1.7452284,
  29.70093 0.72429898 1.7449986,29.697642 0.72174742 1.7440382,
  29.693859 0.72052862 1.7424731,29.700617 0.73542346 1.7523098,
  29.697385 0.74130789 1.7587726,29.69507 0.74930101 1.7634038,
  29.694209 0.75855618 1.7651247,29.683645 0.75855617 1.771653,
  29.687906 0.75855618 1.7708583,29.691593 0.75855618 1.7685797,
  29.685688 0.74836649 1.770312,29.687673 0.73912161 1.7665223,
  29.689702 0.73097114 1.7603738,29.69178 0.72455031 1.752123,
  29.686466 0.75231036 1.7709639,29.690517 0.75300297 1.7692357,
  29.692705 0.75349581 1.7672645,29.691656 0.73035934 1.7593852,
  29.69558 0.73310169 1.7587286,29.697476 0.7355408 1.7575941,
  29.694402 0.72322607 1.7491217,29.699092 0.72649685 1.7498597,
  29.701262 0.72970256 1.7495719,29.692114 0.74434488 1.7665139,
  29.693454 0.73921181 1.7636799] }
 coordIndex [
  16,10,9,-1,16,9,12,-1,17,11,10,-1,17,16,12,-1,17,10,16,-1,18,7,8,-1,18,8,11,-1,18,11,17,-1,
  19,14,15,-1,20,19,15,-1,21,5,6,-1,21,20,5,-1,22,4,3,-1,22,15,4,-1,23,2,1,-1,23,3,2,-1,
  23,15,22,-1,23,20,15,-1,23,22,3,-1,23,5,20,-1,24,1,0,-1,24,0,5,-1,24,23,1,-1,24,5,23,-1,
  25,6,7,-1,25,12,13,-1,25,18,17,-1,25,17,12,-1,25,7,18,-1,26,13,14,-1,26,21,6,-1,26,14,19,-1,
  26,6,25,-1,26,25,13,-1,26,19,20,-1,26,20,21,-1]
  normalPerVertex TRUE
  normal DEF NORM_686 Normal { vector [
  0.85970816 -0.15213004 0.48760469,0.7740156 -0.38085353 0.50581661,
  0.5806774 -0.63665768 0.50742562,0.35343526 -0.81235319 0.46385969,
  0.067786908 -0.92642559 0.37032494,0.80739335 -0.2306149 0.54307711,
  0.81174273 -0.10702367 0.57412514,0.81085621 -0.084368259 0.57913229,
  0.82490696 -0.0061913653 0.56523462,0.084215556 -0.071607348 0.99387128,
  0.36872396 -0.036257275 0.92883155,0.66858182 -0.0051928396 0.74362046,
  0.32999531 -0.23923086 0.91316575,0.38176625 -0.38649352 0.83956971,
  0.31441191 -0.54527935 0.77705571,0.34982009 -0.71949541 0.59996022,
  0.2522958 -0.10647315 0.96177456,0.49741409 -0.12796162 0.85802392,
  0.77526193 -0.057083427 0.62905518,0.40909382 -0.59323087 0.6933393,
  0.60340349 -0.49724986 0.62341544,0.80415881 -0.17994051 0.56652451,
  0.26816358 -0.83335162 0.48333567,0.57707462 -0.55695338 0.59731718,
  0.791602 -0.24405872 0.56017998,0.61346692 -0.19348996 0.76565003,
  0.56931756 -0.34304096 0.74712811] }
}
}
DEF SHAPE_687 Shape {
 appearance USE APP_1
 geometry DEF FACE_687 IndexedFaceSet {
  coord DEF COORD_687 Coordinate { point [
  29.600393 0.71154076 1.7089301,29.617165 0.72052862 1.7424731,
  29.693859 0.72052862 1.7424731,29.71063 0.71154076 1.7089301,
  29.71063 0.66929124 1.5512568,29.600394 0.66929134 1.5512568] }
 coordIndex [
  1,3,2,-1,0,3,1,-1,5,4,3,-1,5,3,0,-1]
  normalPerVertex TRUE
  normal DEF NORM_687 Normal { vector [
  0 -0.96592452 0.25882393,0 -0.96592556 0.25882005,
  0 -0.96592556 0.25882005,-3.8144406e-07 -0.96592442 0.25882428,
  -8.9865749e-07 -0.96592414 0.25882534,-4.500153e-07 -0.96592422 0.25882504] }
}
}
DEF SHAPE_688 Shape {
 appearance USE APP_1
 geometry DEF FACE_688 IndexedFaceSet {
  coord DEF COORD_688 Coordinate { point [
  29.750001 0.77260883 1.7716534,29.752077 0.76425716 1.768194,
  29.683645 0.77260883 1.7716534,29.688165 0.76809591 1.7707542,
  29.691997 0.76425717 1.7681941] }
 coordIndex [
  0,2,3,-1,0,3,4,-1,1,0,4,-1]
  normalPerVertex TRUE
  normal DEF NORM_688 Normal { vector [
  0.0071091119 -0.37659213 0.92635189,1.8313159e-06 -0.3826817 0.92388025,
  3.78785e-07 -0.19539697 0.98072424,0.013576685 -0.37101949 0.92852583,
  0.009624376 -0.43897726 0.89844663] }
}
}
DEF SHAPE_689 Shape {
 appearance USE APP_1
 geometry DEF FACE_689 IndexedFaceSet {
  coord DEF COORD_689 Coordinate { point [
  29.301181 0.79724409 1.7519685,29.301181 0.80708661 1.7440945,
  29.242126 0.80708661 1.7440945,29.242126 0.79724409 1.7519685] }
 coordIndex [
  2,0,1,-1,2,3,0,-1]
  normalPerVertex TRUE
  normal DEF NORM_689 Normal { vector [
  0 0.62469505 0.78086881,0 0.62469505 0.78086881,
  0 0.62469505 0.78086881,0 0.62469505 0.78086881] }
}
}
DEF SHAPE_690 Shape {
 appearance USE APP_1
 geometry DEF FACE_690 IndexedFaceSet {
  coord DEF COORD_690 Coordinate { point [
  29.242126 0.80708661 1.7440945,29.301181 0.80708661 1.7440945,
  29.301181 0.84645669 1.7440945,29.242126 0.84645669 1.7440945] }
 coordIndex [
  2,0,1,-1,2,3,0,-1]
  normalPerVertex TRUE
  normal DEF NORM_690 Normal { vector [
  0 0 1,0 0 1,
  0 0 1,0 0 1] }
}
}
DEF SHAPE_691 Shape {
 appearance USE APP_1
 geometry DEF FACE_691 IndexedFaceSet {
  coord DEF COORD_691 Coordinate { point [
  29.242126 0.84645669 1.7519685,29.301181 0.84645669 1.7519685,
  29.301181 0.84645669 1.7440945,29.242126 0.84645669 1.7440945] }
 coordIndex [
  2,1,0,-1,2,0,3,-1]
  normalPerVertex TRUE
  normal DEF NORM_691 Normal { vector [
  0 -1 0,0 -1 0,
  0 -1 0,0 -1 0] }
}
}
DEF SHAPE_692 Shape {
 appearance USE APP_1
 geometry DEF FACE_692 IndexedFaceSet {
  coord DEF COORD_692 Coordinate { point [
  29.301181 0.90023671 1.7519683,29.301181 0.84645669 1.7519685,
  29.242126 0.90023651 1.7519682,29.242126 0.84645669 1.7519685] }
 coordIndex [
  1,2,3,-1,0,2,1,-1]
  normalPerVertex TRUE
  normal DEF NORM_692 Normal { vector [
  -2.2524651e-06 3.5290749e-06 1,-1.2910676e-06 4.5847765e-06 1,
  -1.2910676e-06 4.5847765e-06 1,-3.2966667e-07 5.6404819e-06 1] }
}
}
DEF SHAPE_693 Shape {
 appearance USE APP_1
 geometry DEF FACE_693 IndexedFaceSet {
  coord DEF COORD_693 Coordinate { point [
  29.856299 0.77559055 1.515748,29.71063 0.77559055 1.515748,
  29.856299 0.79527559 1.515748,29.84252 0.79527559 1.515748,
  29.84252 0.90551181 1.515748,29.724409 0.90551181 1.515748,
  29.724409 0.79527559 1.515748,29.71063 0.79527559 1.515748] }
 coordIndex [
  0,3,2,-1,6,4,3,-1,6,5,4,-1,1,7,6,-1,1,3,0,-1,1,6,3,-1]
  normalPerVertex TRUE
  normal DEF NORM_693 Normal { vector [
  0 0 -1,0 0 -1,
  0 0 -1,0 0 -1,
  0 0 -1,0 0 -1,
  0 0 -1,0 0 -1] }
}
}
DEF SHAPE_694 Shape {
 appearance USE APP_1
 geometry DEF FACE_694 IndexedFaceSet {
  coord DEF COORD_694 Coordinate { point [
  29.71063 0.77559055 0.70866142,29.71063 0.77559055 1.515748,
  29.856299 0.77559055 1.515748,29.856299 0.77559055 0.70866142] }
 coordIndex [
  0,1,2,-1,0,2,3,-1]
  normalPerVertex TRUE
  normal DEF NORM_694 Normal { vector [
  0 1 0,0 1 0,
  0 1 0,0 1 0] }
}
}
DEF SHAPE_695 Shape {
 appearance USE APP_1
 geometry DEF FACE_695 IndexedFaceSet {
  coord DEF COORD_695 Coordinate { point [
  29.856299 0.77559055 0.70866142,29.856299 0.79527559 0.70866142,
  29.71063 0.79527559 0.70866142,29.71063 0.77559055 0.70866142] }
 coordIndex [
  1,2,3,-1,1,3,0,-1]
  normalPerVertex TRUE
  normal DEF NORM_695 Normal { vector [
  0 0 1,0 0 1,
  0 0 1,0 0 1] }
}
}
DEF SHAPE_696 Shape {
 appearance USE APP_1
 geometry DEF FACE_696 IndexedFaceSet {
  coord DEF COORD_696 Coordinate { point [
  29.71063 0.79527559 0.70866142,29.71063 0.77559055 0.70866142,
  29.71063 0.79527559 1.515748,29.71063 0.77559055 1.515748] }
 coordIndex [
  3,1,0,-1,3,0,2,-1]
  normalPerVertex TRUE
  normal DEF NORM_696 Normal { vector [
  1 0 0,1 0 0,
  1 0 0,1 0 0] }
}
}
DEF SHAPE_697 Shape {
 appearance USE APP_1
 geometry DEF FACE_697 IndexedFaceSet {
  coord DEF COORD_697 Coordinate { point [
  29.71063 0.79527559 0.70866142,29.71063 0.79527559 1.515748,
  29.724409 0.79527559 1.515748,29.724409 0.79527559 1.3582677,
  29.84252 0.79527559 1.3582677,29.84252 0.79527559 1.515748,
  29.856299 0.79527559 1.515748,29.856299 0.79527559 0.70866142,
  29.724409 0.79527559 1.003937,29.84252 0.79527559 1.003937,
  29.724409 0.79527559 0.84645669,29.84252 0.79527559 0.84645669] }
 coordIndex [
  11,0,7,-1,10,0,11,-1,4,8,9,-1,3,8,4,-1,5,4,6,-1,1,3,2,-1,0,3,1,-1,0,8,3,-1,
  0,10,8,-1,6,9,7,-1,9,11,7,-1,6,4,9,-1]
  normalPerVertex TRUE
  normal DEF NORM_697 Normal { vector [
  0 -1 0,0 -1 0,
  0 -1 0,0 -1 0,
  0 -1 0,0 -1 0,
  0 -1 0,0 -1 0,
  0 -1 0,0 -1 0,
  0 -1 0,0 -1 0] }
}
}
DEF SHAPE_698 Shape {
 appearance USE APP_1
 geometry DEF FACE_698 IndexedFaceSet {
  coord DEF COORD_698 Coordinate { point [
  29.724409 0.79527559 1.3582677,29.724409 0.90551181 1.3582677,
  29.724409 0.90551181 1.515748,29.724409 0.79527559 1.515748] }
 coordIndex [
  1,2,3,-1,1,3,0,-1]
  normalPerVertex TRUE
  normal DEF NORM_698 Normal { vector [
  1 0 0,1 0 0,
  1 0 0,1 0 0] }
}
}
DEF SHAPE_699 Shape {
 appearance USE APP_1
 geometry DEF FACE_699 IndexedFaceSet {
  coord DEF COORD_699 Coordinate { point [
  29.84252 0.79527559 1.3582677,29.84252 0.90551181 1.3582677,
  29.724409 0.90551181 1.3582677,29.724409 0.79527559 1.3582677] }
 coordIndex [
  0,2,3,-1,1,2,0,-1]
  normalPerVertex TRUE
  normal DEF NORM_699 Normal { vector [
  0 0 1,0 0 1,
  0 0 1,0 0 1] }
}
}
DEF SHAPE_700 Shape {
 appearance USE APP_1
 geometry DEF FACE_700 IndexedFaceSet {
  coord DEF COORD_700 Coordinate { point [
  29.84252 0.79527559 1.515748,29.84252 0.79527559 1.3582677,
  29.84252 0.90551181 1.3582677,29.84252 0.90551181 1.515748] }
 coordIndex [
  0,2,1,-1,0,3,2,-1]
  normalPerVertex TRUE
  normal DEF NORM_700 Normal { vector [
  -1 0 0,-1 0 0,
  -1 0 0,-1 0 0] }
}
}
DEF SHAPE_701 Shape {
 appearance USE APP_1
 geometry DEF FACE_701 IndexedFaceSet {
  coord DEF COORD_701 Coordinate { point [
  29.856299 0.77559055 1.515748,29.856299 0.77559055 0.70866142,
  29.856299 0.79527559 0.70866142,29.856299 0.79527559 1.515748] }
 coordIndex [
  2,1,0,-1,2,0,3,-1]
  normalPerVertex TRUE
  normal DEF NORM_701 Normal { vector [
  -1 0 0,-1 0 0,
  -1 0 0,-1 0 0] }
}
}
DEF SHAPE_702 Shape {
 appearance USE APP_1
 geometry DEF FACE_702 IndexedFaceSet {
  coord DEF COORD_702 Coordinate { point [
  29.724409 0.79527559 1.003937,29.84252 0.79527559 1.003937,
  29.84252 0.90551181 1.003937,29.724409 0.90551181 1.003937] }
 coordIndex [
  0,2,1,-1,0,3,2,-1]
  normalPerVertex TRUE
  normal DEF NORM_702 Normal { vector [
  0 0 -1,0 0 -1,
  0 0 -1,0 0 -1] }
}
}
DEF SHAPE_703 Shape {
 appearance USE APP_1
 geometry DEF FACE_703 IndexedFaceSet {
  coord DEF COORD_703 Coordinate { point [
  29.84252 0.79527559 1.003937,29.84252 0.79527559 0.84645669,
  29.84252 0.90551181 0.84645669,29.84252 0.90551181 1.003937] }
 coordIndex [
  0,2,1,-1,0,3,2,-1]
  normalPerVertex TRUE
  normal DEF NORM_703 Normal { vector [
  -1 0 0,-1 0 0,
  -1 0 0,-1 0 0] }
}
}
DEF SHAPE_704 Shape {
 appearance USE APP_1
 geometry DEF FACE_704 IndexedFaceSet {
  coord DEF COORD_704 Coordinate { point [
  29.84252 0.90551181 0.84645669,29.84252 0.79527559 0.84645669,
  29.724409 0.90551181 0.84645669,29.724409 0.79527559 0.84645669] }
 coordIndex [
  0,2,3,-1,0,3,1,-1]
  normalPerVertex TRUE
  normal DEF NORM_704 Normal { vector [
  0 0 1,0 0 1,
  0 0 1,0 0 1] }
}
}
DEF SHAPE_705 Shape {
 appearance USE APP_1
 geometry DEF FACE_705 IndexedFaceSet {
  coord DEF COORD_705 Coordinate { point [
  29.724409 0.90551181 0.84645669,29.724409 0.79527559 0.84645669,
  29.724409 0.90551181 1.003937,29.724409 0.79527559 1.003937] }
 coordIndex [
  0,2,3,-1,0,3,1,-1]
  normalPerVertex TRUE
  normal DEF NORM_705 Normal { vector [
  1 0 0,1 0 0,
  1 0 0,1 0 0] }
}
}
DEF SHAPE_706 Shape {
 appearance USE APP_1
 geometry DEF FACE_706 IndexedFaceSet {
  coord DEF COORD_706 Coordinate { point [
  29.586614 0.79527559 1.003937,29.586614 0.79527559 0.84645669,
  29.586614 0.90551181 0.84645669,29.586614 0.90551181 1.003937] }
 coordIndex [
  0,2,1,-1,0,3,2,-1]
  normalPerVertex TRUE
  normal DEF NORM_706 Normal { vector [
  -1 0 0,-1 0 0,
  -1 0 0,-1 0 0] }
}
}
DEF SHAPE_707 Shape {
 appearance USE APP_1
 geometry DEF FACE_707 IndexedFaceSet {
  coord DEF COORD_707 Coordinate { point [
  29.454724 0.79527559 0.70866142,29.454724 0.79527559 1.515748,
  29.468504 0.79527559 1.515748,29.468504 0.79527559 1.3582677,
  29.586614 0.79527559 1.3582677,29.586614 0.79527559 1.515748,
  29.600394 0.79527559 1.515748,29.600394 0.79527559 0.70866142,
  29.468504 0.79527559 0.84645669,29.468504 0.79527559 1.003937,
  29.586614 0.79527559 0.84645669,29.586614 0.79527559 1.003937] }
 coordIndex [
  10,0,7,-1,8,0,10,-1,4,9,11,-1,3,9,4,-1,5,4,6,-1,1,3,2,-1,0,3,1,-1,0,9,3,-1,
  0,8,9,-1,6,11,7,-1,11,10,7,-1,6,4,11,-1]
  normalPerVertex TRUE
  normal DEF NORM_707 Normal { vector [
  0 -1 0,0 -1 0,
  0 -1 0,0 -1 0,
  0 -1 0,0 -1 0,
  0 -1 0,0 -1 0,
  0 -1 0,0 -1 0,
  0 -1 0,0 -1 0] }
}
}
DEF SHAPE_708 Shape {
 appearance USE APP_1
 geometry DEF FACE_708 IndexedFaceSet {
  coord DEF COORD_708 Coordinate { point [
  29.454724 0.79527559 0.70866142,29.454724 0.77559055 0.70866142,
  29.454724 0.79527559 1.515748,29.454724 0.77559055 1.515748] }
 coordIndex [
  1,0,2,-1,1,2,3,-1]
  normalPerVertex TRUE
  normal DEF NORM_708 Normal { vector [
  1 0 0,1 0 0,
  1 0 0,1 0 0] }
}
}
DEF SHAPE_709 Shape {
 appearance USE APP_1
 geometry DEF FACE_709 IndexedFaceSet {
  coord DEF COORD_709 Coordinate { point [
  29.454724 0.77559055 1.515748,29.454724 0.77559055 0.70866142,
  29.600394 0.77559055 1.515748,29.600394 0.77559055 0.70866142] }
 coordIndex [
  1,0,2,-1,1,2,3,-1]
  normalPerVertex TRUE
  normal DEF NORM_709 Normal { vector [
  0 1 0,0 1 0,
  0 1 0,0 1 0] }
}
}
DEF SHAPE_710 Shape {
 appearance USE APP_1
 geometry DEF FACE_710 IndexedFaceSet {
  coord DEF COORD_710 Coordinate { point [
  29.600394 0.77559055 0.70866142,29.600394 0.79527559 0.70866142,
  29.454724 0.79527559 0.70866142,29.454724 0.77559055 0.70866142] }
 coordIndex [
  1,2,3,-1,1,3,0,-1]
  normalPerVertex TRUE
  normal DEF NORM_710 Normal { vector [
  0 0 1,0 0 1,
  0 0 1,0 0 1] }
}
}
DEF SHAPE_711 Shape {
 appearance USE APP_1
 geometry DEF FACE_711 IndexedFaceSet {
  coord DEF COORD_711 Coordinate { point [
  29.600394 0.77559055 0.70866142,29.600394 0.77559055 1.515748,
  29.600394 0.79527559 0.70866142,29.600394 0.79527559 1.515748] }
 coordIndex [
  2,0,1,-1,2,1,3,-1]
  normalPerVertex TRUE
  normal DEF NORM_711 Normal { vector [
  -1 0 0,-1 0 0,
  -1 0 0,-1 0 0] }
}
}
DEF SHAPE_712 Shape {
 appearance USE APP_1
 geometry DEF FACE_712 IndexedFaceSet {
  coord DEF COORD_712 Coordinate { point [
  29.454724 0.77559055 1.515748,29.600394 0.77559055 1.515748,
  29.600394 0.79527559 1.515748,29.586614 0.79527559 1.515748,
  29.586614 0.90551181 1.515748,29.468504 0.90551181 1.515748,
  29.468504 0.79527559 1.515748,29.454724 0.79527559 1.515748] }
 coordIndex [
  1,3,2,-1,6,4,3,-1,6,5,4,-1,0,7,6,-1,0,3,1,-1,0,6,3,-1]
  normalPerVertex TRUE
  normal DEF NORM_712 Normal { vector [
  0 0 -1,0 0 -1,
  0 0 -1,0 0 -1,
  0 0 -1,0 0 -1,
  0 0 -1,0 0 -1] }
}
}
DEF SHAPE_713 Shape {
 appearance USE APP_1
 geometry DEF FACE_713 IndexedFaceSet {
  coord DEF COORD_713 Coordinate { point [
  29.586614 0.79527559 1.515748,29.586614 0.79527559 1.3582677,
  29.586614 0.90551181 1.3582677,29.586614 0.90551181 1.515748] }
 coordIndex [
  0,2,1,-1,0,3,2,-1]
  normalPerVertex TRUE
  normal DEF NORM_713 Normal { vector [
  -1 0 0,-1 0 0,
  -1 0 0,-1 0 0] }
}
}
DEF SHAPE_714 Shape {
 appearance USE APP_1
 geometry DEF FACE_714 IndexedFaceSet {
  coord DEF COORD_714 Coordinate { point [
  29.586614 0.79527559 1.3582677,29.586614 0.90551181 1.3582677,
  29.468504 0.90551181 1.3582677,29.468504 0.79527559 1.3582677] }
 coordIndex [
  0,2,3,-1,1,2,0,-1]
  normalPerVertex TRUE
  normal DEF NORM_714 Normal { vector [
  0 0 1,0 0 1,
  0 0 1,0 0 1] }
}
}
DEF SHAPE_715 Shape {
 appearance USE APP_1
 geometry DEF FACE_715 IndexedFaceSet {
  coord DEF COORD_715 Coordinate { point [
  29.468504 0.79527559 1.3582677,29.468504 0.90551181 1.3582677,
  29.468504 0.90551181 1.515748,29.468504 0.79527559 1.515748] }
 coordIndex [
  1,2,3,-1,1,3,0,-1]
  normalPerVertex TRUE
  normal DEF NORM_715 Normal { vector [
  1 0 0,1 0 0,
  1 0 0,1 0 0] }
}
}
DEF SHAPE_716 Shape {
 appearance USE APP_1
 geometry DEF FACE_716 IndexedFaceSet {
  coord DEF COORD_716 Coordinate { point [
  29.468504 0.79527559 0.84645669,29.468504 0.90551181 0.84645669,
  29.468504 0.90551181 1.003937,29.468504 0.79527559 1.003937] }
 coordIndex [
  1,2,3,-1,1,3,0,-1]
  normalPerVertex TRUE
  normal DEF NORM_716 Normal { vector [
  1 0 0,1 0 0,
  1 0 0,1 0 0] }
}
}
DEF SHAPE_717 Shape {
 appearance USE APP_1
 geometry DEF FACE_717 IndexedFaceSet {
  coord DEF COORD_717 Coordinate { point [
  29.468504 0.79527559 1.003937,29.586614 0.79527559 1.003937,
  29.586614 0.90551181 1.003937,29.468504 0.90551181 1.003937] }
 coordIndex [
  0,2,1,-1,0,3,2,-1]
  normalPerVertex TRUE
  normal DEF NORM_717 Normal { vector [
  0 0 -1,0 0 -1,
  0 0 -1,0 0 -1] }
}
}
DEF SHAPE_718 Shape {
 appearance USE APP_1
 geometry DEF FACE_718 IndexedFaceSet {
  coord DEF COORD_718 Coordinate { point [
  29.586614 0.90551181 0.84645669,29.586614 0.79527559 0.84645669,
  29.468504 0.90551181 0.84645669,29.468504 0.79527559 0.84645669] }
 coordIndex [
  1,2,3,-1,0,2,1,-1]
  normalPerVertex TRUE
  normal DEF NORM_718 Normal { vector [
  0 0 1,0 0 1,
  0 0 1,0 0 1] }
}
}
DEF SHAPE_719 Shape {
 appearance USE APP_1
 geometry DEF FACE_719 IndexedFaceSet {
  coord DEF COORD_719 Coordinate { point [
  30.098425 0.90551181 0.84645669,30.098425 0.79527559 0.84645669,
  29.980315 0.90551181 0.84645669,29.980315 0.79527559 0.84645669] }
 coordIndex [
  1,2,3,-1,0,2,1,-1]
  normalPerVertex TRUE
  normal DEF NORM_719 Normal { vector [
  0 0 1,0 0 1,
  0 0 1,0 0 1] }
}
}
DEF SHAPE_720 Shape {
 appearance USE APP_1
 geometry DEF FACE_720 IndexedFaceSet {
  coord DEF COORD_720 Coordinate { point [
  29.966535 0.79527559 0.70866142,29.966535 0.79527559 1.515748,
  29.980315 0.79527559 1.515748,29.980315 0.79527559 1.3582677,
  30.098425 0.79527559 1.3582677,30.098425 0.79527559 1.515748,
  30.112205 0.79527559 1.515748,30.112205 0.79527559 0.70866142,
  29.980315 0.79527559 0.84645669,29.980315 0.79527559 1.003937,
  30.098425 0.79527559 0.84645669,30.098425 0.79527559 1.003937] }
 coordIndex [
  8,0,7,-1,8,7,10,-1,3,9,11,-1,3,11,4,-1,5,4,6,-1,1,3,2,-1,0,3,1,-1,0,9,3,-1,
  0,8,9,-1,6,10,7,-1,6,11,10,-1,6,4,11,-1]
  normalPerVertex TRUE
  normal DEF NORM_720 Normal { vector [
  0 -1 0,0 -1 0,
  0 -1 0,0 -1 0,
  0 -1 0,0 -1 0,
  0 -1 0,0 -1 0,
  0 -1 0,0 -1 0,
  0 -1 0,0 -1 0] }
}
}
DEF SHAPE_721 Shape {
 appearance USE APP_1
 geometry DEF FACE_721 IndexedFaceSet {
  coord DEF COORD_721 Coordinate { point [
  29.966535 0.79527559 0.70866142,29.966535 0.77559055 0.70866142,
  29.966535 0.79527559 1.515748,29.966535 0.77559055 1.515748] }
 coordIndex [
  3,1,0,-1,3,0,2,-1]
  normalPerVertex TRUE
  normal DEF NORM_721 Normal { vector [
  1 0 0,1 0 0,
  1 0 0,1 0 0] }
}
}
DEF SHAPE_722 Shape {
 appearance USE APP_1
 geometry DEF FACE_722 IndexedFaceSet {
  coord DEF COORD_722 Coordinate { point [
  29.966535 0.77559055 1.515748,29.966535 0.77559055 0.70866142,
  30.112205 0.77559055 1.515748,30.112205 0.77559055 0.70866142] }
 coordIndex [
  1,0,2,-1,1,2,3,-1]
  normalPerVertex TRUE
  normal DEF NORM_722 Normal { vector [
  0 1 0,0 1 0,
  0 1 0,0 1 0] }
}
}
DEF SHAPE_723 Shape {
 appearance USE APP_1
 geometry DEF FACE_723 IndexedFaceSet {
  coord DEF COORD_723 Coordinate { point [
  30.112205 0.79527559 0.70866142,30.112205 0.77559055 0.70866142,
  29.966535 0.79527559 0.70866142,29.966535 0.77559055 0.70866142] }
 coordIndex [
  0,2,3,-1,0,3,1,-1]
  normalPerVertex TRUE
  normal DEF NORM_723 Normal { vector [
  0 0 1,0 0 1,
  0 0 1,0 0 1] }
}
}
DEF SHAPE_724 Shape {
 appearance USE APP_1
 geometry DEF FACE_724 IndexedFaceSet {
  coord DEF COORD_724 Coordinate { point [
  30.112205 0.77559055 0.70866142,30.112205 0.77559055 1.515748,
  30.112205 0.79527559 0.70866142,30.112205 0.79527559 1.515748] }
 coordIndex [
  3,0,1,-1,3,2,0,-1]
  normalPerVertex TRUE
  normal DEF NORM_724 Normal { vector [
  -1 0 0,-1 0 0,
  -1 0 0,-1 0 0] }
}
}
DEF SHAPE_725 Shape {
 appearance USE APP_1
 geometry DEF FACE_725 IndexedFaceSet {
  coord DEF COORD_725 Coordinate { point [
  29.966535 0.77559055 1.515748,30.112205 0.77559055 1.515748,
  30.112205 0.79527559 1.515748,30.098425 0.79527559 1.515748,
  30.098425 0.90551181 1.515748,29.980315 0.90551181 1.515748,
  29.980315 0.79527559 1.515748,29.966535 0.79527559 1.515748] }
 coordIndex [
  1,3,2,-1,6,4,3,-1,6,5,4,-1,6,3,1,-1,0,7,6,-1,0,6,1,-1]
  normalPerVertex TRUE
  normal DEF NORM_725 Normal { vector [
  0 0 -1,0 0 -1,
  0 0 -1,0 0 -1,
  0 0 -1,0 0 -1,
  0 0 -1,0 0 -1] }
}
}
DEF SHAPE_726 Shape {
 appearance USE APP_1
 geometry DEF FACE_726 IndexedFaceSet {
  coord DEF COORD_726 Coordinate { point [
  30.098425 0.79527559 1.515748,30.098425 0.79527559 1.3582677,
  30.098425 0.90551181 1.3582677,30.098425 0.90551181 1.515748] }
 coordIndex [
  0,2,1,-1,0,3,2,-1]
  normalPerVertex TRUE
  normal DEF NORM_726 Normal { vector [
  -1 0 0,-1 0 0,
  -1 0 0,-1 0 0] }
}
}
DEF SHAPE_727 Shape {
 appearance USE APP_1
 geometry DEF FACE_727 IndexedFaceSet {
  coord DEF COORD_727 Coordinate { point [
  30.098425 0.79527559 1.3582677,30.098425 0.90551181 1.3582677,
  29.980315 0.90551181 1.3582677,29.980315 0.79527559 1.3582677] }
 coordIndex [
  1,2,3,-1,1,3,0,-1]
  normalPerVertex TRUE
  normal DEF NORM_727 Normal { vector [
  0 0 1,0 0 1,
  0 0 1,0 0 1] }
}
}
DEF SHAPE_728 Shape {
 appearance USE APP_1
 geometry DEF FACE_728 IndexedFaceSet {
  coord DEF COORD_728 Coordinate { point [
  29.980315 0.79527559 1.3582677,29.980315 0.90551181 1.3582677,
  29.980315 0.90551181 1.515748,29.980315 0.79527559 1.515748] }
 coordIndex [
  1,2,3,-1,1,3,0,-1]
  normalPerVertex TRUE
  normal DEF NORM_728 Normal { vector [
  1 0 0,1 0 0,
  1 0 0,1 0 0] }
}
}
DEF SHAPE_729 Shape {
 appearance USE APP_1
 geometry DEF FACE_729 IndexedFaceSet {
  coord DEF COORD_729 Coordinate { point [
  29.980315 0.79527559 0.84645669,29.980315 0.90551181 0.84645669,
  29.980315 0.90551181 1.003937,29.980315 0.79527559 1.003937] }
 coordIndex [
  1,2,3,-1,1,3,0,-1]
  normalPerVertex TRUE
  normal DEF NORM_729 Normal { vector [
  1 0 0,1 0 0,
  1 0 0,1 0 0] }
}
}
DEF SHAPE_730 Shape {
 appearance USE APP_1
 geometry DEF FACE_730 IndexedFaceSet {
  coord DEF COORD_730 Coordinate { point [
  29.980315 0.79527559 1.003937,30.098425 0.79527559 1.003937,
  30.098425 0.90551181 1.003937,29.980315 0.90551181 1.003937] }
 coordIndex [
  0,2,1,-1,0,3,2,-1]
  normalPerVertex TRUE
  normal DEF NORM_730 Normal { vector [
  0 0 -1,0 0 -1,
  0 0 -1,0 0 -1] }
}
}
DEF SHAPE_731 Shape {
 appearance USE APP_1
 geometry DEF FACE_731 IndexedFaceSet {
  coord DEF COORD_731 Coordinate { point [
  30.098425 0.79527559 1.003937,30.098425 0.79527559 0.84645669,
  30.098425 0.90551181 0.84645669,30.098425 0.90551181 1.003937] }
 coordIndex [
  0,2,1,-1,0,3,2,-1]
  normalPerVertex TRUE
  normal DEF NORM_731 Normal { vector [
  -1 0 0,-1 0 0,
  -1 0 0,-1 0 0] }
}
}
DEF SHAPE_732 Shape {
 appearance USE APP_1
 geometry DEF FACE_732 IndexedFaceSet {
  coord DEF COORD_732 Coordinate { point [
  29.198819 0.77559055 1.515748,29.344488 0.77559055 1.515748,
  29.344488 0.79527559 1.515748,29.330709 0.79527559 1.515748,
  29.330709 0.90551181 1.515748,29.212598 0.90551181 1.515748,
  29.212598 0.79527559 1.515748,29.198819 0.79527559 1.515748] }
 coordIndex [
  1,3,2,-1,6,4,3,-1,6,5,4,-1,0,7,6,-1,0,3,1,-1,0,6,3,-1]
  normalPerVertex TRUE
  normal DEF NORM_732 Normal { vector [
  0 0 -1,0 0 -1,
  0 0 -1,0 0 -1,
  0 0 -1,0 0 -1,
  0 0 -1,0 0 -1] }
}
}
DEF SHAPE_733 Shape {
 appearance USE APP_1
 geometry DEF FACE_733 IndexedFaceSet {
  coord DEF COORD_733 Coordinate { point [
  29.198819 0.77559055 1.515748,29.198819 0.77559055 0.70866142,
  29.344488 0.77559055 1.515748,29.344488 0.77559055 0.70866142] }
 coordIndex [
  1,0,2,-1,1,2,3,-1]
  normalPerVertex TRUE
  normal DEF NORM_733 Normal { vector [
  0 1 0,0 1 0,
  0 1 0,0 1 0] }
}
}
DEF SHAPE_734 Shape {
 appearance USE APP_1
 geometry DEF FACE_734 IndexedFaceSet {
  coord DEF COORD_734 Coordinate { point [
  29.344488 0.77559055 0.70866142,29.344488 0.79527559 0.70866142,
  29.198819 0.79527559 0.70866142,29.198819 0.77559055 0.70866142] }
 coordIndex [
  1,2,3,-1,1,3,0,-1]
  normalPerVertex TRUE
  normal DEF NORM_734 Normal { vector [
  0 0 1,0 0 1,
  0 0 1,0 0 1] }
}
}
DEF SHAPE_735 Shape {
 appearance USE APP_1
 geometry DEF FACE_735 IndexedFaceSet {
  coord DEF COORD_735 Coordinate { point [
  29.198819 0.79527559 0.70866142,29.198819 0.77559055 0.70866142,
  29.198819 0.79527559 1.515748,29.198819 0.77559055 1.515748] }
 coordIndex [
  3,1,0,-1,3,0,2,-1]
  normalPerVertex TRUE
  normal DEF NORM_735 Normal { vector [
  1 0 0,1 0 0,
  1 0 0,1 0 0] }
}
}
DEF SHAPE_736 Shape {
 appearance USE APP_1
 geometry DEF FACE_736 IndexedFaceSet {
  coord DEF COORD_736 Coordinate { point [
  29.344488 0.79527559 1.515748,29.344488 0.79527559 0.70866142,
  29.198819 0.79527559 0.70866142,29.198819 0.79527559 1.515748,
  29.212598 0.79527559 1.515748,29.212598 0.79527559 1.3582677,
  29.330709 0.79527559 1.3582677,29.330709 0.79527559 1.515748,
  29.330709 0.79527559 1.003937,29.330709 0.79527559 0.84645669,
  29.212598 0.79527559 1.003937,29.212598 0.79527559 0.84645669] }
 coordIndex [
  11,2,1,-1,11,1,9,-1,5,10,8,-1,5,8,6,-1,7,6,0,-1,3,5,4,-1,0,9,1,-1,0,8,9,-1,
  0,6,8,-1,2,5,3,-1,2,10,5,-1,2,11,10,-1]
  normalPerVertex TRUE
  normal DEF NORM_736 Normal { vector [
  0 -1 0,0 -1 0,
  0 -1 0,0 -1 0,
  0 -1 0,0 -1 0,
  0 -1 0,0 -1 0,
  0 -1 0,0 -1 0,
  0 -1 0,0 -1 0] }
}
}
DEF SHAPE_737 Shape {
 appearance USE APP_1
 geometry DEF FACE_737 IndexedFaceSet {
  coord DEF COORD_737 Coordinate { point [
  29.344488 0.77559055 0.70866142,29.344488 0.77559055 1.515748,
  29.344488 0.79527559 0.70866142,29.344488 0.79527559 1.515748] }
 coordIndex [
  2,0,1,-1,2,1,3,-1]
  normalPerVertex TRUE
  normal DEF NORM_737 Normal { vector [
  -1 0 0,-1 0 0,
  -1 0 0,-1 0 0] }
}
}
DEF SHAPE_738 Shape {
 appearance USE APP_1
 geometry DEF FACE_738 IndexedFaceSet {
  coord DEF COORD_738 Coordinate { point [
  29.212598 0.79527559 1.3582677,29.212598 0.90551181 1.3582677,
  29.212598 0.90551181 1.515748,29.212598 0.79527559 1.515748] }
 coordIndex [
  1,2,3,-1,1,3,0,-1]
  normalPerVertex TRUE
  normal DEF NORM_738 Normal { vector [
  1 0 0,1 0 0,
  1 0 0,1 0 0] }
}
}
DEF SHAPE_739 Shape {
 appearance USE APP_1
 geometry DEF FACE_739 IndexedFaceSet {
  coord DEF COORD_739 Coordinate { point [
  29.330709 0.79527559 1.3582677,29.330709 0.90551181 1.3582677,
  29.212598 0.90551181 1.3582677,29.212598 0.79527559 1.3582677] }
 coordIndex [
  1,2,3,-1,1,3,0,-1]
  normalPerVertex TRUE
  normal DEF NORM_739 Normal { vector [
  0 0 1,0 0 1,
  0 0 1,0 0 1] }
}
}
DEF SHAPE_740 Shape {
 appearance USE APP_1
 geometry DEF FACE_740 IndexedFaceSet {
  coord DEF COORD_740 Coordinate { point [
  29.330709 0.79527559 1.515748,29.330709 0.79527559 1.3582677,
  29.330709 0.90551181 1.3582677,29.330709 0.90551181 1.515748] }
 coordIndex [
  0,2,1,-1,0,3,2,-1]
  normalPerVertex TRUE
  normal DEF NORM_740 Normal { vector [
  -1 0 0,-1 0 0,
  -1 0 0,-1 0 0] }
}
}
DEF SHAPE_741 Shape {
 appearance USE APP_1
 geometry DEF FACE_741 IndexedFaceSet {
  coord DEF COORD_741 Coordinate { point [
  29.330709 0.79527559 1.003937,29.330709 0.79527559 0.84645669,
  29.330709 0.90551181 0.84645669,29.330709 0.90551181 1.003937] }
 coordIndex [
  0,2,1,-1,0,3,2,-1]
  normalPerVertex TRUE
  normal DEF NORM_741 Normal { vector [
  -1 0 0,-1 0 0,
  -1 0 0,-1 0 0] }
}
}
DEF SHAPE_742 Shape {
 appearance USE APP_1
 geometry DEF FACE_742 IndexedFaceSet {
  coord DEF COORD_742 Coordinate { point [
  29.330709 0.90551181 0.84645669,29.330709 0.79527559 0.84645669,
  29.212598 0.90551181 0.84645669,29.212598 0.79527559 0.84645669] }
 coordIndex [
  0,2,3,-1,0,3,1,-1]
  normalPerVertex TRUE
  normal DEF NORM_742 Normal { vector [
  0 0 1,0 0 1,
  0 0 1,0 0 1] }
}
}
DEF SHAPE_743 Shape {
 appearance USE APP_1
 geometry DEF FACE_743 IndexedFaceSet {
  coord DEF COORD_743 Coordinate { point [
  29.212598 0.90551181 0.84645669,29.212598 0.79527559 0.84645669,
  29.212598 0.90551181 1.003937,29.212598 0.79527559 1.003937] }
 coordIndex [
  0,2,3,-1,0,3,1,-1]
  normalPerVertex TRUE
  normal DEF NORM_743 Normal { vector [
  1 0 0,1 0 0,
  1 0 0,1 0 0] }
}
}
DEF SHAPE_744 Shape {
 appearance USE APP_1
 geometry DEF FACE_744 IndexedFaceSet {
  coord DEF COORD_744 Coordinate { point [
  29.212598 0.79527559 1.003937,29.330709 0.79527559 1.003937,
  29.330709 0.90551181 1.003937,29.212598 0.90551181 1.003937] }
 coordIndex [
  0,2,1,-1,0,3,2,-1]
  normalPerVertex TRUE
  normal DEF NORM_744 Normal { vector [
  0 0 -1,0 0 -1,
  0 0 -1,0 0 -1] }
}
}
DEF SHAPE_745 Shape {
 appearance USE APP_1
 geometry DEF FACE_745 IndexedFaceSet {
  coord DEF COORD_745 Coordinate { point [
  28.942913 0.77559055 1.515748,29.088583 0.77559055 1.515748,
  29.088583 0.79527559 1.515748,29.074803 0.79527559 1.515748,
  29.074803 0.90551181 1.515748,28.956693 0.90551181 1.515748,
  28.956693 0.79527559 1.515748,28.942913 0.79527559 1.515748] }
 coordIndex [
  1,3,2,-1,6,4,3,-1,6,5,4,-1,0,7,6,-1,0,3,1,-1,0,6,3,-1]
  normalPerVertex TRUE
  normal DEF NORM_745 Normal { vector [
  0 0 -1,0 0 -1,
  0 0 -1,0 0 -1,
  0 0 -1,0 0 -1,
  0 0 -1,0 0 -1] }
}
}
DEF SHAPE_746 Shape {
 appearance USE APP_1
 geometry DEF FACE_746 IndexedFaceSet {
  coord DEF COORD_746 Coordinate { point [
  28.942913 0.77559055 1.515748,28.942913 0.77559055 0.70866142,
  29.088583 0.77559055 1.515748,29.088583 0.77559055 0.70866142] }
 coordIndex [
  1,0,2,-1,1,2,3,-1]
  normalPerVertex TRUE
  normal DEF NORM_746 Normal { vector [
  0 1 0,0 1 0,
  0 1 0,0 1 0] }
}
}
DEF SHAPE_747 Shape {
 appearance USE APP_1
 geometry DEF FACE_747 IndexedFaceSet {
  coord DEF COORD_747 Coordinate { point [
  29.088583 0.79527559 0.70866142,29.088583 0.77559055 0.70866142,
  28.942913 0.79527559 0.70866142,28.942913 0.77559055 0.70866142] }
 coordIndex [
  0,2,3,-1,0,3,1,-1]
  normalPerVertex TRUE
  normal DEF NORM_747 Normal { vector [
  0 0 1,0 0 1,
  0 0 1,0 0 1] }
}
}
DEF SHAPE_748 Shape {
 appearance USE APP_1
 geometry DEF FACE_748 IndexedFaceSet {
  coord DEF COORD_748 Coordinate { point [
  28.942913 0.77559055 0.70866142,28.942913 0.79527559 0.70866142,
  28.942913 0.79527559 1.515748,28.942913 0.77559055 1.515748] }
 coordIndex [
  0,1,2,-1,0,2,3,-1]
  normalPerVertex TRUE
  normal DEF NORM_748 Normal { vector [
  1 0 0,1 0 0,
  1 0 0,1 0 0] }
}
}
DEF SHAPE_749 Shape {
 appearance USE APP_1
 geometry DEF FACE_749 IndexedFaceSet {
  coord DEF COORD_749 Coordinate { point [
  28.942913 0.79527559 0.70866142,28.942913 0.79527559 1.515748,
  28.956693 0.79527559 1.515748,28.956693 0.79527559 1.3582677,
  29.074803 0.79527559 1.3582677,29.074803 0.79527559 1.515748,
  29.088583 0.79527559 1.515748,29.088583 0.79527559 0.70866142,
  29.074803 0.79527559 0.84645669,28.956693 0.79527559 0.84645669,
  29.074803 0.79527559 1.003937,28.956693 0.79527559 1.003937] }
 coordIndex [
  9,0,7,-1,9,7,8,-1,3,11,10,-1,3,10,4,-1,5,4,6,-1,1,3,2,-1,0,11,1,-1,11,3,1,-1,
  0,9,11,-1,6,8,7,-1,6,10,8,-1,6,4,10,-1]
  normalPerVertex TRUE
  normal DEF NORM_749 Normal { vector [
  0 -1 0,0 -1 0,
  0 -1 0,0 -1 0,
  0 -1 0,0 -1 0,
  0 -1 0,0 -1 0,
  0 -1 0,0 -1 0,
  0 -1 0,0 -1 0] }
}
}
DEF SHAPE_750 Shape {
 appearance USE APP_1
 geometry DEF FACE_750 IndexedFaceSet {
  coord DEF COORD_750 Coordinate { point [
  28.956693 0.79527559 1.3582677,28.956693 0.90551181 1.3582677,
  28.956693 0.90551181 1.515748,28.956693 0.79527559 1.515748] }
 coordIndex [
  1,2,3,-1,1,3,0,-1]
  normalPerVertex TRUE
  normal DEF NORM_750 Normal { vector [
  1 0 0,1 0 0,
  1 0 0,1 0 0] }
}
}
DEF SHAPE_751 Shape {
 appearance USE APP_1
 geometry DEF FACE_751 IndexedFaceSet {
  coord DEF COORD_751 Coordinate { point [
  29.074803 0.90551181 1.3582677,29.074803 0.79527559 1.3582677,
  28.956693 0.90551181 1.3582677,28.956693 0.79527559 1.3582677] }
 coordIndex [
  0,2,3,-1,0,3,1,-1]
  normalPerVertex TRUE
  normal DEF NORM_751 Normal { vector [
  0 0 1,0 0 1,
  0 0 1,0 0 1] }
}
}
DEF SHAPE_752 Shape {
 appearance USE APP_1
 geometry DEF FACE_752 IndexedFaceSet {
  coord DEF COORD_752 Coordinate { point [
  29.074803 0.79527559 1.515748,29.074803 0.79527559 1.3582677,
  29.074803 0.90551181 1.3582677,29.074803 0.90551181 1.515748] }
 coordIndex [
  0,2,1,-1,0,3,2,-1]
  normalPerVertex TRUE
  normal DEF NORM_752 Normal { vector [
  -1 0 0,-1 0 0,
  -1 0 0,-1 0 0] }
}
}
DEF SHAPE_753 Shape {
 appearance USE APP_1
 geometry DEF FACE_753 IndexedFaceSet {
  coord DEF COORD_753 Coordinate { point [
  29.088583 0.77559055 0.70866142,29.088583 0.77559055 1.515748,
  29.088583 0.79527559 0.70866142,29.088583 0.79527559 1.515748] }
 coordIndex [
  3,0,1,-1,3,2,0,-1]
  normalPerVertex TRUE
  normal DEF NORM_753 Normal { vector [
  -1 0 0,-1 0 0,
  -1 0 0,-1 0 0] }
}
}
DEF SHAPE_754 Shape {
 appearance USE APP_1
 geometry DEF FACE_754 IndexedFaceSet {
  coord DEF COORD_754 Coordinate { point [
  29.074803 0.90551181 0.84645669,29.074803 0.79527559 0.84645669,
  28.956693 0.90551181 0.84645669,28.956693 0.79527559 0.84645669] }
 coordIndex [
  0,2,3,-1,0,3,1,-1]
  normalPerVertex TRUE
  normal DEF NORM_754 Normal { vector [
  0 0 1,0 0 1,
  0 0 1,0 0 1] }
}
}
DEF SHAPE_755 Shape {
 appearance USE APP_1
 geometry DEF FACE_755 IndexedFaceSet {
  coord DEF COORD_755 Coordinate { point [
  28.956693 0.90551181 0.84645669,28.956693 0.79527559 0.84645669,
  28.956693 0.90551181 1.003937,28.956693 0.79527559 1.003937] }
 coordIndex [
  0,2,3,-1,0,3,1,-1]
  normalPerVertex TRUE
  normal DEF NORM_755 Normal { vector [
  1 0 0,1 0 0,
  1 0 0,1 0 0] }
}
}
DEF SHAPE_756 Shape {
 appearance USE APP_1
 geometry DEF FACE_756 IndexedFaceSet {
  coord DEF COORD_756 Coordinate { point [
  28.956693 0.79527559 1.003937,29.074803 0.79527559 1.003937,
  29.074803 0.90551181 1.003937,28.956693 0.90551181 1.003937] }
 coordIndex [
  0,2,1,-1,0,3,2,-1]
  normalPerVertex TRUE
  normal DEF NORM_756 Normal { vector [
  0 0 -1,0 0 -1,
  0 0 -1,0 0 -1] }
}
}
DEF SHAPE_757 Shape {
 appearance USE APP_1
 geometry DEF FACE_757 IndexedFaceSet {
  coord DEF COORD_757 Coordinate { point [
  29.074803 0.79527559 1.003937,29.074803 0.79527559 0.84645669,
  29.074803 0.90551181 0.84645669,29.074803 0.90551181 1.003937] }
 coordIndex [
  0,2,1,-1,0,3,2,-1]
  normalPerVertex TRUE
  normal DEF NORM_757 Normal { vector [
  -1 0 0,-1 0 0,
  -1 0 0,-1 0 0] }
}
}
DEF SHAPE_758 Shape {
 appearance USE APP_1
 geometry DEF FACE_758 IndexedFaceSet {
  coord DEF COORD_758 Coordinate { point [
  30.045276 0.79724409 1.7519685,30.045276 0.80708661 1.7440945,
  29.986218 0.80708661 1.7440945,29.986219 0.79724409 1.7519685] }
 coordIndex [
  3,0,1,-1,2,3,1,-1]
  normalPerVertex TRUE
  normal DEF NORM_758 Normal { vector [
  0 0.62469505 0.78086881,0 0.62469505 0.78086881,
  0 0.62469505 0.78086881,0 0.62469505 0.78086881] }
}
}
DEF SHAPE_759 Shape {
 appearance USE APP_1
 geometry DEF FACE_759 IndexedFaceSet {
  coord DEF COORD_759 Coordinate { point [
  30.045276 0.80708661 1.7440945,29.986218 0.80708661 1.7440945,
  30.045276 0.84645669 1.7440945,29.986218 0.84645669 1.7440945] }
 coordIndex [
  2,1,0,-1,2,3,1,-1]
  normalPerVertex TRUE
  normal DEF NORM_759 Normal { vector [
  0 0 1,0 0 1,
  0 0 1,0 0 1] }
}
}
DEF SHAPE_760 Shape {
 appearance USE APP_1
 geometry DEF FACE_760 IndexedFaceSet {
  coord DEF COORD_760 Coordinate { point [
  30.045276 0.84645669 1.7519685,29.986219 0.84645669 1.7519685,
  30.045276 0.84645669 1.7440945,29.986218 0.84645669 1.7440945] }
 coordIndex [
  2,0,1,-1,2,1,3,-1]
  normalPerVertex TRUE
  normal DEF NORM_760 Normal { vector [
  0 -1 0,0 -1 0,
  0 -1 0,0 -1 0] }
}
}
DEF SHAPE_761 Shape {
 appearance USE APP_1
 geometry DEF FACE_761 IndexedFaceSet {
  coord DEF COORD_761 Coordinate { point [
  30.045276 0.90023671 1.7519683,30.045276 0.84645669 1.7519685,
  29.98622 0.90023652 1.7519682,29.986219 0.84645669 1.7519685] }
 coordIndex [
  1,2,3,-1,0,2,1,-1]
  normalPerVertex TRUE
  normal DEF NORM_761 Normal { vector [
  -2.5545029e-06 3.5290749e-06 1,-1.4420732e-06 4.7506305e-06 1,
  -1.4420732e-06 4.7506305e-06 1,-3.29659e-07 5.972169e-06 1] }
}
}
] }
] }
] }
